user_id,name,email,gender,age,city,country,signup_date
1,Vihaan Kim,user1@streamflix-mail.com,Male,65,Pune,India,2022-10-16
2,Wei Rossi,user2@streamflix-mail.com,Male,42,Kolkata,India,2020-01-10
3,Ethan Park,user3@streamflix-mail.com,Female,48,Seoul,South Korea,2021-09-02
4,Navya Lee,user4@streamflix-mail.com,Male,33,Bengaluru,India,2024-12-28
5,Navya Miller,user5@streamflix-mail.com,Male,63,Bengaluru,India,2023-07-24
6,Min Singh,user6@streamflix-mail.com,Female,17,Kolkata,India,2026-05-29
7,Vihaan Patel,user7@streamflix-mail.com,Female,28,Toronto,Canada,2024-10-24
8,Sophia Li,user8@streamflix-mail.com,Female,69,Tokyo,Japan,2021-09-13
9,Krishna Gupta,user9@streamflix-mail.com,Female,40,Manchester,United Kingdom,2024-09-30
10,Vihaan Gupta,user10@streamflix-mail.com,Female,22,Chicago,United States,2025-06-27
11,Emma Johnson,user11@streamflix-mail.com,Female,36,Seoul,South Korea,2023-09-24
12,Valentina Silva,user12@streamflix-mail.com,Female,27,Hyderabad,India,2024-09-18
13,Mia Park,user13@streamflix-mail.com,Male,42,Berlin,Germany,2022-10-10
14,Wei Lee,user14@streamflix-mail.com,Female,26,Kolkata,India,2025-10-31
15,Lucas Wilson,user15@streamflix-mail.com,Male,35,Chennai,India,2020-10-12
16,Yuki Reddy,user16@streamflix-mail.com,Male,64,Paris,France,2022-03-07
17,James Rao,user17@streamflix-mail.com,Male,17,Toronto,Canada,2020-11-26
18,Sai Gupta,user18@streamflix-mail.com,Female,56,Los Angeles,United States,2019-10-05
19,Hana Li,user19@streamflix-mail.com,Female,17,Kolkata,India,2023-08-14
20,Kiara Li,user20@streamflix-mail.com,Female,39,Los Angeles,United States,2019-11-21
21,James Singh,user21@streamflix-mail.com,Other,51,Dubai,United Arab Emirates,2020-09-11
22,Sara Patel,user22@streamflix-mail.com,Female,67,Hyderabad,India,2024-09-20
23,Ayaan Rao,user23@streamflix-mail.com,Male,27,Hyderabad,India,2020-10-21
24,Lucia Dubois,user24@streamflix-mail.com,Female,16,Kolkata,India,2025-06-21
25,Yuki Miller,user25@streamflix-mail.com,Female,55,Chicago,United States,2019-05-15
26,Ava Li,user26@streamflix-mail.com,Female,63,Tokyo,Japan,2022-06-05
27,Anika Garcia,user27@streamflix-mail.com,Male,45,Pune,India,2019-07-03
28,Chen Zhang,user28@streamflix-mail.com,Male,16,Dubai,United Arab Emirates,2019-06-13
29,Emma Davis,user29@streamflix-mail.com,Female,41,Berlin,Germany,2024-12-05
30,Navya Patel,user30@streamflix-mail.com,Male,35,Los Angeles,United States,2019-07-02
31,Kiara Dubois,user31@streamflix-mail.com,Male,38,Paris,France,2025-09-09
32,Ishaan Wang,user32@streamflix-mail.com,Male,16,Seoul,South Korea,2023-06-27
33,Vihaan Silva,user33@streamflix-mail.com,Male,31,Dubai,United Arab Emirates,2022-08-14
34,Liam Kowalski,user34@streamflix-mail.com,Male,69,New York,United States,2025-11-20
35,Jin Singh,user35@streamflix-mail.com,Other,15,Kolkata,India,2021-11-27
36,Aditya Gupta,user36@streamflix-mail.com,Female,65,Seoul,South Korea,2021-12-30
37,Min Lee,user37@streamflix-mail.com,Female,42,Los Angeles,United States,2022-01-27
38,Hana Rao,user38@streamflix-mail.com,Male,46,Mumbai,India,2023-11-17
39,Diya Garcia,user39@streamflix-mail.com,Male,66,Singapore,Singapore,2025-05-08
40,Ava Singh,user40@streamflix-mail.com,Male,25,Kolkata,India,2023-01-24
41,Reyansh Johnson,user41@streamflix-mail.com,Male,69,Berlin,Germany,2021-02-08
42,Wei Johnson,user42@streamflix-mail.com,Male,28,Seoul,South Korea,2025-09-02
43,Lucas Smith,user43@streamflix-mail.com,Female,32,Bengaluru,India,2023-06-28
44,Sara Li,user44@streamflix-mail.com,Other,38,Berlin,Germany,2025-03-29
45,Aditya Lee,user45@streamflix-mail.com,Female,47,Berlin,Germany,2022-03-29
46,Mateo Miller,user46@streamflix-mail.com,Male,31,Dubai,United Arab Emirates,2020-06-29
47,Navya Reddy,user47@streamflix-mail.com,Male,58,Chennai,India,2026-01-30
48,Jin Lee,user48@streamflix-mail.com,Male,14,Sydney,Australia,2024-01-30
49,Sophia Nair,user49@streamflix-mail.com,Male,50,Seoul,South Korea,2021-04-22
50,Yuki Rao,user50@streamflix-mail.com,Female,50,Tokyo,Japan,2025-05-09
51,Wei Brown,user51@streamflix-mail.com,Male,43,Los Angeles,United States,2019-01-25
52,Ayaan Iyer,user52@streamflix-mail.com,Female,47,Singapore,Singapore,2025-12-22
53,Sara Johnson,user53@streamflix-mail.com,Female,55,New York,United States,2023-05-04
54,Kiara Patel,user54@streamflix-mail.com,Male,64,Chennai,India,2023-06-04
55,Aarohi Muller,user55@streamflix-mail.com,Male,25,Sydney,Australia,2019-02-06
56,Vivaan Muller,user56@streamflix-mail.com,Male,40,Chicago,United States,2020-04-26
57,Emma Sharma,user57@streamflix-mail.com,Male,45,Pune,India,2024-05-27
58,Reyansh Kim,user58@streamflix-mail.com,Female,32,Sydney,Australia,2023-03-09
59,Mia Park,user59@streamflix-mail.com,Female,68,Kolkata,India,2019-12-16
60,Sophia Johnson,user60@streamflix-mail.com,Female,42,Manchester,United Kingdom,2023-12-29
61,Sofia Miller,user61@streamflix-mail.com,Female,46,New York,United States,2024-08-05
62,Mia Silva,user62@streamflix-mail.com,Male,24,Seoul,South Korea,2021-01-16
63,Sara Johnson,user63@streamflix-mail.com,Male,36,Seoul,South Korea,2024-03-02
64,Mateo Verma,user64@streamflix-mail.com,Male,48,Chicago,United States,2026-04-18
65,Anika Johnson,user65@streamflix-mail.com,Male,37,Singapore,Singapore,2022-08-13
66,Myra Singh,user66@streamflix-mail.com,Female,56,Hyderabad,India,2020-09-19
67,Sofia Johnson,user67@streamflix-mail.com,Female,20,Paris,France,2026-03-18
68,Sara Khan,user68@streamflix-mail.com,Male,21,Pune,India,2025-10-31
69,Vihaan Iyer,user69@streamflix-mail.com,Male,32,Seoul,South Korea,2022-06-04
70,Kiara Tanaka,user70@streamflix-mail.com,Male,31,Tokyo,Japan,2022-03-10
71,Yuki Reddy,user71@streamflix-mail.com,Female,59,Hyderabad,India,2025-04-02
72,Ayaan Wang,user72@streamflix-mail.com,Male,62,Mumbai,India,2019-01-02
73,Kiara Wang,user73@streamflix-mail.com,Male,39,Singapore,Singapore,2021-05-05
74,Sai Kim,user74@streamflix-mail.com,Male,41,Seoul,South Korea,2023-01-27
75,Sophia Andersen,user75@streamflix-mail.com,Female,29,Singapore,Singapore,2023-11-26
76,Aarohi Sharma,user76@streamflix-mail.com,Female,43,Delhi,India,2023-09-17
77,Myra Rao,user77@streamflix-mail.com,Female,53,Toronto,Canada,2021-10-11
78,Ishaan Nair,user78@streamflix-mail.com,Male,54,New York,United States,2025-07-08
79,Liam Lee,user79@streamflix-mail.com,Male,68,Berlin,Germany,2023-11-14
80,Ethan Park,user80@streamflix-mail.com,Female,45,Tokyo,Japan,2023-01-20
81,Lucia Dubois,user81@streamflix-mail.com,Male,32,Dubai,United Arab Emirates,2026-01-14
82,Navya Johnson,user82@streamflix-mail.com,Male,16,Los Angeles,United States,2019-09-15
83,Reyansh Singh,user83@streamflix-mail.com,Female,52,Kolkata,India,2024-04-27
84,Hana Andersen,user84@streamflix-mail.com,Male,58,Tokyo,Japan,2025-12-12
85,Ava Zhang,user85@streamflix-mail.com,Male,44,Bengaluru,India,2023-12-18
86,Lucas Li,user86@streamflix-mail.com,Female,65,Bengaluru,India,2023-03-28
87,Vihaan Garcia,user87@streamflix-mail.com,Female,31,Delhi,India,2021-09-24
88,Aadhya Garcia,user88@streamflix-mail.com,Male,16,London,United Kingdom,2021-01-13
89,Wei Johnson,user89@streamflix-mail.com,Male,49,Delhi,India,2023-02-03
90,Hana Li,user90@streamflix-mail.com,Female,19,Manchester,United Kingdom,2025-09-27
91,Navya Khan,user91@streamflix-mail.com,Male,17,Hyderabad,India,2022-06-19
92,Chen Tanaka,user92@streamflix-mail.com,Male,53,Seoul,South Korea,2019-11-28
93,Hana Nair,user93@streamflix-mail.com,Female,37,Los Angeles,United States,2022-08-17
94,Ira Garcia,user94@streamflix-mail.com,Female,47,Delhi,India,2019-09-24
95,Jin Rao,user95@streamflix-mail.com,Other,55,Sydney,Australia,2026-01-07
96,Diya Park,user96@streamflix-mail.com,Male,34,Kolkata,India,2023-01-04
97,Ishaan Zhang,user97@streamflix-mail.com,Male,47,Chennai,India,2020-08-08
98,Sophia Andersen,user98@streamflix-mail.com,Female,43,Sydney,Australia,2023-09-07
99,Ava Silva,user99@streamflix-mail.com,Female,46,Paris,France,2023-01-12
100,Sai Singh,user100@streamflix-mail.com,Male,53,Paris,France,2022-10-31
101,Hana Khan,user101@streamflix-mail.com,Female,34,Los Angeles,United States,2023-06-09
102,Ayaan Dubois,user102@streamflix-mail.com,Male,41,Tokyo,Japan,2025-12-18
103,Chen Miller,user103@streamflix-mail.com,Female,46,Pune,India,2025-06-01
104,Aarav Gupta,user104@streamflix-mail.com,Female,20,Tokyo,Japan,2020-12-20
105,Yuki Rossi,user105@streamflix-mail.com,Male,25,Berlin,Germany,2020-10-18
106,Yuki Park,user106@streamflix-mail.com,Other,18,London,United Kingdom,2026-06-04
107,Yuki Sharma,user107@streamflix-mail.com,Other,24,London,United Kingdom,2023-11-01
108,Ethan Silva,user108@streamflix-mail.com,Male,38,Manchester,United Kingdom,2019-02-22
109,Kiara Kim,user109@streamflix-mail.com,Male,66,Delhi,India,2022-12-21
110,Lucas Kim,user110@streamflix-mail.com,Female,65,Seoul,South Korea,2019-11-21
111,Diya Muller,user111@streamflix-mail.com,Male,56,Singapore,Singapore,2019-03-23
112,Yuki Miller,user112@streamflix-mail.com,Male,44,Seoul,South Korea,2020-05-23
113,Liam Garcia,user113@streamflix-mail.com,Male,24,Bengaluru,India,2020-11-28
114,Kiara Kim,user114@streamflix-mail.com,Female,33,Tokyo,Japan,2019-08-06
115,James Nair,user115@streamflix-mail.com,Male,56,New York,United States,2025-04-06
116,Liam Iyer,user116@streamflix-mail.com,Female,64,Tokyo,Japan,2022-04-14
117,Vivaan Muller,user117@streamflix-mail.com,Male,67,Paris,France,2023-02-20
118,Sai Khan,user118@streamflix-mail.com,Male,35,Seoul,South Korea,2025-06-27
119,Ishaan Davis,user119@streamflix-mail.com,Female,40,Berlin,Germany,2025-04-11
120,Arjun Patel,user120@streamflix-mail.com,Male,42,Bengaluru,India,2025-02-25
121,Navya Khan,user121@streamflix-mail.com,Male,16,Kolkata,India,2020-06-21
122,Ethan Lee,user122@streamflix-mail.com,Male,19,Chennai,India,2024-08-01
123,Ethan Rossi,user123@streamflix-mail.com,Female,15,London,United Kingdom,2026-06-19
124,Kiara Garcia,user124@streamflix-mail.com,Male,55,Paris,France,2019-01-21
125,Min Iyer,user125@streamflix-mail.com,Male,25,Sydney,Australia,2025-07-04
126,Liam Singh,user126@streamflix-mail.com,Male,52,London,United Kingdom,2025-06-28
127,Vihaan Iyer,user127@streamflix-mail.com,Male,34,Tokyo,Japan,2025-04-22
128,Wei Dubois,user128@streamflix-mail.com,Male,58,Hyderabad,India,2021-12-21
129,Liam Rao,user129@streamflix-mail.com,Female,19,Sydney,Australia,2020-06-28
130,Ava Johnson,user130@streamflix-mail.com,Male,31,London,United Kingdom,2024-06-26
131,Liam Gupta,user131@streamflix-mail.com,Male,24,Pune,India,2023-09-02
132,Liam Garcia,user132@streamflix-mail.com,Female,37,Toronto,Canada,2024-06-13
133,Vihaan Andersen,user133@streamflix-mail.com,Female,45,Tokyo,Japan,2020-12-01
134,Liam Brown,user134@streamflix-mail.com,Male,22,Tokyo,Japan,2020-05-01
135,Yuki Park,user135@streamflix-mail.com,Male,51,Tokyo,Japan,2025-10-04
136,Aadhya Nair,user136@streamflix-mail.com,Male,67,Tokyo,Japan,2022-11-12
137,Noah Iyer,user137@streamflix-mail.com,Female,15,Chicago,United States,2025-05-19
138,Vivaan Wang,user138@streamflix-mail.com,Male,17,Mumbai,India,2025-12-10
139,Myra Verma,user139@streamflix-mail.com,Male,67,Paris,France,2022-06-11
140,Navya Garcia,user140@streamflix-mail.com,Male,49,Chicago,United States,2020-12-21
141,Valentina Rao,user141@streamflix-mail.com,Male,65,Toronto,Canada,2025-09-18
142,Krishna Sharma,user142@streamflix-mail.com,Male,53,Mumbai,India,2024-05-11
143,Diya Davis,user143@streamflix-mail.com,Male,53,Seoul,South Korea,2023-12-29
144,Anika Kowalski,user144@streamflix-mail.com,Female,21,Seoul,South Korea,2026-03-08
145,Valentina Gupta,user145@streamflix-mail.com,Female,42,Berlin,Germany,2020-11-05
146,Min Rossi,user146@streamflix-mail.com,Female,33,Hyderabad,India,2021-09-14
147,Vivaan Wilson,user147@streamflix-mail.com,Female,60,Tokyo,Japan,2019-04-17
148,Ishaan Wang,user148@streamflix-mail.com,Male,15,Toronto,Canada,2021-11-27
149,Chen Gupta,user149@streamflix-mail.com,Female,14,Bengaluru,India,2022-05-07
150,Aditya Dubois,user150@streamflix-mail.com,Female,44,Manchester,United Kingdom,2022-05-24
151,Min Sharma,user151@streamflix-mail.com,Female,68,Chicago,United States,2020-02-18
152,Diya Andersen,user152@streamflix-mail.com,Female,69,Toronto,Canada,2025-01-24
153,Sofia Park,user153@streamflix-mail.com,Male,46,Delhi,India,2022-09-01
154,Diya Smith,user154@streamflix-mail.com,Male,37,Manchester,United Kingdom,2022-04-17
155,Navya Sharma,user155@streamflix-mail.com,Male,28,Sydney,Australia,2025-06-23
156,Ethan Kim,user156@streamflix-mail.com,Male,69,Singapore,Singapore,2022-08-24
157,Sai Gupta,user157@streamflix-mail.com,Male,23,Dubai,United Arab Emirates,2025-09-08
158,Liam Kim,user158@streamflix-mail.com,Male,20,Toronto,Canada,2020-08-31
159,James Silva,user159@streamflix-mail.com,Male,41,Singapore,Singapore,2025-05-18
160,Yuki Patel,user160@streamflix-mail.com,Female,35,Delhi,India,2026-05-30
161,Valentina Singh,user161@streamflix-mail.com,Female,41,Dubai,United Arab Emirates,2024-08-16
162,Ethan Khan,user162@streamflix-mail.com,Female,64,New York,United States,2025-09-09
163,Anika Khan,user163@streamflix-mail.com,Male,28,London,United Kingdom,2024-07-19
164,Anika Reddy,user164@streamflix-mail.com,Female,62,London,United Kingdom,2023-07-02
165,Anika Singh,user165@streamflix-mail.com,Female,25,Paris,France,2024-09-22
166,Chen Park,user166@streamflix-mail.com,Female,31,Kolkata,India,2026-03-15
167,Aadhya Rao,user167@streamflix-mail.com,Female,13,New York,United States,2023-07-15
168,Reyansh Silva,user168@streamflix-mail.com,Male,51,Dubai,United Arab Emirates,2024-02-24
169,Myra Rossi,user169@streamflix-mail.com,Male,61,Toronto,Canada,2019-08-05
170,Aarav Li,user170@streamflix-mail.com,Female,63,Kolkata,India,2026-03-11
171,Arjun Wilson,user171@streamflix-mail.com,Other,22,Kolkata,India,2024-10-30
172,Vihaan Rao,user172@streamflix-mail.com,Male,56,Tokyo,Japan,2020-03-18
173,Wei Andersen,user173@streamflix-mail.com,Male,21,Tokyo,Japan,2021-03-04
174,Lucas Khan,user174@streamflix-mail.com,Male,48,Bengaluru,India,2020-09-09
175,Sophia Garcia,user175@streamflix-mail.com,Male,53,New York,United States,2021-05-25
176,Kiara Garcia,user176@streamflix-mail.com,Other,21,Dubai,United Arab Emirates,2025-08-20
177,Lucas Li,user177@streamflix-mail.com,Female,19,Bengaluru,India,2022-06-25
178,Reyansh Wilson,user178@streamflix-mail.com,Male,17,Hyderabad,India,2022-02-23
179,Sofia Silva,user179@streamflix-mail.com,Male,53,Hyderabad,India,2024-11-02
180,James Andersen,user180@streamflix-mail.com,Male,48,London,United Kingdom,2021-10-13
181,Lucia Johnson,user181@streamflix-mail.com,Male,19,Chicago,United States,2025-08-22
182,Reyansh Dubois,user182@streamflix-mail.com,Female,41,Kolkata,India,2024-08-27
183,Aarohi Nair,user183@streamflix-mail.com,Female,58,Bengaluru,India,2020-12-04
184,Sophia Andersen,user184@streamflix-mail.com,Female,26,Toronto,Canada,2023-09-22
185,Aarohi Nair,user185@streamflix-mail.com,Male,47,Tokyo,Japan,2022-08-14
186,Navya Muller,user186@streamflix-mail.com,Female,29,Pune,India,2021-07-31
187,Reyansh Johnson,user187@streamflix-mail.com,Female,27,Sydney,Australia,2025-10-17
188,Ira Kowalski,user188@streamflix-mail.com,Male,35,Dubai,United Arab Emirates,2021-12-25
189,Ishaan Reddy,user189@streamflix-mail.com,Female,33,Manchester,United Kingdom,2019-11-16
190,Aadhya Garcia,user190@streamflix-mail.com,Female,41,Manchester,United Kingdom,2022-01-23
191,Sophia Andersen,user191@streamflix-mail.com,Female,24,Hyderabad,India,2022-11-15
192,Ava Verma,user192@streamflix-mail.com,Male,35,Paris,France,2019-12-12
193,Noah Singh,user193@streamflix-mail.com,Male,48,Paris,France,2024-07-26
194,Sara Gupta,user194@streamflix-mail.com,Female,35,Singapore,Singapore,2020-09-20
195,Mateo Rao,user195@streamflix-mail.com,Male,50,Berlin,Germany,2019-09-11
196,Vihaan Johnson,user196@streamflix-mail.com,Male,19,Toronto,Canada,2023-01-11
197,Myra Kim,user197@streamflix-mail.com,Female,20,Sydney,Australia,2020-03-16
198,Arjun Singh,user198@streamflix-mail.com,Male,62,Tokyo,Japan,2024-11-10
199,Myra Iyer,user199@streamflix-mail.com,Male,39,Mumbai,India,2019-07-07
200,Mateo Nair,user200@streamflix-mail.com,Other,47,Pune,India,2022-02-21
201,Sara Kowalski,user201@streamflix-mail.com,Female,55,Pune,India,2019-05-22
202,Sofia Kowalski,user202@streamflix-mail.com,Female,21,Toronto,Canada,2021-11-15
203,Aarohi Khan,user203@streamflix-mail.com,Female,68,Pune,India,2025-12-30
204,Sophia Nair,user204@streamflix-mail.com,Male,37,New York,United States,2023-11-17
205,Kiara Verma,user205@streamflix-mail.com,Male,63,Chicago,United States,2023-01-05
206,Ananya Kowalski,user206@streamflix-mail.com,Female,36,Singapore,Singapore,2020-03-06
207,Wei Wang,user207@streamflix-mail.com,Male,36,London,United Kingdom,2021-05-06
208,Mateo Li,user208@streamflix-mail.com,Male,47,Mumbai,India,2021-11-08
209,Ananya Patel,user209@streamflix-mail.com,Male,23,Sydney,Australia,2023-05-04
210,Yuki Park,user210@streamflix-mail.com,Female,47,Los Angeles,United States,2020-07-23
211,Ananya Verma,user211@streamflix-mail.com,Male,69,Bengaluru,India,2026-06-30
212,Lucas Zhang,user212@streamflix-mail.com,Female,49,Sydney,Australia,2023-11-20
213,Yuki Lee,user213@streamflix-mail.com,Male,16,Chennai,India,2021-05-03
214,Navya Rao,user214@streamflix-mail.com,Female,52,Chicago,United States,2019-11-04
215,Mia Wang,user215@streamflix-mail.com,Male,14,Paris,France,2023-06-18
216,Ananya Park,user216@streamflix-mail.com,Male,18,Pune,India,2022-05-11
217,Vihaan Garcia,user217@streamflix-mail.com,Female,29,Seoul,South Korea,2024-01-20
218,Vihaan Nair,user218@streamflix-mail.com,Female,30,Chicago,United States,2023-06-21
219,Navya Sharma,user219@streamflix-mail.com,Male,13,Berlin,Germany,2023-10-20
220,Sofia Kowalski,user220@streamflix-mail.com,Male,13,Tokyo,Japan,2025-04-01
221,Sai Patel,user221@streamflix-mail.com,Male,57,Tokyo,Japan,2022-12-08
222,Kiara Rao,user222@streamflix-mail.com,Male,38,Pune,India,2024-06-06
223,Lucas Zhang,user223@streamflix-mail.com,Female,24,Dubai,United Arab Emirates,2021-09-10
224,Krishna Singh,user224@streamflix-mail.com,Male,37,New York,United States,2026-01-25
225,Lucas Johnson,user225@streamflix-mail.com,Female,52,Berlin,Germany,2022-01-22
226,Aadhya Wang,user226@streamflix-mail.com,Male,54,Paris,France,2024-02-05
227,Chen Lee,user227@streamflix-mail.com,Female,29,Toronto,Canada,2026-06-26
228,Olivia Park,user228@streamflix-mail.com,Male,22,Berlin,Germany,2021-08-14
229,Emma Sharma,user229@streamflix-mail.com,Male,67,London,United Kingdom,2019-10-06
230,Ayaan Garcia,user230@streamflix-mail.com,Male,48,Mumbai,India,2020-09-26
231,Kiara Miller,user231@streamflix-mail.com,Female,69,Seoul,South Korea,2020-10-29
232,Min Kim,user232@streamflix-mail.com,Female,30,London,United Kingdom,2019-06-04
233,Aarav Iyer,user233@streamflix-mail.com,Female,19,Mumbai,India,2023-01-29
234,Wei Iyer,user234@streamflix-mail.com,Male,34,Delhi,India,2021-01-30
235,Aarohi Li,user235@streamflix-mail.com,Male,31,Singapore,Singapore,2019-09-23
236,Lucas Zhang,user236@streamflix-mail.com,Male,53,Berlin,Germany,2020-01-10
237,Ethan Rossi,user237@streamflix-mail.com,Male,53,Sydney,Australia,2021-01-18
238,Navya Patel,user238@streamflix-mail.com,Female,17,Los Angeles,United States,2021-10-07
239,Aadhya Tanaka,user239@streamflix-mail.com,Female,46,Kolkata,India,2026-04-22
240,Ava Patel,user240@streamflix-mail.com,Female,32,Los Angeles,United States,2024-04-07
241,Sai Park,user241@streamflix-mail.com,Female,48,Kolkata,India,2024-05-10
242,Olivia Iyer,user242@streamflix-mail.com,Male,35,Chennai,India,2024-03-09
243,Vihaan Andersen,user243@streamflix-mail.com,Male,43,Bengaluru,India,2025-01-08
244,Ava Rao,user244@streamflix-mail.com,Female,53,Manchester,United Kingdom,2021-05-21
245,Ava Rossi,user245@streamflix-mail.com,Male,29,Pune,India,2019-09-30
246,Vihaan Rao,user246@streamflix-mail.com,Male,24,Bengaluru,India,2022-10-24
247,Wei Silva,user247@streamflix-mail.com,Female,53,Chennai,India,2019-01-04
248,Anika Garcia,user248@streamflix-mail.com,Other,67,Dubai,United Arab Emirates,2020-08-16
249,Yuki Verma,user249@streamflix-mail.com,Female,38,Manchester,United Kingdom,2024-08-23
250,Vivaan Nair,user250@streamflix-mail.com,Male,69,Chicago,United States,2022-10-09
251,Ayaan Zhang,user251@streamflix-mail.com,Female,23,Manchester,United Kingdom,2024-03-06
252,Aarohi Nair,user252@streamflix-mail.com,Male,59,Manchester,United Kingdom,2022-10-28
253,Ayaan Patel,user253@streamflix-mail.com,Male,69,Chicago,United States,2023-01-25
254,Myra Wilson,user254@streamflix-mail.com,Male,30,Tokyo,Japan,2021-04-04
255,Ethan Singh,user255@streamflix-mail.com,Female,21,Singapore,Singapore,2020-08-21
256,Sai Reddy,user256@streamflix-mail.com,Female,50,Hyderabad,India,2020-12-11
257,Sophia Kim,user257@streamflix-mail.com,Female,62,Tokyo,Japan,2024-12-25
258,Arjun Zhang,user258@streamflix-mail.com,Male,17,Hyderabad,India,2026-05-06
259,Ayaan Wang,user259@streamflix-mail.com,Female,49,Delhi,India,2019-08-13
260,Olivia Kowalski,user260@streamflix-mail.com,Male,62,Los Angeles,United States,2023-01-10
261,Yuki Reddy,user261@streamflix-mail.com,Female,14,New York,United States,2022-07-11
262,Reyansh Brown,user262@streamflix-mail.com,Male,42,Dubai,United Arab Emirates,2023-03-19
263,Diya Singh,user263@streamflix-mail.com,Male,17,Sydney,Australia,2020-09-29
264,Lucia Andersen,user264@streamflix-mail.com,Female,23,Delhi,India,2019-01-22
265,Valentina Wilson,user265@streamflix-mail.com,Male,40,Chicago,United States,2020-07-10
266,Olivia Gupta,user266@streamflix-mail.com,Female,31,Dubai,United Arab Emirates,2020-05-12
267,Navya Zhang,user267@streamflix-mail.com,Male,17,Singapore,Singapore,2019-05-24
268,Myra Verma,user268@streamflix-mail.com,Female,58,London,United Kingdom,2021-09-03
269,Noah Patel,user269@streamflix-mail.com,Male,24,Toronto,Canada,2024-02-16
270,Olivia Wang,user270@streamflix-mail.com,Male,62,Manchester,United Kingdom,2026-03-29
271,Diya Davis,user271@streamflix-mail.com,Male,23,Pune,India,2023-12-05
272,Aarav Li,user272@streamflix-mail.com,Male,42,Manchester,United Kingdom,2020-04-24
273,Reyansh Lee,user273@streamflix-mail.com,Female,54,Sydney,Australia,2021-09-18
274,Mateo Muller,user274@streamflix-mail.com,Male,40,Delhi,India,2021-04-10
275,Anika Wilson,user275@streamflix-mail.com,Male,36,Sydney,Australia,2020-08-03
276,Aarohi Verma,user276@streamflix-mail.com,Female,55,Pune,India,2026-06-04
277,Kiara Gupta,user277@streamflix-mail.com,Male,13,Mumbai,India,2023-12-01
278,Yuki Silva,user278@streamflix-mail.com,Female,60,Dubai,United Arab Emirates,2022-08-10
279,Aditya Verma,user279@streamflix-mail.com,Female,52,New York,United States,2022-04-10
280,Vihaan Johnson,user280@streamflix-mail.com,Male,56,Los Angeles,United States,2021-05-21
281,Diya Sharma,user281@streamflix-mail.com,Female,36,Toronto,Canada,2022-02-15
282,Aarohi Rao,user282@streamflix-mail.com,Male,34,Manchester,United Kingdom,2023-10-03
283,Ethan Lee,user283@streamflix-mail.com,Male,45,Toronto,Canada,2025-12-16
284,Aarohi Nair,user284@streamflix-mail.com,Male,49,Berlin,Germany,2022-09-20
285,Navya Garcia,user285@streamflix-mail.com,Female,65,Sydney,Australia,2020-05-21
286,Lucia Tanaka,user286@streamflix-mail.com,Female,61,Mumbai,India,2026-03-06
287,Reyansh Gupta,user287@streamflix-mail.com,Female,16,Pune,India,2021-05-12
288,Liam Verma,user288@streamflix-mail.com,Other,21,Los Angeles,United States,2019-08-16
289,Emma Patel,user289@streamflix-mail.com,Male,66,Chicago,United States,2023-01-29
290,Kiara Rossi,user290@streamflix-mail.com,Female,35,New York,United States,2024-12-04
291,Chen Brown,user291@streamflix-mail.com,Female,46,Hyderabad,India,2020-12-06
292,Ananya Park,user292@streamflix-mail.com,Female,16,Bengaluru,India,2021-02-03
293,Mateo Verma,user293@streamflix-mail.com,Female,18,Bengaluru,India,2021-03-02
294,Myra Li,user294@streamflix-mail.com,Other,36,Paris,France,2025-01-17
295,Emma Gupta,user295@streamflix-mail.com,Male,53,New York,United States,2026-03-06
296,James Wang,user296@streamflix-mail.com,Female,57,Paris,France,2025-05-10
297,Hana Iyer,user297@streamflix-mail.com,Female,63,Kolkata,India,2020-09-11
298,Navya Muller,user298@streamflix-mail.com,Female,24,Kolkata,India,2025-05-14
299,Diya Patel,user299@streamflix-mail.com,Male,24,Chicago,United States,2021-04-27
300,Aarav Nair,user300@streamflix-mail.com,Other,43,Berlin,Germany,2025-07-01
301,Sara Smith,user301@streamflix-mail.com,Male,44,Manchester,United Kingdom,2026-06-07
302,Hana Sharma,user302@streamflix-mail.com,Female,15,Mumbai,India,2024-05-20
303,Aarav Iyer,user303@streamflix-mail.com,Female,38,Chennai,India,2026-02-28
304,Jin Lee,user304@streamflix-mail.com,Male,64,Paris,France,2020-01-25
305,Emma Rao,user305@streamflix-mail.com,Female,22,Hyderabad,India,2023-11-28
306,Sai Smith,user306@streamflix-mail.com,Male,59,Tokyo,Japan,2019-05-23
307,Aadhya Rossi,user307@streamflix-mail.com,Female,38,Berlin,Germany,2023-11-21
308,Liam Reddy,user308@streamflix-mail.com,Female,42,Pune,India,2021-07-22
309,Aadhya Johnson,user309@streamflix-mail.com,Male,49,Manchester,United Kingdom,2026-04-09
310,Arjun Nair,user310@streamflix-mail.com,Female,53,Manchester,United Kingdom,2022-09-17
311,Ethan Miller,user311@streamflix-mail.com,Male,49,Dubai,United Arab Emirates,2024-09-18
312,Ethan Rao,user312@streamflix-mail.com,Female,18,Dubai,United Arab Emirates,2021-04-08
313,Arjun Verma,user313@streamflix-mail.com,Female,29,Delhi,India,2019-07-24
314,Diya Gupta,user314@streamflix-mail.com,Male,61,Kolkata,India,2024-07-25
315,Ishaan Muller,user315@streamflix-mail.com,Female,15,Berlin,Germany,2020-08-30
316,Ethan Verma,user316@streamflix-mail.com,Female,53,New York,United States,2024-06-01
317,Mia Silva,user317@streamflix-mail.com,Female,42,Pune,India,2022-06-26
318,Mia Andersen,user318@streamflix-mail.com,Female,19,Toronto,Canada,2026-04-15
319,Lucia Garcia,user319@streamflix-mail.com,Female,19,Hyderabad,India,2021-08-23
320,Wei Rao,user320@streamflix-mail.com,Female,68,Bengaluru,India,2022-01-01
321,Aadhya Silva,user321@streamflix-mail.com,Male,14,Dubai,United Arab Emirates,2024-07-20
322,Arjun Tanaka,user322@streamflix-mail.com,Male,14,Bengaluru,India,2024-11-21
323,Noah Reddy,user323@streamflix-mail.com,Female,13,Seoul,South Korea,2019-12-11
324,Sofia Kowalski,user324@streamflix-mail.com,Male,48,Pune,India,2024-07-22
325,Valentina Kowalski,user325@streamflix-mail.com,Female,65,Bengaluru,India,2022-09-07
326,Ishaan Iyer,user326@streamflix-mail.com,Male,22,Singapore,Singapore,2026-05-31
327,Ishaan Verma,user327@streamflix-mail.com,Female,58,Hyderabad,India,2023-09-24
328,Vivaan Wang,user328@streamflix-mail.com,Female,53,New York,United States,2024-10-19
329,Sai Gupta,user329@streamflix-mail.com,Male,26,New York,United States,2021-07-30
330,Liam Kim,user330@streamflix-mail.com,Male,17,London,United Kingdom,2021-02-15
331,Emma Verma,user331@streamflix-mail.com,Male,40,Chicago,United States,2024-11-19
332,Sara Zhang,user332@streamflix-mail.com,Female,17,Hyderabad,India,2019-02-11
333,Aadhya Khan,user333@streamflix-mail.com,Female,19,Pune,India,2023-05-09
334,Hana Gupta,user334@streamflix-mail.com,Male,39,Hyderabad,India,2026-04-04
335,Kiara Verma,user335@streamflix-mail.com,Female,59,Delhi,India,2026-06-06
336,Chen Nair,user336@streamflix-mail.com,Male,69,Sydney,Australia,2024-05-14
337,Mateo Wilson,user337@streamflix-mail.com,Male,48,Chicago,United States,2022-09-23
338,Aadhya Gupta,user338@streamflix-mail.com,Male,28,Bengaluru,India,2025-02-02
339,Krishna Rossi,user339@streamflix-mail.com,Male,31,Kolkata,India,2019-02-10
340,Mateo Kim,user340@streamflix-mail.com,Female,47,Sydney,Australia,2024-12-11
341,Ava Patel,user341@streamflix-mail.com,Female,22,Chennai,India,2020-06-04
342,Diya Tanaka,user342@streamflix-mail.com,Female,42,Los Angeles,United States,2024-07-07
343,Noah Park,user343@streamflix-mail.com,Female,56,Singapore,Singapore,2021-08-10
344,James Zhang,user344@streamflix-mail.com,Male,61,Sydney,Australia,2024-08-19
345,Sofia Nair,user345@streamflix-mail.com,Male,16,Singapore,Singapore,2023-07-10
346,Ananya Wang,user346@streamflix-mail.com,Female,29,New York,United States,2025-12-19
347,Valentina Wilson,user347@streamflix-mail.com,Female,27,Chicago,United States,2024-11-25
348,Lucia Tanaka,user348@streamflix-mail.com,Female,44,Tokyo,Japan,2025-11-07
349,Ayaan Miller,user349@streamflix-mail.com,Female,23,Seoul,South Korea,2020-02-19
350,Reyansh Zhang,user350@streamflix-mail.com,Female,67,Delhi,India,2021-11-04
351,Emma Smith,user351@streamflix-mail.com,Female,65,Tokyo,Japan,2022-04-12
352,Vivaan Verma,user352@streamflix-mail.com,Female,31,Seoul,South Korea,2019-03-26
353,Diya Reddy,user353@streamflix-mail.com,Female,36,Berlin,Germany,2019-03-04
354,Navya Dubois,user354@streamflix-mail.com,Male,38,Chennai,India,2019-04-16
355,Mateo Li,user355@streamflix-mail.com,Male,15,London,United Kingdom,2024-10-01
356,Valentina Smith,user356@streamflix-mail.com,Female,63,Mumbai,India,2022-05-07
357,Reyansh Zhang,user357@streamflix-mail.com,Male,57,Bengaluru,India,2024-08-20
358,Jin Sharma,user358@streamflix-mail.com,Female,31,Manchester,United Kingdom,2025-04-05
359,Vihaan Verma,user359@streamflix-mail.com,Female,44,Pune,India,2019-04-09
360,Mia Davis,user360@streamflix-mail.com,Male,34,Pune,India,2025-05-09
361,Hana Kim,user361@streamflix-mail.com,Male,26,Chennai,India,2020-09-09
362,Jin Kowalski,user362@streamflix-mail.com,Female,30,Chicago,United States,2022-01-12
363,Krishna Li,user363@streamflix-mail.com,Female,19,Hyderabad,India,2026-03-21
364,Jin Singh,user364@streamflix-mail.com,Male,59,Tokyo,Japan,2021-04-05
365,Arjun Rossi,user365@streamflix-mail.com,Female,50,Sydney,Australia,2026-01-17
366,James Miller,user366@streamflix-mail.com,Male,66,Dubai,United Arab Emirates,2022-10-19
367,Kiara Rossi,user367@streamflix-mail.com,Male,13,Berlin,Germany,2019-02-06
368,Aadhya Nair,user368@streamflix-mail.com,Male,48,Toronto,Canada,2025-03-29
369,Aarav Sharma,user369@streamflix-mail.com,Female,44,New York,United States,2019-05-02
370,Wei Verma,user370@streamflix-mail.com,Female,48,Paris,France,2023-10-09
371,Myra Tanaka,user371@streamflix-mail.com,Female,69,Manchester,United Kingdom,2022-06-09
372,Ethan Gupta,user372@streamflix-mail.com,Male,35,Chicago,United States,2020-01-18
373,Anika Kowalski,user373@streamflix-mail.com,Other,21,Los Angeles,United States,2022-11-10
374,Sara Wang,user374@streamflix-mail.com,Female,13,Mumbai,India,2021-09-18
375,Jin Iyer,user375@streamflix-mail.com,Male,41,Paris,France,2019-09-27
376,Vihaan Muller,user376@streamflix-mail.com,Male,22,Tokyo,Japan,2023-03-01
377,Mia Iyer,user377@streamflix-mail.com,Male,21,Sydney,Australia,2019-05-01
378,Mia Iyer,user378@streamflix-mail.com,Female,21,Pune,India,2023-01-13
379,Ira Lee,user379@streamflix-mail.com,Male,28,Berlin,Germany,2020-09-10
380,Ananya Patel,user380@streamflix-mail.com,Male,19,Hyderabad,India,2025-03-24
381,Aarav Patel,user381@streamflix-mail.com,Female,40,Pune,India,2026-02-14
382,Lucia Nair,user382@streamflix-mail.com,Female,50,Delhi,India,2025-12-27
383,Lucia Kim,user383@streamflix-mail.com,Female,29,Chennai,India,2026-01-11
384,Ishaan Sharma,user384@streamflix-mail.com,Female,20,Kolkata,India,2019-10-03
385,Vivaan Singh,user385@streamflix-mail.com,Male,45,Dubai,United Arab Emirates,2022-10-27
386,Arjun Wilson,user386@streamflix-mail.com,Female,17,Kolkata,India,2020-09-06
387,Aditya Miller,user387@streamflix-mail.com,Male,55,Paris,France,2019-09-22
388,Hana Zhang,user388@streamflix-mail.com,Male,34,Kolkata,India,2021-12-09
389,Jin Khan,user389@streamflix-mail.com,Other,36,London,United Kingdom,2022-03-21
390,Reyansh Park,user390@streamflix-mail.com,Male,27,Manchester,United Kingdom,2021-03-22
391,Mia Li,user391@streamflix-mail.com,Male,29,Tokyo,Japan,2019-11-09
392,Ayaan Johnson,user392@streamflix-mail.com,Female,21,Dubai,United Arab Emirates,2022-01-22
393,Sara Singh,user393@streamflix-mail.com,Male,44,Seoul,South Korea,2020-03-01
394,Olivia Wilson,user394@streamflix-mail.com,Male,21,Berlin,Germany,2019-04-22
395,Lucas Lee,user395@streamflix-mail.com,Female,51,Bengaluru,India,2022-05-20
396,Min Gupta,user396@streamflix-mail.com,Female,27,Delhi,India,2019-06-30
397,Vivaan Wilson,user397@streamflix-mail.com,Female,45,Los Angeles,United States,2026-03-29
398,Ayaan Iyer,user398@streamflix-mail.com,Male,43,Hyderabad,India,2025-04-14
399,Diya Lee,user399@streamflix-mail.com,Female,49,Chicago,United States,2025-12-10
400,Aadhya Andersen,user400@streamflix-mail.com,Female,56,Manchester,United Kingdom,2019-10-08
401,Valentina Wilson,user401@streamflix-mail.com,Male,44,Chennai,India,2022-06-27
402,Yuki Li,user402@streamflix-mail.com,Male,61,Delhi,India,2025-03-06
403,Aadhya Rao,user403@streamflix-mail.com,Male,27,Paris,France,2023-04-25
404,Mateo Andersen,user404@streamflix-mail.com,Female,55,New York,United States,2021-04-19
405,Aarohi Rossi,user405@streamflix-mail.com,Male,32,Tokyo,Japan,2025-03-26
406,James Andersen,user406@streamflix-mail.com,Female,48,Toronto,Canada,2021-04-26
407,Navya Li,user407@streamflix-mail.com,Other,41,Sydney,Australia,2026-04-20
408,Sai Park,user408@streamflix-mail.com,Male,64,Dubai,United Arab Emirates,2019-10-03
409,Lucia Davis,user409@streamflix-mail.com,Female,28,Chennai,India,2024-04-17
410,Aarav Andersen,user410@streamflix-mail.com,Male,42,Pune,India,2019-02-06
411,Reyansh Muller,user411@streamflix-mail.com,Male,22,Paris,France,2025-11-08
412,Ishaan Brown,user412@streamflix-mail.com,Female,49,Sydney,Australia,2021-08-30
413,Diya Gupta,user413@streamflix-mail.com,Male,15,Chennai,India,2019-02-25
414,Sai Sharma,user414@streamflix-mail.com,Female,36,Toronto,Canada,2025-04-06
415,Aarav Singh,user415@streamflix-mail.com,Female,13,New York,United States,2026-04-02
416,Sophia Verma,user416@streamflix-mail.com,Male,31,Seoul,South Korea,2025-11-23
417,Mateo Khan,user417@streamflix-mail.com,Male,40,London,United Kingdom,2022-08-22
418,Arjun Reddy,user418@streamflix-mail.com,Male,31,Kolkata,India,2019-06-18
419,Diya Tanaka,user419@streamflix-mail.com,Female,34,Sydney,Australia,2020-09-15
420,James Gupta,user420@streamflix-mail.com,Female,21,Dubai,United Arab Emirates,2019-03-26
421,Lucia Kim,user421@streamflix-mail.com,Male,53,New York,United States,2019-05-02
422,Sophia Smith,user422@streamflix-mail.com,Female,58,Dubai,United Arab Emirates,2020-03-10
423,Wei Nair,user423@streamflix-mail.com,Female,38,Pune,India,2023-03-22
424,Olivia Wang,user424@streamflix-mail.com,Female,16,Pune,India,2024-09-29
425,Anika Tanaka,user425@streamflix-mail.com,Male,16,Tokyo,Japan,2023-05-21
426,Ayaan Silva,user426@streamflix-mail.com,Male,51,Toronto,Canada,2020-07-14
427,Min Tanaka,user427@streamflix-mail.com,Male,65,Mumbai,India,2023-07-06
428,Chen Lee,user428@streamflix-mail.com,Male,62,Sydney,Australia,2020-09-23
429,Vivaan Zhang,user429@streamflix-mail.com,Male,36,Kolkata,India,2022-06-16
430,Lucas Iyer,user430@streamflix-mail.com,Male,41,Chennai,India,2025-08-30
431,Vihaan Muller,user431@streamflix-mail.com,Male,22,Los Angeles,United States,2020-01-04
432,Mia Li,user432@streamflix-mail.com,Male,17,Chicago,United States,2025-07-23
433,Hana Singh,user433@streamflix-mail.com,Male,56,Seoul,South Korea,2021-01-11
434,Sai Smith,user434@streamflix-mail.com,Female,37,Los Angeles,United States,2024-01-10
435,Navya Kim,user435@streamflix-mail.com,Female,41,Chennai,India,2020-12-16
436,Arjun Sharma,user436@streamflix-mail.com,Male,32,Dubai,United Arab Emirates,2020-03-25
437,Liam Rossi,user437@streamflix-mail.com,Female,30,London,United Kingdom,2022-05-18
438,Lucia Patel,user438@streamflix-mail.com,Male,69,Mumbai,India,2021-11-09
439,Vihaan Gupta,user439@streamflix-mail.com,Female,59,Toronto,Canada,2022-10-21
440,Ira Rao,user440@streamflix-mail.com,Female,52,London,United Kingdom,2020-10-08
441,Mateo Muller,user441@streamflix-mail.com,Female,35,Manchester,United Kingdom,2026-05-02
442,Aadhya Patel,user442@streamflix-mail.com,Female,54,Hyderabad,India,2024-01-14
443,Sai Wilson,user443@streamflix-mail.com,Female,32,Chicago,United States,2025-04-20
444,Aarohi Rossi,user444@streamflix-mail.com,Female,42,Toronto,Canada,2024-11-05
445,James Verma,user445@streamflix-mail.com,Male,21,Sydney,Australia,2024-06-05
446,Ethan Li,user446@streamflix-mail.com,Male,53,Sydney,Australia,2020-01-25
447,Aadhya Patel,user447@streamflix-mail.com,Female,16,Paris,France,2023-05-30
448,Mateo Zhang,user448@streamflix-mail.com,Male,54,London,United Kingdom,2025-09-24
449,James Nair,user449@streamflix-mail.com,Female,47,Los Angeles,United States,2019-09-21
450,Diya Iyer,user450@streamflix-mail.com,Female,16,London,United Kingdom,2022-06-21
451,Mateo Silva,user451@streamflix-mail.com,Male,41,Kolkata,India,2020-05-19
452,Sofia Rossi,user452@streamflix-mail.com,Male,25,Kolkata,India,2024-12-16
453,Aarohi Tanaka,user453@streamflix-mail.com,Female,40,Sydney,Australia,2025-12-25
454,Aarav Zhang,user454@streamflix-mail.com,Male,13,Kolkata,India,2019-05-22
455,Olivia Garcia,user455@streamflix-mail.com,Female,54,Singapore,Singapore,2025-01-03
456,Liam Nair,user456@streamflix-mail.com,Female,42,Singapore,Singapore,2021-09-14
457,Sai Patel,user457@streamflix-mail.com,Male,33,Paris,France,2026-03-24
458,Ava Park,user458@streamflix-mail.com,Female,62,Bengaluru,India,2019-02-10
459,Hana Smith,user459@streamflix-mail.com,Female,49,New York,United States,2020-06-08
460,Arjun Miller,user460@streamflix-mail.com,Female,47,Dubai,United Arab Emirates,2024-05-21
461,Lucas Nair,user461@streamflix-mail.com,Male,21,Los Angeles,United States,2024-11-01
462,Sai Garcia,user462@streamflix-mail.com,Female,41,Sydney,Australia,2019-08-06
463,Mia Singh,user463@streamflix-mail.com,Female,52,Singapore,Singapore,2020-03-14
464,Anika Reddy,user464@streamflix-mail.com,Male,65,Seoul,South Korea,2021-07-15
465,Aarav Reddy,user465@streamflix-mail.com,Female,47,Pune,India,2019-04-06
466,Mateo Davis,user466@streamflix-mail.com,Female,22,Chennai,India,2024-11-10
467,Reyansh Smith,user467@streamflix-mail.com,Male,51,Chicago,United States,2024-01-08
468,Olivia Gupta,user468@streamflix-mail.com,Female,17,London,United Kingdom,2024-08-12
469,Ayaan Davis,user469@streamflix-mail.com,Female,30,Berlin,Germany,2022-07-09
470,Lucia Iyer,user470@streamflix-mail.com,Female,65,Mumbai,India,2023-10-20
471,Mia Sharma,user471@streamflix-mail.com,Male,58,Pune,India,2023-04-18
472,Chen Reddy,user472@streamflix-mail.com,Female,64,Berlin,Germany,2024-03-15
473,Navya Garcia,user473@streamflix-mail.com,Other,33,Toronto,Canada,2022-05-18
474,Kiara Kowalski,user474@streamflix-mail.com,Female,51,Sydney,Australia,2023-11-19
475,Ava Singh,user475@streamflix-mail.com,Male,52,Pune,India,2023-11-03
476,Yuki Patel,user476@streamflix-mail.com,Male,27,Toronto,Canada,2023-10-22
477,Hana Singh,user477@streamflix-mail.com,Female,66,New York,United States,2025-07-16
478,Aarav Smith,user478@streamflix-mail.com,Male,68,Singapore,Singapore,2021-08-15
479,Ethan Wang,user479@streamflix-mail.com,Male,19,Delhi,India,2025-08-03
480,Arjun Rao,user480@streamflix-mail.com,Male,56,Chennai,India,2019-03-19
481,Diya Park,user481@streamflix-mail.com,Female,38,Toronto,Canada,2022-08-24
482,Hana Dubois,user482@streamflix-mail.com,Male,51,Toronto,Canada,2022-04-24
483,Ananya Kowalski,user483@streamflix-mail.com,Female,44,Tokyo,Japan,2025-07-04
484,Yuki Wilson,user484@streamflix-mail.com,Female,25,Tokyo,Japan,2019-05-05
485,Kiara Wang,user485@streamflix-mail.com,Other,18,Mumbai,India,2020-08-16
486,Ishaan Andersen,user486@streamflix-mail.com,Female,42,Delhi,India,2022-07-07
487,Myra Silva,user487@streamflix-mail.com,Male,60,New York,United States,2025-02-10
488,Emma Patel,user488@streamflix-mail.com,Female,59,Paris,France,2022-06-24
489,Wei Reddy,user489@streamflix-mail.com,Male,28,Chicago,United States,2023-10-16
490,Noah Reddy,user490@streamflix-mail.com,Other,62,Seoul,South Korea,2020-05-04
491,Lucia Dubois,user491@streamflix-mail.com,Male,33,Delhi,India,2026-01-26
492,Min Wilson,user492@streamflix-mail.com,Female,45,Paris,France,2024-11-17
493,Wei Patel,user493@streamflix-mail.com,Female,31,Delhi,India,2019-04-28
494,Noah Smith,user494@streamflix-mail.com,Male,42,Tokyo,Japan,2024-04-12
495,Diya Patel,user495@streamflix-mail.com,Female,43,Seoul,South Korea,2019-12-21
496,Anika Rossi,user496@streamflix-mail.com,Male,52,Chennai,India,2023-03-13
497,Arjun Kim,user497@streamflix-mail.com,Male,39,Kolkata,India,2024-04-23
498,Sara Dubois,user498@streamflix-mail.com,Male,43,Manchester,United Kingdom,2025-12-10
499,Lucia Rao,user499@streamflix-mail.com,Male,50,Singapore,Singapore,2019-07-13
500,Navya Miller,user500@streamflix-mail.com,Female,36,Bengaluru,India,2021-02-25
501,Arjun Reddy,user501@streamflix-mail.com,Female,42,Pune,India,2024-03-05
502,Ethan Tanaka,user502@streamflix-mail.com,Male,17,Dubai,United Arab Emirates,2020-12-18
503,Mateo Davis,user503@streamflix-mail.com,Female,62,Tokyo,Japan,2024-05-05
504,Min Wilson,user504@streamflix-mail.com,Female,20,Hyderabad,India,2020-05-17
505,Ananya Brown,user505@streamflix-mail.com,Female,62,Seoul,South Korea,2020-03-23
506,Kiara Patel,user506@streamflix-mail.com,Male,56,Seoul,South Korea,2023-01-30
507,Emma Kowalski,user507@streamflix-mail.com,Female,67,Seoul,South Korea,2024-03-01
508,Ishaan Miller,user508@streamflix-mail.com,Male,14,Pune,India,2020-07-16
509,Ananya Zhang,user509@streamflix-mail.com,Female,25,Sydney,Australia,2025-07-20
510,Ishaan Verma,user510@streamflix-mail.com,Female,15,Hyderabad,India,2025-07-07
511,Valentina Patel,user511@streamflix-mail.com,Female,36,Hyderabad,India,2019-08-11
512,Mia Rossi,user512@streamflix-mail.com,Male,64,Delhi,India,2021-04-13
513,Hana Gupta,user513@streamflix-mail.com,Male,56,Chicago,United States,2023-03-03
514,Chen Reddy,user514@streamflix-mail.com,Female,53,Singapore,Singapore,2022-09-06
515,Mateo Rossi,user515@streamflix-mail.com,Male,61,Hyderabad,India,2020-11-29
516,Arjun Rao,user516@streamflix-mail.com,Male,13,Hyderabad,India,2022-12-20
517,Jin Patel,user517@streamflix-mail.com,Female,57,Chennai,India,2026-03-21
518,Aditya Wilson,user518@streamflix-mail.com,Female,30,Hyderabad,India,2021-04-22
519,Aarohi Nair,user519@streamflix-mail.com,Male,52,Tokyo,Japan,2020-08-22
520,Olivia Verma,user520@streamflix-mail.com,Male,56,Hyderabad,India,2024-07-14
521,Sara Sharma,user521@streamflix-mail.com,Other,52,Chennai,India,2023-04-12
522,Sai Gupta,user522@streamflix-mail.com,Male,36,Kolkata,India,2024-03-09
523,Ayaan Iyer,user523@streamflix-mail.com,Male,47,Pune,India,2023-11-05
524,Chen Zhang,user524@streamflix-mail.com,Male,39,Berlin,Germany,2024-09-14
525,Aadhya Patel,user525@streamflix-mail.com,Male,48,Pune,India,2024-06-19
526,Aadhya Gupta,user526@streamflix-mail.com,Other,39,Chicago,United States,2023-07-18
527,Sofia Sharma,user527@streamflix-mail.com,Male,35,Manchester,United Kingdom,2022-05-29
528,Sai Miller,user528@streamflix-mail.com,Male,24,Chennai,India,2022-06-13
529,Sofia Muller,user529@streamflix-mail.com,Female,35,Chicago,United States,2020-12-27
530,Sofia Smith,user530@streamflix-mail.com,Male,54,Hyderabad,India,2022-05-14
531,Olivia Verma,user531@streamflix-mail.com,Male,62,Chicago,United States,2023-07-15
532,Reyansh Khan,user532@streamflix-mail.com,Other,18,Mumbai,India,2024-05-15
533,Reyansh Miller,user533@streamflix-mail.com,Female,23,Los Angeles,United States,2024-10-17
534,Diya Nair,user534@streamflix-mail.com,Male,41,New York,United States,2021-10-29
535,Olivia Tanaka,user535@streamflix-mail.com,Male,53,New York,United States,2024-06-29
536,Reyansh Li,user536@streamflix-mail.com,Male,22,Bengaluru,India,2022-04-12
537,Kiara Smith,user537@streamflix-mail.com,Male,31,Paris,France,2021-09-08
538,Arjun Kowalski,user538@streamflix-mail.com,Female,15,Mumbai,India,2020-03-24
539,Emma Rao,user539@streamflix-mail.com,Female,15,Bengaluru,India,2020-12-28
540,Aarav Iyer,user540@streamflix-mail.com,Female,21,Bengaluru,India,2024-02-04
541,Lucas Kowalski,user541@streamflix-mail.com,Female,54,Paris,France,2020-08-15
542,Aditya Kowalski,user542@streamflix-mail.com,Male,62,Kolkata,India,2019-07-30
543,Ayaan Rao,user543@streamflix-mail.com,Female,41,Los Angeles,United States,2021-01-14
544,Reyansh Lee,user544@streamflix-mail.com,Female,23,Dubai,United Arab Emirates,2026-06-05
545,Hana Nair,user545@streamflix-mail.com,Male,65,Delhi,India,2020-02-15
546,Aditya Park,user546@streamflix-mail.com,Female,28,Delhi,India,2020-01-29
547,Navya Zhang,user547@streamflix-mail.com,Male,21,Hyderabad,India,2022-01-08
548,Olivia Wang,user548@streamflix-mail.com,Female,20,Sydney,Australia,2021-11-14
549,James Lee,user549@streamflix-mail.com,Female,33,Paris,France,2025-11-24
550,Sophia Wang,user550@streamflix-mail.com,Male,54,Toronto,Canada,2020-10-13
551,Chen Wilson,user551@streamflix-mail.com,Female,35,Seoul,South Korea,2022-02-16
552,Ira Rossi,user552@streamflix-mail.com,Male,38,Seoul,South Korea,2021-03-06
553,Hana Nair,user553@streamflix-mail.com,Female,32,Chennai,India,2020-11-15
554,Aadhya Miller,user554@streamflix-mail.com,Male,66,Hyderabad,India,2021-06-01
555,Valentina Brown,user555@streamflix-mail.com,Male,51,Hyderabad,India,2020-12-04
556,James Wilson,user556@streamflix-mail.com,Male,50,Dubai,United Arab Emirates,2024-05-20
557,Mia Iyer,user557@streamflix-mail.com,Female,37,Sydney,Australia,2024-12-03
558,Jin Rao,user558@streamflix-mail.com,Male,43,Seoul,South Korea,2020-04-28
559,Yuki Kowalski,user559@streamflix-mail.com,Female,63,London,United Kingdom,2022-09-19
560,Min Reddy,user560@streamflix-mail.com,Male,50,Paris,France,2020-12-23
561,Emma Park,user561@streamflix-mail.com,Male,59,Seoul,South Korea,2025-07-03
562,Vivaan Park,user562@streamflix-mail.com,Male,15,Tokyo,Japan,2019-10-05
563,Aarohi Miller,user563@streamflix-mail.com,Male,61,Tokyo,Japan,2022-01-25
564,Ayaan Verma,user564@streamflix-mail.com,Female,67,Bengaluru,India,2021-06-26
565,Jin Verma,user565@streamflix-mail.com,Male,51,Singapore,Singapore,2021-09-22
566,Ishaan Patel,user566@streamflix-mail.com,Female,67,Berlin,Germany,2026-01-21
567,Ishaan Reddy,user567@streamflix-mail.com,Female,45,Chennai,India,2023-01-20
568,Ishaan Gupta,user568@streamflix-mail.com,Female,28,Tokyo,Japan,2021-11-06
569,Ava Iyer,user569@streamflix-mail.com,Female,47,New York,United States,2025-01-21
570,Liam Nair,user570@streamflix-mail.com,Female,48,Pune,India,2024-10-29
571,Lucia Muller,user571@streamflix-mail.com,Female,21,Singapore,Singapore,2020-02-01
572,Anika Park,user572@streamflix-mail.com,Female,24,Hyderabad,India,2022-06-18
573,Diya Sharma,user573@streamflix-mail.com,Female,29,Chicago,United States,2022-02-02
574,Vivaan Kim,user574@streamflix-mail.com,Female,44,Berlin,Germany,2022-05-16
575,Aarav Iyer,user575@streamflix-mail.com,Male,21,Hyderabad,India,2021-08-13
576,Sara Brown,user576@streamflix-mail.com,Female,56,Hyderabad,India,2025-03-06
577,Lucia Verma,user577@streamflix-mail.com,Male,19,Berlin,Germany,2026-06-19
578,James Gupta,user578@streamflix-mail.com,Female,66,Dubai,United Arab Emirates,2019-03-15
579,Jin Reddy,user579@streamflix-mail.com,Other,51,Chicago,United States,2025-06-03
580,Arjun Garcia,user580@streamflix-mail.com,Female,32,Los Angeles,United States,2025-06-26
581,Vihaan Garcia,user581@streamflix-mail.com,Female,34,Paris,France,2021-09-28
582,Hana Smith,user582@streamflix-mail.com,Female,52,Singapore,Singapore,2022-08-21
583,Arjun Kim,user583@streamflix-mail.com,Female,18,Berlin,Germany,2019-10-07
584,Aditya Wang,user584@streamflix-mail.com,Male,53,Delhi,India,2021-08-19
585,Anika Wang,user585@streamflix-mail.com,Male,44,London,United Kingdom,2020-10-14
586,Sofia Lee,user586@streamflix-mail.com,Male,25,Singapore,Singapore,2025-10-18
587,Sophia Wilson,user587@streamflix-mail.com,Male,64,Mumbai,India,2019-10-21
588,Vihaan Miller,user588@streamflix-mail.com,Other,48,London,United Kingdom,2021-07-19
589,Hana Singh,user589@streamflix-mail.com,Female,22,Delhi,India,2022-08-09
590,Hana Miller,user590@streamflix-mail.com,Female,50,Berlin,Germany,2026-04-30
591,Chen Sharma,user591@streamflix-mail.com,Male,36,Sydney,Australia,2025-02-15
592,Sofia Kowalski,user592@streamflix-mail.com,Female,56,Hyderabad,India,2026-01-07
593,Ishaan Johnson,user593@streamflix-mail.com,Male,41,London,United Kingdom,2021-04-29
594,Valentina Li,user594@streamflix-mail.com,Female,69,Bengaluru,India,2021-01-03
595,Aadhya Kowalski,user595@streamflix-mail.com,Other,65,Tokyo,Japan,2023-04-14
596,Chen Miller,user596@streamflix-mail.com,Male,15,Hyderabad,India,2021-07-21
597,Olivia Muller,user597@streamflix-mail.com,Male,36,Toronto,Canada,2019-02-13
598,Yuki Miller,user598@streamflix-mail.com,Male,24,Delhi,India,2025-02-01
599,Ava Reddy,user599@streamflix-mail.com,Male,38,Hyderabad,India,2019-09-17
600,Ava Sharma,user600@streamflix-mail.com,Male,21,Paris,France,2020-06-19
601,Noah Iyer,user601@streamflix-mail.com,Male,43,New York,United States,2026-01-26
602,Yuki Kowalski,user602@streamflix-mail.com,Male,21,Bengaluru,India,2024-06-27
603,Mia Miller,user603@streamflix-mail.com,Male,48,Sydney,Australia,2023-10-26
604,Sai Rao,user604@streamflix-mail.com,Male,38,Pune,India,2019-12-20
605,Hana Garcia,user605@streamflix-mail.com,Female,69,Manchester,United Kingdom,2020-11-17
606,Emma Singh,user606@streamflix-mail.com,Male,63,Tokyo,Japan,2020-07-16
607,Aadhya Dubois,user607@streamflix-mail.com,Female,47,Sydney,Australia,2023-10-22
608,James Tanaka,user608@streamflix-mail.com,Male,38,Pune,India,2022-10-02
609,Mateo Gupta,user609@streamflix-mail.com,Male,53,Pune,India,2021-09-14
610,Min Wang,user610@streamflix-mail.com,Male,51,Pune,India,2024-08-04
611,Hana Smith,user611@streamflix-mail.com,Female,20,Toronto,Canada,2024-10-31
612,Kiara Verma,user612@streamflix-mail.com,Male,34,Sydney,Australia,2024-07-17
613,Yuki Andersen,user613@streamflix-mail.com,Female,69,London,United Kingdom,2019-10-17
614,Ira Verma,user614@streamflix-mail.com,Male,31,New York,United States,2023-07-26
615,Sophia Khan,user615@streamflix-mail.com,Other,13,Delhi,India,2020-07-29
616,Ava Sharma,user616@streamflix-mail.com,Male,60,Tokyo,Japan,2021-01-15
617,Ishaan Miller,user617@streamflix-mail.com,Male,66,Sydney,Australia,2026-05-02
618,Ananya Lee,user618@streamflix-mail.com,Female,50,Toronto,Canada,2022-02-11
619,Aditya Rao,user619@streamflix-mail.com,Male,49,Bengaluru,India,2024-11-26
620,Sai Gupta,user620@streamflix-mail.com,Male,33,Chennai,India,2020-11-05
621,Navya Reddy,user621@streamflix-mail.com,Female,33,Kolkata,India,2026-04-16
622,Aarohi Kowalski,user622@streamflix-mail.com,Male,65,Manchester,United Kingdom,2021-01-28
623,Reyansh Rossi,user623@streamflix-mail.com,Male,61,Dubai,United Arab Emirates,2020-05-13
624,Anika Kowalski,user624@streamflix-mail.com,Male,41,Seoul,South Korea,2021-06-03
625,Noah Davis,user625@streamflix-mail.com,Male,30,London,United Kingdom,2020-04-19
626,Ishaan Wilson,user626@streamflix-mail.com,Female,23,New York,United States,2023-06-28
627,Myra Silva,user627@streamflix-mail.com,Female,13,Los Angeles,United States,2020-01-30
628,Sara Kim,user628@streamflix-mail.com,Female,40,Singapore,Singapore,2020-07-22
629,James Garcia,user629@streamflix-mail.com,Male,44,Kolkata,India,2024-04-06
630,Sara Patel,user630@streamflix-mail.com,Female,51,Los Angeles,United States,2019-04-27
631,Mia Miller,user631@streamflix-mail.com,Female,58,Dubai,United Arab Emirates,2022-04-21
632,Myra Verma,user632@streamflix-mail.com,Male,33,London,United Kingdom,2024-03-10
633,Navya Nair,user633@streamflix-mail.com,Female,22,Chicago,United States,2022-05-04
634,Ira Li,user634@streamflix-mail.com,Female,61,Singapore,Singapore,2019-03-01
635,Ayaan Dubois,user635@streamflix-mail.com,Female,56,Chennai,India,2020-03-08
636,Sophia Reddy,user636@streamflix-mail.com,Male,43,Delhi,India,2026-04-12
637,Ishaan Gupta,user637@streamflix-mail.com,Male,15,Dubai,United Arab Emirates,2024-10-15
638,Diya Gupta,user638@streamflix-mail.com,Female,39,Chicago,United States,2021-08-17
639,Yuki Silva,user639@streamflix-mail.com,Female,48,Kolkata,India,2025-07-20
640,Lucia Rao,user640@streamflix-mail.com,Male,61,Delhi,India,2019-01-19
641,Ethan Rao,user641@streamflix-mail.com,Male,41,Berlin,Germany,2019-05-10
642,Sofia Sharma,user642@streamflix-mail.com,Female,39,Singapore,Singapore,2025-08-18
643,Min Tanaka,user643@streamflix-mail.com,Male,34,Chennai,India,2024-01-21
644,Aarohi Garcia,user644@streamflix-mail.com,Male,36,Toronto,Canada,2023-07-01
645,Wei Silva,user645@streamflix-mail.com,Female,13,Chicago,United States,2021-08-01
646,Myra Wang,user646@streamflix-mail.com,Male,18,Kolkata,India,2025-02-16
647,Kiara Iyer,user647@streamflix-mail.com,Male,56,Kolkata,India,2023-07-24
648,Emma Rossi,user648@streamflix-mail.com,Male,33,Delhi,India,2022-04-06
649,Mateo Wilson,user649@streamflix-mail.com,Female,61,Paris,France,2021-11-07
650,Hana Kim,user650@streamflix-mail.com,Male,35,Berlin,Germany,2021-08-27
651,Aarohi Khan,user651@streamflix-mail.com,Female,69,Seoul,South Korea,2023-04-25
652,Ethan Muller,user652@streamflix-mail.com,Other,23,Kolkata,India,2023-11-29
653,Krishna Andersen,user653@streamflix-mail.com,Female,23,Paris,France,2025-01-12
654,Chen Brown,user654@streamflix-mail.com,Female,46,Chennai,India,2022-01-16
655,Liam Gupta,user655@streamflix-mail.com,Female,58,Tokyo,Japan,2020-11-26
656,Emma Muller,user656@streamflix-mail.com,Male,21,Bengaluru,India,2023-03-03
657,Wei Dubois,user657@streamflix-mail.com,Female,41,Kolkata,India,2023-05-17
658,Ava Davis,user658@streamflix-mail.com,Female,25,Manchester,United Kingdom,2021-01-30
659,Aditya Lee,user659@streamflix-mail.com,Female,55,Paris,France,2019-07-20
660,Diya Khan,user660@streamflix-mail.com,Male,44,Chennai,India,2021-06-29
661,Ayaan Gupta,user661@streamflix-mail.com,Male,50,Los Angeles,United States,2019-07-13
662,Mia Kowalski,user662@streamflix-mail.com,Female,28,Tokyo,Japan,2019-08-14
663,Vivaan Miller,user663@streamflix-mail.com,Male,29,Chicago,United States,2026-03-29
664,Krishna Patel,user664@streamflix-mail.com,Female,49,Sydney,Australia,2024-11-09
665,Olivia Zhang,user665@streamflix-mail.com,Male,33,Los Angeles,United States,2019-04-08
666,Sophia Sharma,user666@streamflix-mail.com,Female,52,Mumbai,India,2021-08-13
667,James Gupta,user667@streamflix-mail.com,Female,21,Chennai,India,2020-11-28
668,Min Singh,user668@streamflix-mail.com,Male,30,Manchester,United Kingdom,2026-04-23
669,Sofia Garcia,user669@streamflix-mail.com,Male,18,Mumbai,India,2022-04-13
670,Sai Johnson,user670@streamflix-mail.com,Female,17,Pune,India,2020-12-12
671,Mateo Nair,user671@streamflix-mail.com,Male,27,Paris,France,2023-10-04
672,Noah Smith,user672@streamflix-mail.com,Male,40,Mumbai,India,2022-07-24
673,Ava Smith,user673@streamflix-mail.com,Female,21,Pune,India,2020-05-27
674,Vihaan Davis,user674@streamflix-mail.com,Male,18,Toronto,Canada,2021-04-16
675,Noah Wilson,user675@streamflix-mail.com,Female,63,Manchester,United Kingdom,2019-12-15
676,Mia Dubois,user676@streamflix-mail.com,Male,42,Pune,India,2024-03-14
677,Olivia Rossi,user677@streamflix-mail.com,Male,53,Delhi,India,2026-04-11
678,Vihaan Patel,user678@streamflix-mail.com,Female,54,Seoul,South Korea,2025-01-22
679,James Andersen,user679@streamflix-mail.com,Male,18,Manchester,United Kingdom,2021-10-24
680,Lucia Davis,user680@streamflix-mail.com,Male,48,Manchester,United Kingdom,2022-08-26
681,Lucas Nair,user681@streamflix-mail.com,Female,62,Delhi,India,2019-06-16
682,Sai Smith,user682@streamflix-mail.com,Female,38,Pune,India,2021-10-01
683,Mateo Li,user683@streamflix-mail.com,Female,62,Delhi,India,2019-03-29
684,Mateo Rossi,user684@streamflix-mail.com,Female,66,Paris,France,2024-08-01
685,Reyansh Johnson,user685@streamflix-mail.com,Male,44,Dubai,United Arab Emirates,2025-10-25
686,Chen Iyer,user686@streamflix-mail.com,Male,18,London,United Kingdom,2020-06-08
687,Anika Nair,user687@streamflix-mail.com,Female,48,Sydney,Australia,2024-01-20
688,Olivia Reddy,user688@streamflix-mail.com,Female,63,Hyderabad,India,2023-06-30
689,Navya Zhang,user689@streamflix-mail.com,Female,46,Paris,France,2022-02-18
690,Yuki Davis,user690@streamflix-mail.com,Male,58,London,United Kingdom,2024-07-01
691,Valentina Garcia,user691@streamflix-mail.com,Male,43,London,United Kingdom,2024-02-05
692,Yuki Zhang,user692@streamflix-mail.com,Male,36,Paris,France,2021-01-07
693,Lucia Rossi,user693@streamflix-mail.com,Female,66,Delhi,India,2024-12-26
694,Lucia Silva,user694@streamflix-mail.com,Female,21,Los Angeles,United States,2023-12-01
695,Vihaan Iyer,user695@streamflix-mail.com,Male,38,Delhi,India,2021-05-05
696,Ananya Lee,user696@streamflix-mail.com,Male,21,Los Angeles,United States,2024-07-06
697,Lucas Dubois,user697@streamflix-mail.com,Male,50,Chennai,India,2023-10-21
698,Olivia Silva,user698@streamflix-mail.com,Male,65,Chicago,United States,2019-11-18
699,Aditya Rao,user699@streamflix-mail.com,Female,69,Singapore,Singapore,2020-03-31
700,Vihaan Johnson,user700@streamflix-mail.com,Female,26,Chennai,India,2021-06-05
701,James Dubois,user701@streamflix-mail.com,Male,54,Delhi,India,2019-05-02
702,Noah Sharma,user702@streamflix-mail.com,Female,62,Hyderabad,India,2022-01-17
703,Reyansh Davis,user703@streamflix-mail.com,Other,60,Singapore,Singapore,2022-06-17
704,Reyansh Reddy,user704@streamflix-mail.com,Male,41,Manchester,United Kingdom,2024-10-25
705,Sai Dubois,user705@streamflix-mail.com,Male,22,Paris,France,2020-04-14
706,Liam Verma,user706@streamflix-mail.com,Female,39,Seoul,South Korea,2023-04-03
707,Aarav Sharma,user707@streamflix-mail.com,Male,57,Hyderabad,India,2023-12-25
708,Liam Rao,user708@streamflix-mail.com,Female,48,Singapore,Singapore,2022-05-15
709,Aarohi Khan,user709@streamflix-mail.com,Female,35,Delhi,India,2025-10-20
710,Kiara Miller,user710@streamflix-mail.com,Male,25,Delhi,India,2021-05-22
711,Sophia Patel,user711@streamflix-mail.com,Male,50,Dubai,United Arab Emirates,2022-01-21
712,James Smith,user712@streamflix-mail.com,Female,37,Los Angeles,United States,2019-01-12
713,Mia Wilson,user713@streamflix-mail.com,Male,39,Paris,France,2022-01-29
714,Wei Wilson,user714@streamflix-mail.com,Female,66,Mumbai,India,2019-02-25
715,Sofia Kowalski,user715@streamflix-mail.com,Female,13,London,United Kingdom,2026-05-17
716,Yuki Miller,user716@streamflix-mail.com,Female,26,Kolkata,India,2020-10-20
717,James Wilson,user717@streamflix-mail.com,Female,65,Paris,France,2025-02-01
718,Aarohi Zhang,user718@streamflix-mail.com,Female,65,Sydney,Australia,2019-11-16
719,Ishaan Nair,user719@streamflix-mail.com,Female,30,Dubai,United Arab Emirates,2021-01-20
720,Olivia Zhang,user720@streamflix-mail.com,Male,69,Chennai,India,2019-11-24
721,Sai Muller,user721@streamflix-mail.com,Male,25,Seoul,South Korea,2021-10-06
722,Lucia Rao,user722@streamflix-mail.com,Male,15,Tokyo,Japan,2023-07-09
723,Hana Nair,user723@streamflix-mail.com,Male,30,Dubai,United Arab Emirates,2022-02-23
724,Arjun Smith,user724@streamflix-mail.com,Male,43,Chicago,United States,2023-07-16
725,Yuki Patel,user725@streamflix-mail.com,Male,13,Berlin,Germany,2025-01-16
726,Arjun Lee,user726@streamflix-mail.com,Male,22,Sydney,Australia,2019-05-03
727,Lucas Muller,user727@streamflix-mail.com,Male,58,Delhi,India,2022-03-07
728,Vihaan Lee,user728@streamflix-mail.com,Male,48,Seoul,South Korea,2023-06-15
729,Aarohi Reddy,user729@streamflix-mail.com,Female,47,Mumbai,India,2022-12-04
730,Ethan Rao,user730@streamflix-mail.com,Female,69,Sydney,Australia,2020-02-04
731,Mia Zhang,user731@streamflix-mail.com,Female,26,Pune,India,2020-07-19
732,Anika Rao,user732@streamflix-mail.com,Female,64,Seoul,South Korea,2021-10-29
733,Sofia Lee,user733@streamflix-mail.com,Female,33,Singapore,Singapore,2023-11-19
734,Wei Zhang,user734@streamflix-mail.com,Female,65,Tokyo,Japan,2026-06-02
735,Krishna Rao,user735@streamflix-mail.com,Male,57,Sydney,Australia,2021-10-05
736,Ethan Park,user736@streamflix-mail.com,Other,25,Manchester,United Kingdom,2022-11-30
737,Mia Johnson,user737@streamflix-mail.com,Male,24,Seoul,South Korea,2021-04-19
738,Myra Iyer,user738@streamflix-mail.com,Female,43,Chennai,India,2019-04-04
739,Mia Johnson,user739@streamflix-mail.com,Female,41,London,United Kingdom,2021-12-26
740,Jin Garcia,user740@streamflix-mail.com,Male,26,Chennai,India,2021-08-09
741,Chen Sharma,user741@streamflix-mail.com,Female,27,Bengaluru,India,2020-02-17
742,Wei Dubois,user742@streamflix-mail.com,Male,64,Seoul,South Korea,2024-01-11
743,Ava Davis,user743@streamflix-mail.com,Male,55,Chicago,United States,2020-12-08
744,Ananya Verma,user744@streamflix-mail.com,Male,23,Delhi,India,2020-09-06
745,Yuki Dubois,user745@streamflix-mail.com,Male,54,Tokyo,Japan,2021-12-01
746,Sara Muller,user746@streamflix-mail.com,Male,21,Berlin,Germany,2026-03-25
747,Emma Sharma,user747@streamflix-mail.com,Female,38,Sydney,Australia,2023-10-09
748,Aadhya Iyer,user748@streamflix-mail.com,Female,13,Kolkata,India,2022-03-10
749,Aadhya Smith,user749@streamflix-mail.com,Male,50,Seoul,South Korea,2025-02-24
750,Reyansh Davis,user750@streamflix-mail.com,Female,23,Singapore,Singapore,2019-02-27
751,Mateo Wang,user751@streamflix-mail.com,Male,26,Chennai,India,2021-07-11
752,Sai Brown,user752@streamflix-mail.com,Male,23,Kolkata,India,2023-01-20
753,Vihaan Kim,user753@streamflix-mail.com,Female,23,Paris,France,2022-08-30
754,Lucia Sharma,user754@streamflix-mail.com,Female,17,Paris,France,2024-01-26
755,Liam Park,user755@streamflix-mail.com,Male,44,Sydney,Australia,2024-04-05
756,Navya Andersen,user756@streamflix-mail.com,Male,62,Mumbai,India,2022-06-02
757,Mia Davis,user757@streamflix-mail.com,Female,30,Pune,India,2025-12-20
758,Ira Garcia,user758@streamflix-mail.com,Female,57,New York,United States,2025-12-16
759,Sai Patel,user759@streamflix-mail.com,Male,43,London,United Kingdom,2022-07-25
760,Mia Kowalski,user760@streamflix-mail.com,Male,27,Seoul,South Korea,2025-10-05
761,Ayaan Sharma,user761@streamflix-mail.com,Male,16,Tokyo,Japan,2023-10-21
762,Liam Patel,user762@streamflix-mail.com,Female,57,Chennai,India,2020-01-16
763,Lucia Iyer,user763@streamflix-mail.com,Female,14,Bengaluru,India,2019-11-24
764,Lucia Muller,user764@streamflix-mail.com,Female,37,Chennai,India,2019-08-07
765,Sara Miller,user765@streamflix-mail.com,Male,14,Pune,India,2020-08-02
766,Yuki Andersen,user766@streamflix-mail.com,Female,57,Seoul,South Korea,2021-05-05
767,Noah Park,user767@streamflix-mail.com,Female,69,Mumbai,India,2019-07-09
768,Aarohi Wilson,user768@streamflix-mail.com,Male,31,Tokyo,Japan,2023-07-24
769,Sai Davis,user769@streamflix-mail.com,Female,30,Sydney,Australia,2022-01-30
770,Ira Khan,user770@streamflix-mail.com,Male,45,Bengaluru,India,2023-07-06
771,Ethan Wilson,user771@streamflix-mail.com,Male,41,Sydney,Australia,2022-10-09
772,Valentina Zhang,user772@streamflix-mail.com,Female,34,Manchester,United Kingdom,2021-01-13
773,Aarav Kowalski,user773@streamflix-mail.com,Male,33,Mumbai,India,2023-08-11
774,Lucas Wilson,user774@streamflix-mail.com,Other,23,Pune,India,2026-02-17
775,Hana Kowalski,user775@streamflix-mail.com,Female,27,Kolkata,India,2021-05-17
776,Mateo Kowalski,user776@streamflix-mail.com,Male,46,Pune,India,2021-04-21
777,Anika Davis,user777@streamflix-mail.com,Male,54,Manchester,United Kingdom,2022-11-14
778,Arjun Garcia,user778@streamflix-mail.com,Female,55,Toronto,Canada,2025-01-10
779,Ananya Iyer,user779@streamflix-mail.com,Male,42,Hyderabad,India,2022-12-26
780,Min Patel,user780@streamflix-mail.com,Female,55,Bengaluru,India,2025-03-27
781,Jin Dubois,user781@streamflix-mail.com,Male,46,Sydney,Australia,2019-07-22
782,Ava Iyer,user782@streamflix-mail.com,Male,33,Chicago,United States,2019-09-27
783,Arjun Johnson,user783@streamflix-mail.com,Female,33,Chennai,India,2022-01-17
784,Arjun Zhang,user784@streamflix-mail.com,Male,42,Chennai,India,2020-09-28
785,Aarohi Singh,user785@streamflix-mail.com,Female,30,Mumbai,India,2019-03-05
786,Olivia Tanaka,user786@streamflix-mail.com,Female,56,Seoul,South Korea,2020-08-12
787,Vivaan Park,user787@streamflix-mail.com,Male,23,Tokyo,Japan,2021-01-12
788,Sophia Sharma,user788@streamflix-mail.com,Female,16,Manchester,United Kingdom,2025-11-23
789,Emma Singh,user789@streamflix-mail.com,Female,40,Kolkata,India,2024-11-11
790,Aarav Li,user790@streamflix-mail.com,Female,17,Pune,India,2021-08-19
791,Vihaan Muller,user791@streamflix-mail.com,Male,23,Kolkata,India,2026-03-08
792,Kiara Andersen,user792@streamflix-mail.com,Male,34,Berlin,Germany,2025-04-09
793,Lucas Muller,user793@streamflix-mail.com,Female,13,Delhi,India,2020-11-17
794,Hana Gupta,user794@streamflix-mail.com,Female,25,Tokyo,Japan,2022-08-01
795,Navya Wang,user795@streamflix-mail.com,Female,44,Kolkata,India,2025-11-28
796,Diya Reddy,user796@streamflix-mail.com,Female,34,Chennai,India,2022-06-05
797,Mateo Gupta,user797@streamflix-mail.com,Female,64,Tokyo,Japan,2021-10-12
798,Kiara Zhang,user798@streamflix-mail.com,Male,18,Paris,France,2025-10-09
799,Aadhya Miller,user799@streamflix-mail.com,Female,54,Paris,France,2023-12-14
800,Navya Park,user800@streamflix-mail.com,Male,46,Chennai,India,2022-04-22
801,Aarav Muller,user801@streamflix-mail.com,Male,49,Manchester,United Kingdom,2025-07-09
802,Aadhya Gupta,user802@streamflix-mail.com,Female,51,Chennai,India,2024-08-01
803,James Davis,user803@streamflix-mail.com,Female,15,Hyderabad,India,2021-08-10
804,Sofia Muller,user804@streamflix-mail.com,Male,58,New York,United States,2022-03-07
805,Mia Garcia,user805@streamflix-mail.com,Female,31,Delhi,India,2019-05-10
806,Yuki Davis,user806@streamflix-mail.com,Female,50,Hyderabad,India,2019-10-06
807,Emma Miller,user807@streamflix-mail.com,Female,29,Manchester,United Kingdom,2026-02-26
808,Arjun Andersen,user808@streamflix-mail.com,Female,35,Sydney,Australia,2019-05-26
809,Ira Verma,user809@streamflix-mail.com,Male,52,Chennai,India,2025-04-10
810,Valentina Dubois,user810@streamflix-mail.com,Female,66,Manchester,United Kingdom,2020-07-24
811,Vivaan Rossi,user811@streamflix-mail.com,Male,63,Dubai,United Arab Emirates,2023-01-22
812,Jin Rossi,user812@streamflix-mail.com,Male,54,Seoul,South Korea,2024-05-31
813,Sophia Brown,user813@streamflix-mail.com,Male,43,Manchester,United Kingdom,2026-06-06
814,Diya Davis,user814@streamflix-mail.com,Male,43,Pune,India,2021-10-20
815,Yuki Johnson,user815@streamflix-mail.com,Female,68,Singapore,Singapore,2025-12-07
816,Hana Singh,user816@streamflix-mail.com,Male,24,Hyderabad,India,2022-05-28
817,Vivaan Dubois,user817@streamflix-mail.com,Female,67,Bengaluru,India,2025-07-02
818,Arjun Davis,user818@streamflix-mail.com,Male,49,New York,United States,2019-10-06
819,Ethan Wang,user819@streamflix-mail.com,Male,48,Kolkata,India,2021-01-03
820,Valentina Reddy,user820@streamflix-mail.com,Other,46,Bengaluru,India,2023-09-02
821,Aarav Silva,user821@streamflix-mail.com,Female,59,Delhi,India,2024-04-17
822,Ethan Park,user822@streamflix-mail.com,Female,51,Berlin,Germany,2025-01-08
823,Sai Tanaka,user823@streamflix-mail.com,Female,18,Sydney,Australia,2021-09-06
824,Ethan Iyer,user824@streamflix-mail.com,Male,57,Singapore,Singapore,2023-09-07
825,Noah Wilson,user825@streamflix-mail.com,Female,54,Delhi,India,2023-08-27
826,Vihaan Davis,user826@streamflix-mail.com,Female,65,Dubai,United Arab Emirates,2026-05-19
827,Sophia Wilson,user827@streamflix-mail.com,Male,66,New York,United States,2019-11-17
828,Jin Verma,user828@streamflix-mail.com,Female,67,Singapore,Singapore,2019-02-14
829,Min Miller,user829@streamflix-mail.com,Female,15,Chicago,United States,2023-04-24
830,Vivaan Patel,user830@streamflix-mail.com,Female,48,Pune,India,2019-02-12
831,Ishaan Kim,user831@streamflix-mail.com,Female,66,Chennai,India,2020-06-20
832,Ishaan Khan,user832@streamflix-mail.com,Female,68,Bengaluru,India,2022-10-01
833,Kiara Garcia,user833@streamflix-mail.com,Male,44,Tokyo,Japan,2021-01-03
834,Sai Kim,user834@streamflix-mail.com,Other,64,Los Angeles,United States,2020-12-30
835,Min Verma,user835@streamflix-mail.com,Male,63,Dubai,United Arab Emirates,2021-08-06
836,Yuki Silva,user836@streamflix-mail.com,Male,13,Tokyo,Japan,2024-02-23
837,Chen Wang,user837@streamflix-mail.com,Male,63,Hyderabad,India,2021-09-28
838,Ayaan Verma,user838@streamflix-mail.com,Female,49,Kolkata,India,2024-12-11
839,Aarav Verma,user839@streamflix-mail.com,Other,45,Bengaluru,India,2020-03-11
840,Sofia Muller,user840@streamflix-mail.com,Female,23,Mumbai,India,2019-10-08
841,Diya Patel,user841@streamflix-mail.com,Female,65,Paris,France,2020-03-31
842,Ethan Muller,user842@streamflix-mail.com,Other,29,Sydney,Australia,2025-11-16
843,Sofia Miller,user843@streamflix-mail.com,Female,36,Chicago,United States,2021-01-29
844,Vivaan Smith,user844@streamflix-mail.com,Male,29,Pune,India,2019-03-23
845,Aarav Patel,user845@streamflix-mail.com,Female,68,Manchester,United Kingdom,2021-05-13
846,Aarav Park,user846@streamflix-mail.com,Male,40,London,United Kingdom,2024-02-28
847,Reyansh Reddy,user847@streamflix-mail.com,Male,19,Pune,India,2021-09-18
848,Aditya Brown,user848@streamflix-mail.com,Male,13,Mumbai,India,2021-11-18
849,Chen Smith,user849@streamflix-mail.com,Male,68,Chicago,United States,2019-08-25
850,Noah Iyer,user850@streamflix-mail.com,Female,26,London,United Kingdom,2024-01-02
851,Valentina Smith,user851@streamflix-mail.com,Other,56,Dubai,United Arab Emirates,2020-08-26
852,Chen Davis,user852@streamflix-mail.com,Male,14,New York,United States,2019-09-25
853,Mateo Zhang,user853@streamflix-mail.com,Female,64,Delhi,India,2024-05-11
854,Ishaan Gupta,user854@streamflix-mail.com,Male,50,Seoul,South Korea,2026-01-09
855,Diya Dubois,user855@streamflix-mail.com,Male,25,Los Angeles,United States,2023-07-30
856,Hana Dubois,user856@streamflix-mail.com,Male,63,Singapore,Singapore,2026-01-10
857,Ishaan Zhang,user857@streamflix-mail.com,Male,29,Mumbai,India,2022-01-06
858,Aditya Andersen,user858@streamflix-mail.com,Male,69,Mumbai,India,2022-11-23
859,Ethan Brown,user859@streamflix-mail.com,Male,47,Mumbai,India,2021-09-04
860,Chen Rossi,user860@streamflix-mail.com,Male,38,Dubai,United Arab Emirates,2022-10-27
861,Mateo Wang,user861@streamflix-mail.com,Male,16,Pune,India,2025-09-10
862,Lucia Wilson,user862@streamflix-mail.com,Female,27,Dubai,United Arab Emirates,2023-10-05
863,Arjun Nair,user863@streamflix-mail.com,Male,16,Berlin,Germany,2019-03-15
864,Wei Wilson,user864@streamflix-mail.com,Male,61,Sydney,Australia,2023-05-08
865,Hana Andersen,user865@streamflix-mail.com,Female,18,Paris,France,2021-10-29
866,Sophia Tanaka,user866@streamflix-mail.com,Male,19,Berlin,Germany,2023-01-28
867,Chen Garcia,user867@streamflix-mail.com,Female,20,Singapore,Singapore,2023-03-08
868,Hana Singh,user868@streamflix-mail.com,Male,68,Tokyo,Japan,2023-06-02
869,Navya Li,user869@streamflix-mail.com,Female,68,Toronto,Canada,2025-06-29
870,Vivaan Gupta,user870@streamflix-mail.com,Female,53,Pune,India,2025-06-08
871,Kiara Iyer,user871@streamflix-mail.com,Female,17,Bengaluru,India,2026-04-13
872,Krishna Wilson,user872@streamflix-mail.com,Female,41,New York,United States,2023-08-01
873,Arjun Tanaka,user873@streamflix-mail.com,Male,67,Chicago,United States,2021-02-20
874,Arjun Rao,user874@streamflix-mail.com,Male,18,Kolkata,India,2020-06-20
875,Sophia Garcia,user875@streamflix-mail.com,Male,58,Bengaluru,India,2025-05-14
876,James Rao,user876@streamflix-mail.com,Female,14,London,United Kingdom,2025-11-07
877,Emma Garcia,user877@streamflix-mail.com,Male,58,Chicago,United States,2019-04-12
878,Mia Sharma,user878@streamflix-mail.com,Male,44,Paris,France,2020-08-14
879,Emma Lee,user879@streamflix-mail.com,Female,63,Paris,France,2024-02-04
880,Ava Lee,user880@streamflix-mail.com,Male,36,Toronto,Canada,2020-03-28
881,Vihaan Rao,user881@streamflix-mail.com,Male,57,Seoul,South Korea,2019-05-18
882,Min Singh,user882@streamflix-mail.com,Female,61,Kolkata,India,2026-06-22
883,Navya Li,user883@streamflix-mail.com,Male,31,Paris,France,2019-09-21
884,Reyansh Nair,user884@streamflix-mail.com,Female,49,Berlin,Germany,2020-08-07
885,Chen Verma,user885@streamflix-mail.com,Female,39,Bengaluru,India,2026-05-31
886,Mia Verma,user886@streamflix-mail.com,Female,37,Singapore,Singapore,2019-10-02
887,Aditya Dubois,user887@streamflix-mail.com,Male,58,Chicago,United States,2024-12-29
888,Ayaan Smith,user888@streamflix-mail.com,Male,25,Chennai,India,2023-03-19
889,Aarav Reddy,user889@streamflix-mail.com,Female,19,Los Angeles,United States,2023-01-18
890,Ananya Dubois,user890@streamflix-mail.com,Female,40,Berlin,Germany,2025-03-14
891,Vihaan Iyer,user891@streamflix-mail.com,Female,59,Berlin,Germany,2019-02-28
892,Lucas Smith,user892@streamflix-mail.com,Male,22,Kolkata,India,2019-06-16
893,James Sharma,user893@streamflix-mail.com,Male,32,Chicago,United States,2020-06-19
894,Valentina Zhang,user894@streamflix-mail.com,Male,51,London,United Kingdom,2022-09-03
895,Mia Zhang,user895@streamflix-mail.com,Male,40,Singapore,Singapore,2026-03-19
896,Noah Li,user896@streamflix-mail.com,Male,47,Chicago,United States,2019-07-07
897,James Singh,user897@streamflix-mail.com,Female,43,New York,United States,2022-02-24
898,Aditya Rao,user898@streamflix-mail.com,Male,59,Berlin,Germany,2022-03-19
899,Aditya Kowalski,user899@streamflix-mail.com,Female,62,New York,United States,2020-06-22
900,Noah Rossi,user900@streamflix-mail.com,Female,38,Chennai,India,2021-07-30
901,Aarav Verma,user901@streamflix-mail.com,Male,37,Kolkata,India,2020-07-04
902,Vivaan Zhang,user902@streamflix-mail.com,Female,28,Kolkata,India,2020-01-11
903,Krishna Rossi,user903@streamflix-mail.com,Female,38,Manchester,United Kingdom,2022-11-28
904,Jin Wilson,user904@streamflix-mail.com,Male,60,Sydney,Australia,2025-12-24
905,Kiara Park,user905@streamflix-mail.com,Male,41,Bengaluru,India,2022-01-11
906,Lucas Sharma,user906@streamflix-mail.com,Female,52,Seoul,South Korea,2023-10-05
907,Anika Sharma,user907@streamflix-mail.com,Female,36,Chennai,India,2024-01-09
908,Reyansh Verma,user908@streamflix-mail.com,Female,53,Bengaluru,India,2025-04-27
909,Sara Iyer,user909@streamflix-mail.com,Other,53,Sydney,Australia,2025-03-08
910,Vihaan Tanaka,user910@streamflix-mail.com,Male,43,Pune,India,2025-10-16
911,Wei Park,user911@streamflix-mail.com,Female,66,Dubai,United Arab Emirates,2025-02-08
912,Ayaan Silva,user912@streamflix-mail.com,Female,62,Berlin,Germany,2025-12-21
913,Ira Patel,user913@streamflix-mail.com,Female,22,Sydney,Australia,2026-03-30
914,Valentina Kowalski,user914@streamflix-mail.com,Female,25,Dubai,United Arab Emirates,2024-08-10
915,Olivia Nair,user915@streamflix-mail.com,Female,67,Chicago,United States,2022-09-12
916,Kiara Andersen,user916@streamflix-mail.com,Female,35,Kolkata,India,2021-04-20
917,Emma Sharma,user917@streamflix-mail.com,Male,30,Toronto,Canada,2023-04-14
918,Yuki Sharma,user918@streamflix-mail.com,Female,58,New York,United States,2025-03-19
919,Ananya Gupta,user919@streamflix-mail.com,Male,47,Seoul,South Korea,2024-08-25
920,Ava Silva,user920@streamflix-mail.com,Female,20,Chicago,United States,2022-11-25
921,Min Singh,user921@streamflix-mail.com,Female,18,Chicago,United States,2019-07-28
922,Liam Garcia,user922@streamflix-mail.com,Female,59,Sydney,Australia,2021-01-13
923,Navya Miller,user923@streamflix-mail.com,Male,56,Hyderabad,India,2023-04-30
924,Sai Silva,user924@streamflix-mail.com,Female,33,Manchester,United Kingdom,2021-11-22
925,Ishaan Smith,user925@streamflix-mail.com,Male,62,Dubai,United Arab Emirates,2022-06-02
926,Lucia Sharma,user926@streamflix-mail.com,Male,20,Dubai,United Arab Emirates,2021-04-04
927,Emma Johnson,user927@streamflix-mail.com,Male,62,Pune,India,2019-07-28
928,Aadhya Patel,user928@streamflix-mail.com,Female,17,Delhi,India,2022-06-30
929,Anika Wang,user929@streamflix-mail.com,Male,49,Hyderabad,India,2022-05-03
930,Olivia Li,user930@streamflix-mail.com,Other,61,Tokyo,Japan,2024-11-09
931,Emma Gupta,user931@streamflix-mail.com,Male,48,Chennai,India,2019-11-04
932,Sophia Silva,user932@streamflix-mail.com,Female,57,Delhi,India,2022-08-20
933,Ananya Gupta,user933@streamflix-mail.com,Female,32,Manchester,United Kingdom,2025-05-26
934,Ava Kim,user934@streamflix-mail.com,Female,29,Seoul,South Korea,2021-01-03
935,Navya Johnson,user935@streamflix-mail.com,Female,28,Pune,India,2021-05-15
936,Lucia Rao,user936@streamflix-mail.com,Female,19,Mumbai,India,2019-08-28
937,Reyansh Miller,user937@streamflix-mail.com,Female,28,Bengaluru,India,2023-04-23
938,Sai Rao,user938@streamflix-mail.com,Female,27,Bengaluru,India,2025-06-01
939,Kiara Silva,user939@streamflix-mail.com,Male,56,Pune,India,2022-08-11
940,James Tanaka,user940@streamflix-mail.com,Male,25,Hyderabad,India,2022-02-16
941,Sophia Rossi,user941@streamflix-mail.com,Female,22,Toronto,Canada,2024-08-12
942,Anika Garcia,user942@streamflix-mail.com,Female,54,Pune,India,2022-04-24
943,Sofia Davis,user943@streamflix-mail.com,Female,43,London,United Kingdom,2021-12-27
944,Kiara Garcia,user944@streamflix-mail.com,Female,25,Los Angeles,United States,2024-09-22
945,Sai Silva,user945@streamflix-mail.com,Male,53,Sydney,Australia,2021-02-16
946,Arjun Wilson,user946@streamflix-mail.com,Female,25,Sydney,Australia,2025-05-15
947,Mateo Miller,user947@streamflix-mail.com,Female,57,Manchester,United Kingdom,2021-01-04
948,Sai Brown,user948@streamflix-mail.com,Female,14,Seoul,South Korea,2022-10-31
949,Lucia Johnson,user949@streamflix-mail.com,Female,46,Hyderabad,India,2020-11-16
950,Diya Wilson,user950@streamflix-mail.com,Female,47,London,United Kingdom,2023-09-28
951,Vihaan Zhang,user951@streamflix-mail.com,Female,34,New York,United States,2022-04-03
952,Aadhya Brown,user952@streamflix-mail.com,Other,52,London,United Kingdom,2020-10-16
953,Noah Rossi,user953@streamflix-mail.com,Male,34,Bengaluru,India,2024-07-30
954,Navya Rossi,user954@streamflix-mail.com,Female,50,Kolkata,India,2026-01-04
955,Yuki Brown,user955@streamflix-mail.com,Female,25,Berlin,Germany,2019-03-18
956,Noah Andersen,user956@streamflix-mail.com,Male,45,Tokyo,Japan,2023-04-04
957,Anika Nair,user957@streamflix-mail.com,Male,56,Los Angeles,United States,2024-05-21
958,Ava Andersen,user958@streamflix-mail.com,Female,68,Bengaluru,India,2024-05-24
959,Mateo Patel,user959@streamflix-mail.com,Male,33,Toronto,Canada,2020-08-26
960,Anika Wilson,user960@streamflix-mail.com,Female,39,Kolkata,India,2019-11-09
961,Reyansh Patel,user961@streamflix-mail.com,Male,40,Kolkata,India,2022-11-07
962,Anika Garcia,user962@streamflix-mail.com,Male,62,Delhi,India,2023-10-10
963,Hana Smith,user963@streamflix-mail.com,Female,67,Chennai,India,2021-03-03
964,Krishna Wang,user964@streamflix-mail.com,Male,49,Pune,India,2021-10-07
965,Lucia Gupta,user965@streamflix-mail.com,Male,59,Mumbai,India,2022-12-27
966,Olivia Muller,user966@streamflix-mail.com,Female,17,Manchester,United Kingdom,2022-05-17
967,Noah Andersen,user967@streamflix-mail.com,Female,56,Paris,France,2022-08-16
968,Aadhya Wilson,user968@streamflix-mail.com,Male,59,Bengaluru,India,2024-02-11
969,Sofia Wilson,user969@streamflix-mail.com,Female,53,Delhi,India,2026-05-19
970,Vivaan Zhang,user970@streamflix-mail.com,Female,46,Bengaluru,India,2024-12-20
971,Diya Nair,user971@streamflix-mail.com,Female,64,London,United Kingdom,2019-01-23
972,Anika Li,user972@streamflix-mail.com,Male,50,Tokyo,Japan,2021-08-14
973,Aarohi Khan,user973@streamflix-mail.com,Male,61,Kolkata,India,2019-01-27
974,Kiara Zhang,user974@streamflix-mail.com,Female,23,Bengaluru,India,2025-07-18
975,Sai Rao,user975@streamflix-mail.com,Female,50,Delhi,India,2023-10-31
976,Ishaan Li,user976@streamflix-mail.com,Male,37,Toronto,Canada,2020-08-22
977,Vihaan Silva,user977@streamflix-mail.com,Female,62,New York,United States,2025-04-16
978,Liam Khan,user978@streamflix-mail.com,Male,63,New York,United States,2023-03-22
979,Sara Kim,user979@streamflix-mail.com,Female,61,Pune,India,2019-05-21
980,Liam Miller,user980@streamflix-mail.com,Female,25,Seoul,South Korea,2020-02-19
981,Olivia Patel,user981@streamflix-mail.com,Other,41,New York,United States,2025-01-24
982,Lucas Lee,user982@streamflix-mail.com,Other,13,Singapore,Singapore,2021-03-02
983,Emma Tanaka,user983@streamflix-mail.com,Male,68,Singapore,Singapore,2022-12-07
984,Ava Sharma,user984@streamflix-mail.com,Female,27,Delhi,India,2025-09-17
985,Olivia Kowalski,user985@streamflix-mail.com,Male,48,Pune,India,2021-03-02
986,Ethan Muller,user986@streamflix-mail.com,Female,40,Seoul,South Korea,2019-02-01
987,Noah Davis,user987@streamflix-mail.com,Female,64,Seoul,South Korea,2019-08-18
988,Aadhya Kim,user988@streamflix-mail.com,Male,59,Los Angeles,United States,2025-11-11
989,Ishaan Johnson,user989@streamflix-mail.com,Male,57,Hyderabad,India,2023-07-01
990,Yuki Reddy,user990@streamflix-mail.com,Male,49,Chennai,India,2021-06-18
991,Myra Lee,user991@streamflix-mail.com,Male,19,Berlin,Germany,2019-08-04
992,Emma Rossi,user992@streamflix-mail.com,Male,65,Sydney,Australia,2024-03-20
993,Ayaan Khan,user993@streamflix-mail.com,Female,16,Delhi,India,2019-04-19
994,Navya Wang,user994@streamflix-mail.com,Female,38,Singapore,Singapore,2019-09-09
995,Emma Li,user995@streamflix-mail.com,Female,34,Bengaluru,India,2023-06-15
996,Ava Li,user996@streamflix-mail.com,Female,35,Kolkata,India,2023-10-22
997,Emma Smith,user997@streamflix-mail.com,Female,68,Chicago,United States,2023-04-10
998,Sara Johnson,user998@streamflix-mail.com,Male,26,New York,United States,2025-10-26
999,Mateo Brown,user999@streamflix-mail.com,Female,46,Sydney,Australia,2021-01-06
1000,James Muller,user1000@streamflix-mail.com,Female,25,Hyderabad,India,2023-03-01
1001,Chen Andersen,user1001@streamflix-mail.com,Female,64,Seoul,South Korea,2021-04-17
1002,Mia Brown,user1002@streamflix-mail.com,Female,54,Manchester,United Kingdom,2021-09-18
1003,Liam Tanaka,user1003@streamflix-mail.com,Female,36,Kolkata,India,2020-02-17
1004,Jin Lee,user1004@streamflix-mail.com,Female,17,Paris,France,2024-12-12
1005,Sai Johnson,user1005@streamflix-mail.com,Female,21,Chicago,United States,2024-04-10
1006,Sofia Sharma,user1006@streamflix-mail.com,Male,26,Los Angeles,United States,2024-05-05
1007,Min Kim,user1007@streamflix-mail.com,Female,36,Mumbai,India,2020-01-25
1008,James Park,user1008@streamflix-mail.com,Male,63,Paris,France,2019-11-19
1009,Mia Tanaka,user1009@streamflix-mail.com,Male,19,Tokyo,Japan,2024-11-11
1010,James Wang,user1010@streamflix-mail.com,Female,45,Hyderabad,India,2023-12-28
1011,Ananya Sharma,user1011@streamflix-mail.com,Male,32,Berlin,Germany,2019-03-23
1012,Yuki Lee,user1012@streamflix-mail.com,Other,15,Dubai,United Arab Emirates,2023-12-25
1013,Ishaan Li,user1013@streamflix-mail.com,Male,48,Los Angeles,United States,2026-05-07
1014,Aadhya Miller,user1014@streamflix-mail.com,Female,53,Berlin,Germany,2024-08-20
1015,James Brown,user1015@streamflix-mail.com,Male,67,Manchester,United Kingdom,2021-01-30
1016,Hana Rossi,user1016@streamflix-mail.com,Other,41,Sydney,Australia,2021-05-16
1017,Ira Kim,user1017@streamflix-mail.com,Male,31,Hyderabad,India,2024-08-21
1018,Aarohi Zhang,user1018@streamflix-mail.com,Male,61,Bengaluru,India,2022-01-03
1019,Vivaan Garcia,user1019@streamflix-mail.com,Male,27,London,United Kingdom,2024-07-10
1020,Arjun Patel,user1020@streamflix-mail.com,Female,51,Kolkata,India,2026-03-13
1021,Aditya Davis,user1021@streamflix-mail.com,Other,66,Paris,France,2022-01-15
1022,Aditya Kowalski,user1022@streamflix-mail.com,Other,13,Delhi,India,2023-04-20
1023,Min Kim,user1023@streamflix-mail.com,Male,65,Dubai,United Arab Emirates,2022-09-02
1024,Hana Wang,user1024@streamflix-mail.com,Female,24,Toronto,Canada,2022-10-24
1025,Chen Reddy,user1025@streamflix-mail.com,Male,40,Seoul,South Korea,2019-07-27
1026,Aditya Tanaka,user1026@streamflix-mail.com,Female,27,Paris,France,2026-05-25
1027,Vihaan Singh,user1027@streamflix-mail.com,Female,21,Seoul,South Korea,2023-01-20
1028,Diya Tanaka,user1028@streamflix-mail.com,Male,53,New York,United States,2020-09-20
1029,Liam Garcia,user1029@streamflix-mail.com,Female,40,Sydney,Australia,2023-04-21
1030,Myra Andersen,user1030@streamflix-mail.com,Female,42,Hyderabad,India,2021-12-25
1031,Aarohi Dubois,user1031@streamflix-mail.com,Male,40,Chicago,United States,2025-02-28
1032,Reyansh Li,user1032@streamflix-mail.com,Male,55,Chennai,India,2024-09-11
1033,Mia Andersen,user1033@streamflix-mail.com,Male,68,Chennai,India,2021-11-12
1034,Aadhya Kim,user1034@streamflix-mail.com,Male,42,Manchester,United Kingdom,2024-05-06
1035,Aditya Muller,user1035@streamflix-mail.com,Male,21,Bengaluru,India,2019-04-01
1036,Mia Nair,user1036@streamflix-mail.com,Female,31,Manchester,United Kingdom,2026-03-31
1037,Sofia Gupta,user1037@streamflix-mail.com,Male,41,Los Angeles,United States,2022-10-30
1038,Aarav Wilson,user1038@streamflix-mail.com,Female,18,Pune,India,2023-11-27
1039,Navya Rossi,user1039@streamflix-mail.com,Female,26,Manchester,United Kingdom,2023-11-02
1040,Hana Li,user1040@streamflix-mail.com,Female,24,Dubai,United Arab Emirates,2021-05-07
1041,Lucas Davis,user1041@streamflix-mail.com,Female,68,Toronto,Canada,2024-03-03
1042,Min Davis,user1042@streamflix-mail.com,Male,35,Delhi,India,2021-12-24
1043,Anika Kim,user1043@streamflix-mail.com,Male,63,Manchester,United Kingdom,2024-02-07
1044,Sara Dubois,user1044@streamflix-mail.com,Male,44,Toronto,Canada,2019-09-03
1045,Lucas Muller,user1045@streamflix-mail.com,Other,41,Sydney,Australia,2020-02-04
1046,Reyansh Reddy,user1046@streamflix-mail.com,Other,66,Los Angeles,United States,2025-12-04
1047,Ishaan Lee,user1047@streamflix-mail.com,Male,52,Delhi,India,2024-07-07
1048,Noah Johnson,user1048@streamflix-mail.com,Male,26,Bengaluru,India,2019-12-19
1049,Ethan Silva,user1049@streamflix-mail.com,Female,29,Kolkata,India,2020-08-08
1050,Arjun Davis,user1050@streamflix-mail.com,Male,50,Toronto,Canada,2023-02-03
1051,James Tanaka,user1051@streamflix-mail.com,Other,13,Singapore,Singapore,2019-01-17
1052,Sara Brown,user1052@streamflix-mail.com,Male,21,Sydney,Australia,2022-01-04
1053,James Zhang,user1053@streamflix-mail.com,Male,17,Kolkata,India,2021-06-13
1054,Mateo Reddy,user1054@streamflix-mail.com,Male,53,Los Angeles,United States,2020-01-03
1055,Vihaan Andersen,user1055@streamflix-mail.com,Male,38,Mumbai,India,2021-03-31
1056,Valentina Iyer,user1056@streamflix-mail.com,Male,13,Dubai,United Arab Emirates,2021-03-13
1057,Navya Johnson,user1057@streamflix-mail.com,Female,55,New York,United States,2019-07-03
1058,Wei Muller,user1058@streamflix-mail.com,Male,50,London,United Kingdom,2023-10-01
1059,Anika Tanaka,user1059@streamflix-mail.com,Female,53,Los Angeles,United States,2021-01-15
1060,Aadhya Miller,user1060@streamflix-mail.com,Male,22,Chennai,India,2019-03-27
1061,Wei Miller,user1061@streamflix-mail.com,Male,62,Hyderabad,India,2019-03-02
1062,Sophia Verma,user1062@streamflix-mail.com,Male,23,Paris,France,2026-03-29
1063,Sai Tanaka,user1063@streamflix-mail.com,Male,45,Bengaluru,India,2019-11-20
1064,Lucas Sharma,user1064@streamflix-mail.com,Male,44,Berlin,Germany,2025-10-25
1065,Wei Sharma,user1065@streamflix-mail.com,Male,25,Bengaluru,India,2020-04-01
1066,Ira Miller,user1066@streamflix-mail.com,Female,34,Delhi,India,2019-08-20
1067,Lucia Sharma,user1067@streamflix-mail.com,Female,15,Berlin,Germany,2023-02-02
1068,Ava Iyer,user1068@streamflix-mail.com,Female,39,Berlin,Germany,2025-07-05
1069,Myra Kim,user1069@streamflix-mail.com,Male,51,Seoul,South Korea,2019-07-16
1070,Aarav Wang,user1070@streamflix-mail.com,Female,30,Dubai,United Arab Emirates,2021-06-18
1071,Ethan Patel,user1071@streamflix-mail.com,Female,43,Chicago,United States,2024-08-22
1072,Krishna Silva,user1072@streamflix-mail.com,Male,67,Bengaluru,India,2019-07-04
1073,Wei Kim,user1073@streamflix-mail.com,Male,26,Manchester,United Kingdom,2020-04-09
1074,Emma Khan,user1074@streamflix-mail.com,Female,29,London,United Kingdom,2021-04-18
1075,Kiara Wang,user1075@streamflix-mail.com,Female,19,Singapore,Singapore,2025-01-17
1076,Reyansh Lee,user1076@streamflix-mail.com,Male,43,Mumbai,India,2025-01-23
1077,Lucas Rossi,user1077@streamflix-mail.com,Male,24,Delhi,India,2024-04-26
1078,Reyansh Iyer,user1078@streamflix-mail.com,Other,61,Manchester,United Kingdom,2023-12-29
1079,Anika Khan,user1079@streamflix-mail.com,Male,29,Seoul,South Korea,2019-03-13
1080,Hana Rao,user1080@streamflix-mail.com,Female,50,Berlin,Germany,2020-10-15
1081,Sofia Smith,user1081@streamflix-mail.com,Female,23,Manchester,United Kingdom,2025-11-28
1082,Valentina Dubois,user1082@streamflix-mail.com,Female,31,New York,United States,2024-05-23
1083,Mateo Wang,user1083@streamflix-mail.com,Female,22,Chicago,United States,2020-10-21
1084,Liam Wilson,user1084@streamflix-mail.com,Male,44,London,United Kingdom,2024-04-22
1085,Krishna Wilson,user1085@streamflix-mail.com,Female,14,Toronto,Canada,2024-06-06
1086,Hana Dubois,user1086@streamflix-mail.com,Female,17,Pune,India,2024-07-26
1087,Chen Garcia,user1087@streamflix-mail.com,Female,41,New York,United States,2026-05-07
1088,Valentina Khan,user1088@streamflix-mail.com,Male,44,London,United Kingdom,2023-01-20
1089,Ethan Iyer,user1089@streamflix-mail.com,Male,31,Seoul,South Korea,2019-06-13
1090,Sai Rao,user1090@streamflix-mail.com,Male,37,Tokyo,Japan,2025-02-20
1091,James Park,user1091@streamflix-mail.com,Male,36,Dubai,United Arab Emirates,2019-02-10
1092,Navya Miller,user1092@streamflix-mail.com,Female,56,Pune,India,2023-10-23
1093,Hana Brown,user1093@streamflix-mail.com,Female,38,Los Angeles,United States,2024-12-20
1094,Ira Miller,user1094@streamflix-mail.com,Female,61,Manchester,United Kingdom,2019-12-10
1095,Myra Tanaka,user1095@streamflix-mail.com,Female,25,Paris,France,2024-12-23
1096,Vihaan Tanaka,user1096@streamflix-mail.com,Male,24,New York,United States,2025-01-27
1097,Hana Iyer,user1097@streamflix-mail.com,Male,36,Berlin,Germany,2023-11-26
1098,Wei Reddy,user1098@streamflix-mail.com,Male,17,Singapore,Singapore,2021-06-05
1099,Vivaan Singh,user1099@streamflix-mail.com,Male,51,Toronto,Canada,2020-07-06
1100,Navya Muller,user1100@streamflix-mail.com,Male,35,Singapore,Singapore,2024-04-14
1101,Aarohi Garcia,user1101@streamflix-mail.com,Male,33,Dubai,United Arab Emirates,2020-03-05
1102,Kiara Muller,user1102@streamflix-mail.com,Male,43,Sydney,Australia,2024-01-23
1103,Sofia Park,user1103@streamflix-mail.com,Female,17,Sydney,Australia,2020-04-09
1104,Reyansh Wilson,user1104@streamflix-mail.com,Male,34,New York,United States,2021-07-08
1105,Aadhya Patel,user1105@streamflix-mail.com,Male,68,Los Angeles,United States,2022-10-18
1106,Ayaan Smith,user1106@streamflix-mail.com,Male,48,Manchester,United Kingdom,2020-03-18
1107,Ishaan Iyer,user1107@streamflix-mail.com,Female,45,Tokyo,Japan,2024-12-15
1108,Sofia Davis,user1108@streamflix-mail.com,Female,41,Sydney,Australia,2024-03-17
1109,Lucia Patel,user1109@streamflix-mail.com,Male,39,Paris,France,2019-02-14
1110,Vivaan Patel,user1110@streamflix-mail.com,Male,66,Sydney,Australia,2025-05-13
1111,Ava Verma,user1111@streamflix-mail.com,Female,66,Los Angeles,United States,2024-05-16
1112,Ishaan Silva,user1112@streamflix-mail.com,Female,36,Manchester,United Kingdom,2025-04-14
1113,Ayaan Kowalski,user1113@streamflix-mail.com,Female,65,Toronto,Canada,2023-07-06
1114,Diya Miller,user1114@streamflix-mail.com,Female,17,Seoul,South Korea,2023-09-12
1115,Ayaan Wilson,user1115@streamflix-mail.com,Female,31,Chennai,India,2021-11-16
1116,Aarohi Andersen,user1116@streamflix-mail.com,Female,30,Pune,India,2020-09-14
1117,Valentina Davis,user1117@streamflix-mail.com,Male,52,Pune,India,2020-10-06
1118,Olivia Kim,user1118@streamflix-mail.com,Female,47,Delhi,India,2021-05-15
1119,Lucas Brown,user1119@streamflix-mail.com,Male,39,Sydney,Australia,2021-03-07
1120,Aarohi Davis,user1120@streamflix-mail.com,Female,27,Paris,France,2024-08-28
1121,Aarav Davis,user1121@streamflix-mail.com,Male,41,Toronto,Canada,2022-12-06
1122,Vihaan Wang,user1122@streamflix-mail.com,Male,28,Delhi,India,2022-01-29
1123,Ananya Kim,user1123@streamflix-mail.com,Female,41,New York,United States,2024-06-08
1124,Ishaan Davis,user1124@streamflix-mail.com,Female,32,Berlin,Germany,2024-06-28
1125,Hana Gupta,user1125@streamflix-mail.com,Male,63,Delhi,India,2026-01-03
1126,Hana Andersen,user1126@streamflix-mail.com,Other,55,Toronto,Canada,2021-04-27
1127,Min Dubois,user1127@streamflix-mail.com,Male,22,Los Angeles,United States,2020-10-28
1128,Ava Nair,user1128@streamflix-mail.com,Male,66,Berlin,Germany,2019-01-18
1129,Liam Patel,user1129@streamflix-mail.com,Female,50,London,United Kingdom,2020-03-13
1130,Ava Tanaka,user1130@streamflix-mail.com,Male,32,Manchester,United Kingdom,2023-07-11
1131,Anika Rao,user1131@streamflix-mail.com,Male,43,Singapore,Singapore,2025-01-24
1132,Ethan Rossi,user1132@streamflix-mail.com,Female,24,Tokyo,Japan,2023-07-04
1133,Yuki Silva,user1133@streamflix-mail.com,Male,15,London,United Kingdom,2026-06-08
1134,Wei Muller,user1134@streamflix-mail.com,Male,36,Singapore,Singapore,2023-09-15
1135,Noah Sharma,user1135@streamflix-mail.com,Male,57,Tokyo,Japan,2025-08-13
1136,Aditya Miller,user1136@streamflix-mail.com,Female,33,London,United Kingdom,2021-01-04
1137,Lucas Wilson,user1137@streamflix-mail.com,Male,34,Singapore,Singapore,2021-06-05
1138,Sara Muller,user1138@streamflix-mail.com,Male,69,New York,United States,2025-01-29
1139,Mia Khan,user1139@streamflix-mail.com,Female,69,New York,United States,2023-12-15
1140,Emma Rao,user1140@streamflix-mail.com,Male,39,Mumbai,India,2022-08-27
1141,Jin Nair,user1141@streamflix-mail.com,Male,15,Sydney,Australia,2026-03-01
1142,Myra Li,user1142@streamflix-mail.com,Female,51,Chennai,India,2024-09-18
1143,Lucia Tanaka,user1143@streamflix-mail.com,Female,53,Tokyo,Japan,2021-03-19
1144,Hana Iyer,user1144@streamflix-mail.com,Male,65,Paris,France,2023-08-01
1145,Myra Khan,user1145@streamflix-mail.com,Female,67,Seoul,South Korea,2021-12-20
1146,Aarohi Rao,user1146@streamflix-mail.com,Female,48,Chennai,India,2022-02-13
1147,Emma Dubois,user1147@streamflix-mail.com,Male,19,Sydney,Australia,2025-01-13
1148,Wei Garcia,user1148@streamflix-mail.com,Female,27,Dubai,United Arab Emirates,2024-02-04
1149,Sophia Patel,user1149@streamflix-mail.com,Female,53,London,United Kingdom,2019-02-03
1150,Min Rao,user1150@streamflix-mail.com,Female,47,London,United Kingdom,2023-04-24
1151,Sara Lee,user1151@streamflix-mail.com,Female,37,Los Angeles,United States,2023-11-07
1152,James Johnson,user1152@streamflix-mail.com,Female,35,Kolkata,India,2022-10-30
1153,Navya Iyer,user1153@streamflix-mail.com,Other,53,Manchester,United Kingdom,2021-04-01
1154,Sofia Rossi,user1154@streamflix-mail.com,Female,37,Paris,France,2023-11-11
1155,Aadhya Brown,user1155@streamflix-mail.com,Female,21,Pune,India,2026-02-07
1156,Olivia Singh,user1156@streamflix-mail.com,Female,68,Mumbai,India,2019-08-24
1157,Arjun Wang,user1157@streamflix-mail.com,Female,32,Delhi,India,2023-07-09
1158,Min Li,user1158@streamflix-mail.com,Female,28,Manchester,United Kingdom,2025-10-28
1159,Ira Iyer,user1159@streamflix-mail.com,Male,16,Chennai,India,2022-01-01
1160,Myra Gupta,user1160@streamflix-mail.com,Male,39,Chicago,United States,2021-07-06
1161,Olivia Verma,user1161@streamflix-mail.com,Female,69,Paris,France,2020-11-08
1162,Aarohi Li,user1162@streamflix-mail.com,Male,22,Delhi,India,2020-09-07
1163,Hana Kim,user1163@streamflix-mail.com,Female,26,Hyderabad,India,2021-12-06
1164,Emma Silva,user1164@streamflix-mail.com,Female,23,Pune,India,2024-10-14
1165,James Kim,user1165@streamflix-mail.com,Female,18,Chicago,United States,2020-05-12
1166,Arjun Brown,user1166@streamflix-mail.com,Male,47,Sydney,Australia,2020-09-25
1167,Aarav Lee,user1167@streamflix-mail.com,Female,29,Hyderabad,India,2026-06-27
1168,Ira Wang,user1168@streamflix-mail.com,Male,55,Bengaluru,India,2026-06-19
1169,Valentina Johnson,user1169@streamflix-mail.com,Female,35,Delhi,India,2020-09-13
1170,Sofia Andersen,user1170@streamflix-mail.com,Male,49,Tokyo,Japan,2022-02-25
1171,Ava Dubois,user1171@streamflix-mail.com,Female,18,Mumbai,India,2022-01-09
1172,Ava Rossi,user1172@streamflix-mail.com,Female,31,Toronto,Canada,2021-03-23
1173,Ira Tanaka,user1173@streamflix-mail.com,Female,36,Manchester,United Kingdom,2020-02-23
1174,Ayaan Johnson,user1174@streamflix-mail.com,Female,16,Bengaluru,India,2019-06-19
1175,Aarav Reddy,user1175@streamflix-mail.com,Male,36,Manchester,United Kingdom,2023-08-08
1176,Myra Miller,user1176@streamflix-mail.com,Male,39,Chennai,India,2019-04-25
1177,Aadhya Li,user1177@streamflix-mail.com,Male,36,London,United Kingdom,2023-08-28
1178,Ayaan Silva,user1178@streamflix-mail.com,Other,41,Bengaluru,India,2019-09-18
1179,Ananya Johnson,user1179@streamflix-mail.com,Female,58,Sydney,Australia,2020-02-27
1180,Aarav Patel,user1180@streamflix-mail.com,Male,56,Dubai,United Arab Emirates,2019-01-14
1181,Noah Garcia,user1181@streamflix-mail.com,Male,13,Mumbai,India,2021-12-25
1182,Lucia Rossi,user1182@streamflix-mail.com,Male,49,London,United Kingdom,2021-06-14
1183,Sophia Verma,user1183@streamflix-mail.com,Female,64,Toronto,Canada,2021-06-28
1184,Navya Rao,user1184@streamflix-mail.com,Male,62,Mumbai,India,2021-04-30
1185,Anika Khan,user1185@streamflix-mail.com,Male,31,Singapore,Singapore,2026-01-13
1186,Aadhya Rossi,user1186@streamflix-mail.com,Male,57,London,United Kingdom,2022-03-23
1187,Sai Miller,user1187@streamflix-mail.com,Male,58,Kolkata,India,2025-01-24
1188,Olivia Gupta,user1188@streamflix-mail.com,Male,33,Chicago,United States,2020-09-29
1189,Liam Singh,user1189@streamflix-mail.com,Male,62,Sydney,Australia,2022-08-15
1190,Aarav Verma,user1190@streamflix-mail.com,Female,49,Toronto,Canada,2019-06-21
1191,Anika Miller,user1191@streamflix-mail.com,Female,55,Dubai,United Arab Emirates,2020-12-09
1192,Diya Tanaka,user1192@streamflix-mail.com,Male,55,Mumbai,India,2019-07-14
1193,Reyansh Lee,user1193@streamflix-mail.com,Female,57,Dubai,United Arab Emirates,2019-02-26
1194,Lucas Dubois,user1194@streamflix-mail.com,Female,67,Mumbai,India,2020-05-13
1195,Emma Li,user1195@streamflix-mail.com,Female,61,Sydney,Australia,2020-03-11
1196,Ava Dubois,user1196@streamflix-mail.com,Female,37,Kolkata,India,2021-05-16
1197,Lucas Rao,user1197@streamflix-mail.com,Male,45,Delhi,India,2024-07-29
1198,Valentina Kowalski,user1198@streamflix-mail.com,Female,49,Sydney,Australia,2020-02-10
1199,Chen Singh,user1199@streamflix-mail.com,Female,61,Manchester,United Kingdom,2023-07-31
1200,Noah Garcia,user1200@streamflix-mail.com,Female,35,Sydney,Australia,2021-09-26
1201,Jin Zhang,user1201@streamflix-mail.com,Male,30,New York,United States,2022-01-07
1202,Aarohi Patel,user1202@streamflix-mail.com,Male,55,Chennai,India,2025-11-30
1203,Valentina Singh,user1203@streamflix-mail.com,Male,67,Toronto,Canada,2022-06-26
1204,Wei Reddy,user1204@streamflix-mail.com,Other,64,Pune,India,2020-12-17
1205,Ethan Sharma,user1205@streamflix-mail.com,Female,21,Tokyo,Japan,2020-10-13
1206,Sofia Davis,user1206@streamflix-mail.com,Male,65,Sydney,Australia,2020-04-06
1207,James Tanaka,user1207@streamflix-mail.com,Female,57,Paris,France,2025-01-04
1208,Lucas Khan,user1208@streamflix-mail.com,Male,21,Mumbai,India,2023-12-26
1209,Diya Garcia,user1209@streamflix-mail.com,Male,13,Manchester,United Kingdom,2021-01-03
1210,Mateo Kowalski,user1210@streamflix-mail.com,Female,24,Manchester,United Kingdom,2022-09-06
1211,Noah Silva,user1211@streamflix-mail.com,Female,65,Seoul,South Korea,2022-10-15
1212,Yuki Sharma,user1212@streamflix-mail.com,Female,56,Los Angeles,United States,2019-05-10
1213,Kiara Davis,user1213@streamflix-mail.com,Female,45,Berlin,Germany,2025-10-23
1214,Min Iyer,user1214@streamflix-mail.com,Female,48,Pune,India,2024-11-27
1215,Aditya Singh,user1215@streamflix-mail.com,Female,36,Seoul,South Korea,2023-01-05
1216,Arjun Singh,user1216@streamflix-mail.com,Male,64,London,United Kingdom,2024-05-12
1217,James Kim,user1217@streamflix-mail.com,Female,21,Berlin,Germany,2019-10-26
1218,Mia Nair,user1218@streamflix-mail.com,Female,30,Pune,India,2026-04-29
1219,Chen Singh,user1219@streamflix-mail.com,Male,24,Chennai,India,2023-10-20
1220,Navya Khan,user1220@streamflix-mail.com,Male,61,Manchester,United Kingdom,2026-01-13
1221,Ava Smith,user1221@streamflix-mail.com,Male,43,Manchester,United Kingdom,2025-06-24
1222,Liam Park,user1222@streamflix-mail.com,Male,51,Bengaluru,India,2023-05-19
1223,Mateo Johnson,user1223@streamflix-mail.com,Female,65,Sydney,Australia,2021-02-28
1224,Ethan Rao,user1224@streamflix-mail.com,Male,24,Los Angeles,United States,2024-02-22
1225,Anika Davis,user1225@streamflix-mail.com,Female,67,Hyderabad,India,2022-11-03
1226,Mateo Kim,user1226@streamflix-mail.com,Male,20,London,United Kingdom,2022-01-26
1227,Arjun Sharma,user1227@streamflix-mail.com,Male,55,Sydney,Australia,2024-05-01
1228,Valentina Dubois,user1228@streamflix-mail.com,Male,53,Mumbai,India,2025-08-29
1229,Reyansh Andersen,user1229@streamflix-mail.com,Male,60,Berlin,Germany,2020-04-14
1230,Diya Kim,user1230@streamflix-mail.com,Other,22,Toronto,Canada,2023-02-22
1231,Chen Lee,user1231@streamflix-mail.com,Male,67,Chennai,India,2024-11-01
1232,Mia Zhang,user1232@streamflix-mail.com,Male,58,Dubai,United Arab Emirates,2021-06-10
1233,Mateo Garcia,user1233@streamflix-mail.com,Male,19,Tokyo,Japan,2021-07-25
1234,Mia Smith,user1234@streamflix-mail.com,Male,44,Paris,France,2019-01-26
1235,Ava Smith,user1235@streamflix-mail.com,Female,59,Dubai,United Arab Emirates,2021-06-03
1236,Myra Iyer,user1236@streamflix-mail.com,Female,40,Pune,India,2023-05-25
1237,Aarav Muller,user1237@streamflix-mail.com,Male,34,Hyderabad,India,2026-04-14
1238,Arjun Rao,user1238@streamflix-mail.com,Female,28,Pune,India,2022-12-09
1239,Diya Patel,user1239@streamflix-mail.com,Female,42,Seoul,South Korea,2021-03-07
1240,Vivaan Kowalski,user1240@streamflix-mail.com,Female,69,Kolkata,India,2025-01-31
1241,James Davis,user1241@streamflix-mail.com,Female,47,Kolkata,India,2020-05-28
1242,Yuki Kim,user1242@streamflix-mail.com,Male,54,Seoul,South Korea,2020-05-27
1243,Mateo Singh,user1243@streamflix-mail.com,Female,57,Pune,India,2022-11-28
1244,Aarohi Patel,user1244@streamflix-mail.com,Female,57,Los Angeles,United States,2025-02-10
1245,Jin Wang,user1245@streamflix-mail.com,Male,35,Chennai,India,2020-08-04
1246,Valentina Garcia,user1246@streamflix-mail.com,Other,56,Kolkata,India,2019-02-11
1247,Min Iyer,user1247@streamflix-mail.com,Female,31,Manchester,United Kingdom,2024-06-04
1248,Kiara Muller,user1248@streamflix-mail.com,Male,46,Singapore,Singapore,2023-05-28
1249,Myra Brown,user1249@streamflix-mail.com,Female,30,Chennai,India,2024-02-21
1250,Valentina Zhang,user1250@streamflix-mail.com,Female,66,Mumbai,India,2021-12-22
1251,Ishaan Smith,user1251@streamflix-mail.com,Female,54,Toronto,Canada,2019-11-21
1252,Anika Wilson,user1252@streamflix-mail.com,Female,46,London,United Kingdom,2021-06-26
1253,Aditya Silva,user1253@streamflix-mail.com,Female,38,Sydney,Australia,2022-07-10
1254,Yuki Dubois,user1254@streamflix-mail.com,Female,42,Chicago,United States,2022-04-01
1255,Ava Khan,user1255@streamflix-mail.com,Female,57,Dubai,United Arab Emirates,2025-08-31
1256,Vihaan Zhang,user1256@streamflix-mail.com,Male,28,Toronto,Canada,2020-09-04
1257,Krishna Andersen,user1257@streamflix-mail.com,Male,60,Dubai,United Arab Emirates,2021-05-03
1258,Liam Park,user1258@streamflix-mail.com,Female,29,Singapore,Singapore,2020-05-17
1259,Emma Iyer,user1259@streamflix-mail.com,Female,21,Chicago,United States,2023-04-12
1260,Chen Nair,user1260@streamflix-mail.com,Male,55,Kolkata,India,2025-01-13
1261,Ananya Khan,user1261@streamflix-mail.com,Female,53,Manchester,United Kingdom,2025-08-15
1262,Sofia Reddy,user1262@streamflix-mail.com,Female,32,Toronto,Canada,2020-09-15
1263,Navya Li,user1263@streamflix-mail.com,Female,49,Manchester,United Kingdom,2022-03-22
1264,Chen Kowalski,user1264@streamflix-mail.com,Male,54,London,United Kingdom,2024-07-10
1265,Ishaan Davis,user1265@streamflix-mail.com,Female,57,Kolkata,India,2019-05-06
1266,Vivaan Lee,user1266@streamflix-mail.com,Male,67,Bengaluru,India,2024-05-01
1267,Aditya Silva,user1267@streamflix-mail.com,Male,61,Los Angeles,United States,2020-01-03
1268,Sara Brown,user1268@streamflix-mail.com,Female,38,Seoul,South Korea,2019-04-02
1269,Mateo Miller,user1269@streamflix-mail.com,Female,26,Singapore,Singapore,2019-11-06
1270,Vivaan Lee,user1270@streamflix-mail.com,Male,18,Dubai,United Arab Emirates,2025-08-09
1271,Sara Rao,user1271@streamflix-mail.com,Female,45,Singapore,Singapore,2024-02-08
1272,Arjun Verma,user1272@streamflix-mail.com,Female,50,Berlin,Germany,2024-12-01
1273,Lucia Lee,user1273@streamflix-mail.com,Male,52,Pune,India,2024-03-04
1274,Sophia Rossi,user1274@streamflix-mail.com,Male,13,Singapore,Singapore,2024-12-19
1275,Wei Gupta,user1275@streamflix-mail.com,Female,52,Delhi,India,2022-09-21
1276,Lucas Khan,user1276@streamflix-mail.com,Female,57,Pune,India,2025-01-24
1277,Ethan Singh,user1277@streamflix-mail.com,Male,54,Mumbai,India,2019-06-04
1278,Wei Rossi,user1278@streamflix-mail.com,Female,42,Los Angeles,United States,2023-05-15
1279,Aarav Davis,user1279@streamflix-mail.com,Female,13,Bengaluru,India,2024-08-29
1280,Min Wilson,user1280@streamflix-mail.com,Female,40,New York,United States,2026-06-12
1281,Mia Park,user1281@streamflix-mail.com,Female,49,Bengaluru,India,2021-09-10
1282,Mia Patel,user1282@streamflix-mail.com,Male,45,Mumbai,India,2020-05-05
1283,Ira Wang,user1283@streamflix-mail.com,Male,45,Chicago,United States,2024-05-25
1284,Chen Sharma,user1284@streamflix-mail.com,Male,42,Los Angeles,United States,2019-07-18
1285,Ira Reddy,user1285@streamflix-mail.com,Female,44,Los Angeles,United States,2024-10-27
1286,Vivaan Rossi,user1286@streamflix-mail.com,Female,31,Kolkata,India,2024-04-12
1287,Sofia Park,user1287@streamflix-mail.com,Female,47,Los Angeles,United States,2024-03-07
1288,Ishaan Nair,user1288@streamflix-mail.com,Male,29,Mumbai,India,2021-03-15
1289,Arjun Garcia,user1289@streamflix-mail.com,Female,41,Chicago,United States,2019-11-26
1290,Noah Verma,user1290@streamflix-mail.com,Male,36,Tokyo,Japan,2023-07-24
1291,Ishaan Zhang,user1291@streamflix-mail.com,Male,53,Bengaluru,India,2021-09-20
1292,Min Li,user1292@streamflix-mail.com,Male,64,Bengaluru,India,2021-12-08
1293,Navya Patel,user1293@streamflix-mail.com,Female,49,Dubai,United Arab Emirates,2020-05-29
1294,Aarav Smith,user1294@streamflix-mail.com,Male,20,London,United Kingdom,2021-07-02
1295,Mateo Singh,user1295@streamflix-mail.com,Female,51,Chennai,India,2025-03-27
1296,James Johnson,user1296@streamflix-mail.com,Other,31,Dubai,United Arab Emirates,2025-09-11
1297,Ananya Patel,user1297@streamflix-mail.com,Female,15,Kolkata,India,2021-08-13
1298,Sophia Singh,user1298@streamflix-mail.com,Male,23,Toronto,Canada,2020-01-24
1299,Emma Brown,user1299@streamflix-mail.com,Female,69,Manchester,United Kingdom,2019-04-03
1300,Vivaan Muller,user1300@streamflix-mail.com,Female,37,Hyderabad,India,2020-06-01
1301,Wei Li,user1301@streamflix-mail.com,Male,24,Dubai,United Arab Emirates,2019-01-27
1302,Anika Patel,user1302@streamflix-mail.com,Female,20,Toronto,Canada,2024-01-03
1303,Sophia Kowalski,user1303@streamflix-mail.com,Female,50,Pune,India,2023-10-26
1304,Jin Khan,user1304@streamflix-mail.com,Male,56,Dubai,United Arab Emirates,2024-11-12
1305,Noah Andersen,user1305@streamflix-mail.com,Female,33,Toronto,Canada,2021-06-29
1306,Ethan Rao,user1306@streamflix-mail.com,Male,18,Seoul,South Korea,2025-03-28
1307,Ananya Wilson,user1307@streamflix-mail.com,Male,33,Tokyo,Japan,2020-04-09
1308,Ishaan Khan,user1308@streamflix-mail.com,Female,50,Kolkata,India,2020-09-24
1309,Anika Li,user1309@streamflix-mail.com,Male,19,Berlin,Germany,2025-11-12
1310,Min Rao,user1310@streamflix-mail.com,Male,28,Mumbai,India,2025-08-12
1311,James Dubois,user1311@streamflix-mail.com,Male,13,Kolkata,India,2023-06-28
1312,Myra Gupta,user1312@streamflix-mail.com,Male,39,Toronto,Canada,2023-07-27
1313,Yuki Davis,user1313@streamflix-mail.com,Male,22,London,United Kingdom,2024-04-02
1314,Min Iyer,user1314@streamflix-mail.com,Female,24,Pune,India,2025-03-03
1315,Sofia Dubois,user1315@streamflix-mail.com,Male,19,Hyderabad,India,2020-09-25
1316,Diya Brown,user1316@streamflix-mail.com,Male,54,Dubai,United Arab Emirates,2019-07-07
1317,Lucas Zhang,user1317@streamflix-mail.com,Female,40,Seoul,South Korea,2020-05-21
1318,Olivia Dubois,user1318@streamflix-mail.com,Other,67,Sydney,Australia,2021-09-04
1319,Navya Wilson,user1319@streamflix-mail.com,Male,35,London,United Kingdom,2020-10-07
1320,Ira Verma,user1320@streamflix-mail.com,Male,25,Dubai,United Arab Emirates,2022-12-08
1321,Arjun Khan,user1321@streamflix-mail.com,Male,24,Pune,India,2020-01-14
1322,Ananya Khan,user1322@streamflix-mail.com,Male,67,Paris,France,2023-04-29
1323,Emma Andersen,user1323@streamflix-mail.com,Male,46,Bengaluru,India,2024-04-29
1324,Jin Andersen,user1324@streamflix-mail.com,Female,31,Manchester,United Kingdom,2019-09-29
1325,Min Miller,user1325@streamflix-mail.com,Female,50,Kolkata,India,2021-02-25
1326,Ayaan Dubois,user1326@streamflix-mail.com,Male,44,Berlin,Germany,2023-01-14
1327,Sophia Singh,user1327@streamflix-mail.com,Other,19,Pune,India,2019-07-01
1328,Vihaan Zhang,user1328@streamflix-mail.com,Male,52,Toronto,Canada,2023-12-28
1329,Sophia Johnson,user1329@streamflix-mail.com,Male,19,Hyderabad,India,2024-08-25
1330,Myra Singh,user1330@streamflix-mail.com,Male,24,Hyderabad,India,2021-09-17
1331,Navya Singh,user1331@streamflix-mail.com,Male,53,Los Angeles,United States,2019-01-25
1332,Lucas Brown,user1332@streamflix-mail.com,Female,38,Dubai,United Arab Emirates,2022-10-03
1333,Anika Smith,user1333@streamflix-mail.com,Male,25,Chennai,India,2025-07-07
1334,Chen Khan,user1334@streamflix-mail.com,Female,16,Sydney,Australia,2021-03-12
1335,Emma Smith,user1335@streamflix-mail.com,Male,46,Manchester,United Kingdom,2025-05-14
1336,Valentina Reddy,user1336@streamflix-mail.com,Female,52,Paris,France,2025-07-11
1337,Ava Tanaka,user1337@streamflix-mail.com,Female,24,Kolkata,India,2021-02-07
1338,Diya Johnson,user1338@streamflix-mail.com,Female,36,Pune,India,2023-06-29
1339,Yuki Reddy,user1339@streamflix-mail.com,Male,32,Berlin,Germany,2019-04-26
1340,Anika Lee,user1340@streamflix-mail.com,Female,63,Kolkata,India,2023-02-18
1341,Emma Dubois,user1341@streamflix-mail.com,Female,58,Pune,India,2025-08-05
1342,Sai Smith,user1342@streamflix-mail.com,Male,28,Tokyo,Japan,2026-01-29
1343,Arjun Muller,user1343@streamflix-mail.com,Female,42,Tokyo,Japan,2020-06-30
1344,Liam Kim,user1344@streamflix-mail.com,Male,65,Delhi,India,2023-12-26
1345,Ayaan Li,user1345@streamflix-mail.com,Male,32,Seoul,South Korea,2019-06-30
1346,Valentina Patel,user1346@streamflix-mail.com,Female,21,Toronto,Canada,2021-02-05
1347,Min Verma,user1347@streamflix-mail.com,Male,30,Chennai,India,2025-04-05
1348,Lucas Smith,user1348@streamflix-mail.com,Male,47,London,United Kingdom,2023-10-24
1349,Mia Andersen,user1349@streamflix-mail.com,Male,69,Pune,India,2021-12-09
1350,Olivia Silva,user1350@streamflix-mail.com,Male,30,Hyderabad,India,2026-03-17
1351,Aditya Silva,user1351@streamflix-mail.com,Male,16,Bengaluru,India,2024-09-07
1352,Ira Dubois,user1352@streamflix-mail.com,Male,23,Hyderabad,India,2019-03-06
1353,Aarohi Johnson,user1353@streamflix-mail.com,Female,36,Manchester,United Kingdom,2019-08-07
1354,Sofia Rao,user1354@streamflix-mail.com,Female,18,Tokyo,Japan,2023-09-12
1355,Krishna Andersen,user1355@streamflix-mail.com,Female,14,Chicago,United States,2025-07-28
1356,Aarohi Lee,user1356@streamflix-mail.com,Male,50,Mumbai,India,2020-03-05
1357,Myra Patel,user1357@streamflix-mail.com,Female,59,Los Angeles,United States,2023-01-13
1358,Sai Patel,user1358@streamflix-mail.com,Male,26,Singapore,Singapore,2025-02-13
1359,Arjun Dubois,user1359@streamflix-mail.com,Male,42,Tokyo,Japan,2025-06-19
1360,Sara Verma,user1360@streamflix-mail.com,Female,45,Singapore,Singapore,2023-10-21
1361,Vihaan Verma,user1361@streamflix-mail.com,Male,51,New York,United States,2026-06-30
1362,Aditya Li,user1362@streamflix-mail.com,Female,68,Toronto,Canada,2026-01-09
1363,Sara Sharma,user1363@streamflix-mail.com,Female,63,Delhi,India,2025-04-02
1364,Krishna Nair,user1364@streamflix-mail.com,Female,31,Los Angeles,United States,2024-01-08
1365,Liam Tanaka,user1365@streamflix-mail.com,Male,68,London,United Kingdom,2026-05-22
1366,Aarav Brown,user1366@streamflix-mail.com,Male,14,Mumbai,India,2019-02-17
1367,Aadhya Wang,user1367@streamflix-mail.com,Male,67,Mumbai,India,2019-09-02
1368,Kiara Miller,user1368@streamflix-mail.com,Female,21,Tokyo,Japan,2022-10-29
1369,Mateo Gupta,user1369@streamflix-mail.com,Female,19,Pune,India,2024-01-12
1370,Ava Nair,user1370@streamflix-mail.com,Female,19,Bengaluru,India,2025-10-10
1371,Jin Li,user1371@streamflix-mail.com,Male,19,Manchester,United Kingdom,2024-02-01
1372,Myra Gupta,user1372@streamflix-mail.com,Female,39,Chennai,India,2020-09-28
1373,Navya Lee,user1373@streamflix-mail.com,Female,49,Paris,France,2025-10-23
1374,Anika Smith,user1374@streamflix-mail.com,Female,55,Berlin,Germany,2019-08-15
1375,Jin Johnson,user1375@streamflix-mail.com,Female,13,Tokyo,Japan,2019-09-17
1376,Mateo Kowalski,user1376@streamflix-mail.com,Male,29,Kolkata,India,2024-05-25
1377,Mateo Kim,user1377@streamflix-mail.com,Male,20,Seoul,South Korea,2026-03-22
1378,Wei Kim,user1378@streamflix-mail.com,Female,21,Chennai,India,2022-10-07
1379,James Smith,user1379@streamflix-mail.com,Male,55,Pune,India,2020-01-05
1380,Emma Johnson,user1380@streamflix-mail.com,Male,49,Paris,France,2019-05-11
1381,Valentina Zhang,user1381@streamflix-mail.com,Male,24,Sydney,Australia,2026-05-06
1382,Diya Verma,user1382@streamflix-mail.com,Male,30,Delhi,India,2021-02-05
1383,Myra Singh,user1383@streamflix-mail.com,Female,65,Seoul,South Korea,2023-10-17
1384,Jin Kim,user1384@streamflix-mail.com,Male,45,Hyderabad,India,2021-06-13
1385,Ira Kim,user1385@streamflix-mail.com,Male,26,Sydney,Australia,2020-08-10
1386,Ishaan Gupta,user1386@streamflix-mail.com,Female,66,Los Angeles,United States,2024-01-03
1387,Liam Silva,user1387@streamflix-mail.com,Female,24,Mumbai,India,2024-07-16
1388,Myra Wilson,user1388@streamflix-mail.com,Male,29,Dubai,United Arab Emirates,2022-07-15
1389,Jin Singh,user1389@streamflix-mail.com,Male,52,Sydney,Australia,2022-10-21
1390,Sofia Li,user1390@streamflix-mail.com,Male,42,Seoul,South Korea,2022-08-26
1391,Aadhya Tanaka,user1391@streamflix-mail.com,Male,16,Toronto,Canada,2023-06-08
1392,Emma Brown,user1392@streamflix-mail.com,Male,58,Dubai,United Arab Emirates,2025-01-17
1393,Valentina Patel,user1393@streamflix-mail.com,Male,26,Berlin,Germany,2024-04-30
1394,Mia Patel,user1394@streamflix-mail.com,Female,52,Paris,France,2021-02-01
1395,Krishna Lee,user1395@streamflix-mail.com,Female,32,Manchester,United Kingdom,2020-11-07
1396,Olivia Verma,user1396@streamflix-mail.com,Female,55,Mumbai,India,2024-01-16
1397,Noah Miller,user1397@streamflix-mail.com,Male,64,Kolkata,India,2023-11-02
1398,Ethan Sharma,user1398@streamflix-mail.com,Male,57,Toronto,Canada,2021-10-03
1399,Vivaan Verma,user1399@streamflix-mail.com,Other,65,Bengaluru,India,2025-04-15
1400,Diya Brown,user1400@streamflix-mail.com,Female,43,Bengaluru,India,2022-02-19
1401,Min Li,user1401@streamflix-mail.com,Female,16,New York,United States,2021-07-08
1402,Ishaan Dubois,user1402@streamflix-mail.com,Male,43,Berlin,Germany,2023-03-03
1403,Diya Gupta,user1403@streamflix-mail.com,Male,39,Kolkata,India,2020-06-11
1404,Aadhya Singh,user1404@streamflix-mail.com,Female,53,Berlin,Germany,2024-03-19
1405,Ayaan Brown,user1405@streamflix-mail.com,Female,27,Tokyo,Japan,2025-09-21
1406,Reyansh Lee,user1406@streamflix-mail.com,Male,52,Kolkata,India,2026-01-31
1407,Myra Tanaka,user1407@streamflix-mail.com,Female,38,Pune,India,2022-05-08
1408,Min Zhang,user1408@streamflix-mail.com,Female,51,Tokyo,Japan,2021-01-06
1409,Aarav Wilson,user1409@streamflix-mail.com,Female,36,Dubai,United Arab Emirates,2022-08-04
1410,Diya Verma,user1410@streamflix-mail.com,Male,34,Toronto,Canada,2019-10-12
1411,Aditya Gupta,user1411@streamflix-mail.com,Female,25,Paris,France,2024-01-03
1412,Liam Iyer,user1412@streamflix-mail.com,Female,60,Bengaluru,India,2022-03-20
1413,Ananya Park,user1413@streamflix-mail.com,Male,16,New York,United States,2019-11-30
1414,Yuki Rao,user1414@streamflix-mail.com,Female,26,Toronto,Canada,2023-02-05
1415,Olivia Singh,user1415@streamflix-mail.com,Female,37,Delhi,India,2024-05-21
1416,Yuki Zhang,user1416@streamflix-mail.com,Female,21,Paris,France,2020-09-16
1417,Ava Rossi,user1417@streamflix-mail.com,Male,65,Manchester,United Kingdom,2022-01-13
1418,Navya Garcia,user1418@streamflix-mail.com,Female,32,Kolkata,India,2025-09-04
1419,Min Dubois,user1419@streamflix-mail.com,Male,26,Pune,India,2024-04-27
1420,Aarohi Li,user1420@streamflix-mail.com,Male,27,Mumbai,India,2024-12-27
1421,Lucia Wang,user1421@streamflix-mail.com,Male,23,Manchester,United Kingdom,2022-05-15
1422,Valentina Dubois,user1422@streamflix-mail.com,Male,50,Paris,France,2022-09-13
1423,Olivia Nair,user1423@streamflix-mail.com,Male,40,Mumbai,India,2022-09-22
1424,Ethan Li,user1424@streamflix-mail.com,Female,26,Los Angeles,United States,2022-05-17
1425,Ananya Kowalski,user1425@streamflix-mail.com,Female,62,Sydney,Australia,2020-01-30
1426,Chen Tanaka,user1426@streamflix-mail.com,Male,50,Los Angeles,United States,2019-04-22
1427,Ethan Lee,user1427@streamflix-mail.com,Other,35,Sydney,Australia,2025-03-28
1428,Sofia Li,user1428@streamflix-mail.com,Male,42,Singapore,Singapore,2023-01-10
1429,Ananya Dubois,user1429@streamflix-mail.com,Female,50,Paris,France,2022-12-29
1430,Yuki Muller,user1430@streamflix-mail.com,Female,21,Toronto,Canada,2023-06-20
1431,Kiara Dubois,user1431@streamflix-mail.com,Female,59,Singapore,Singapore,2022-02-03
1432,Ayaan Rossi,user1432@streamflix-mail.com,Female,27,Kolkata,India,2025-09-07
1433,Reyansh Johnson,user1433@streamflix-mail.com,Female,14,Hyderabad,India,2022-07-10
1434,Liam Wang,user1434@streamflix-mail.com,Male,42,Delhi,India,2022-10-04
1435,Aadhya Brown,user1435@streamflix-mail.com,Male,62,Bengaluru,India,2022-12-25
1436,Arjun Rossi,user1436@streamflix-mail.com,Male,54,Tokyo,Japan,2020-03-06
1437,Navya Rossi,user1437@streamflix-mail.com,Male,30,Mumbai,India,2020-04-19
1438,Ethan Kowalski,user1438@streamflix-mail.com,Male,35,Chicago,United States,2020-05-07
1439,Aadhya Lee,user1439@streamflix-mail.com,Male,46,Toronto,Canada,2020-11-26
1440,Mateo Miller,user1440@streamflix-mail.com,Female,26,Sydney,Australia,2020-03-13
1441,Yuki Iyer,user1441@streamflix-mail.com,Female,59,Delhi,India,2020-09-05
1442,James Park,user1442@streamflix-mail.com,Female,29,Seoul,South Korea,2026-01-13
1443,Lucia Wilson,user1443@streamflix-mail.com,Female,25,Los Angeles,United States,2021-09-14
1444,Navya Davis,user1444@streamflix-mail.com,Male,18,Mumbai,India,2024-12-12
1445,Sai Zhang,user1445@streamflix-mail.com,Male,52,Bengaluru,India,2021-12-12
1446,Vivaan Muller,user1446@streamflix-mail.com,Female,14,Seoul,South Korea,2025-03-08
1447,Lucia Iyer,user1447@streamflix-mail.com,Female,58,Berlin,Germany,2024-08-23
1448,Mateo Brown,user1448@streamflix-mail.com,Male,68,Dubai,United Arab Emirates,2025-04-20
1449,Mia Wang,user1449@streamflix-mail.com,Male,19,Kolkata,India,2021-02-28
1450,Arjun Rossi,user1450@streamflix-mail.com,Female,18,Berlin,Germany,2019-09-19
1451,Diya Silva,user1451@streamflix-mail.com,Male,66,Chennai,India,2021-04-23
1452,Vivaan Silva,user1452@streamflix-mail.com,Male,20,Pune,India,2024-04-06
1453,Aditya Muller,user1453@streamflix-mail.com,Male,36,Dubai,United Arab Emirates,2023-11-27
1454,Ishaan Kowalski,user1454@streamflix-mail.com,Female,62,Kolkata,India,2024-04-12
1455,Liam Kim,user1455@streamflix-mail.com,Female,20,London,United Kingdom,2026-06-12
1456,Aditya Singh,user1456@streamflix-mail.com,Female,50,Sydney,Australia,2020-09-07
1457,Valentina Wilson,user1457@streamflix-mail.com,Female,34,Hyderabad,India,2022-05-01
1458,Kiara Wang,user1458@streamflix-mail.com,Female,37,Berlin,Germany,2022-09-05
1459,Ananya Reddy,user1459@streamflix-mail.com,Male,66,Hyderabad,India,2020-02-13
1460,James Li,user1460@streamflix-mail.com,Female,49,Paris,France,2023-12-19
1461,Yuki Wilson,user1461@streamflix-mail.com,Female,31,Chennai,India,2019-05-14
1462,Aadhya Kowalski,user1462@streamflix-mail.com,Female,66,Los Angeles,United States,2025-09-22
1463,Vivaan Khan,user1463@streamflix-mail.com,Male,46,Chennai,India,2019-08-30
1464,Aditya Andersen,user1464@streamflix-mail.com,Female,18,London,United Kingdom,2019-10-30
1465,Min Garcia,user1465@streamflix-mail.com,Female,35,Mumbai,India,2020-04-20
1466,Arjun Lee,user1466@streamflix-mail.com,Male,26,Hyderabad,India,2025-09-08
1467,Ava Park,user1467@streamflix-mail.com,Male,49,London,United Kingdom,2025-06-16
1468,Ira Lee,user1468@streamflix-mail.com,Male,62,Sydney,Australia,2025-11-30
1469,Yuki Andersen,user1469@streamflix-mail.com,Female,15,Paris,France,2025-03-31
1470,Aditya Nair,user1470@streamflix-mail.com,Female,57,Tokyo,Japan,2025-12-03
1471,Jin Wang,user1471@streamflix-mail.com,Male,65,Berlin,Germany,2022-07-14
1472,Sophia Tanaka,user1472@streamflix-mail.com,Female,69,Dubai,United Arab Emirates,2019-01-14
1473,Navya Khan,user1473@streamflix-mail.com,Male,50,Dubai,United Arab Emirates,2022-04-14
1474,Krishna Singh,user1474@streamflix-mail.com,Male,30,Kolkata,India,2020-08-28
1475,Valentina Miller,user1475@streamflix-mail.com,Male,21,Berlin,Germany,2020-11-01
1476,Aadhya Wang,user1476@streamflix-mail.com,Female,66,Paris,France,2024-03-07
1477,Aarohi Kowalski,user1477@streamflix-mail.com,Female,36,London,United Kingdom,2020-04-01
1478,Ira Silva,user1478@streamflix-mail.com,Male,32,Bengaluru,India,2021-05-30
1479,Ishaan Silva,user1479@streamflix-mail.com,Male,54,Mumbai,India,2021-12-11
1480,Anika Garcia,user1480@streamflix-mail.com,Female,53,Chicago,United States,2019-06-17
1481,Reyansh Park,user1481@streamflix-mail.com,Female,59,Toronto,Canada,2024-04-04
1482,Aarav Khan,user1482@streamflix-mail.com,Female,63,Manchester,United Kingdom,2024-09-19
1483,Diya Garcia,user1483@streamflix-mail.com,Female,62,Seoul,South Korea,2023-03-10
1484,Arjun Nair,user1484@streamflix-mail.com,Female,22,London,United Kingdom,2019-03-20
1485,Anika Sharma,user1485@streamflix-mail.com,Male,22,Sydney,Australia,2024-11-24
1486,Min Muller,user1486@streamflix-mail.com,Female,24,Dubai,United Arab Emirates,2022-05-06
1487,Reyansh Rossi,user1487@streamflix-mail.com,Male,48,Seoul,South Korea,2020-12-30
1488,Aarav Davis,user1488@streamflix-mail.com,Male,46,Toronto,Canada,2026-02-07
1489,Arjun Sharma,user1489@streamflix-mail.com,Male,61,Manchester,United Kingdom,2025-06-11
1490,James Gupta,user1490@streamflix-mail.com,Male,61,Delhi,India,2022-04-20
1491,Ananya Reddy,user1491@streamflix-mail.com,Female,59,Toronto,Canada,2022-04-28
1492,Aarohi Wang,user1492@streamflix-mail.com,Other,17,Hyderabad,India,2025-11-01
1493,Vivaan Khan,user1493@streamflix-mail.com,Female,52,New York,United States,2020-06-07
1494,Myra Singh,user1494@streamflix-mail.com,Male,61,London,United Kingdom,2022-01-24
1495,Anika Muller,user1495@streamflix-mail.com,Female,68,Delhi,India,2023-04-11
1496,Navya Dubois,user1496@streamflix-mail.com,Female,32,Sydney,Australia,2021-08-07
1497,Liam Li,user1497@streamflix-mail.com,Male,57,Chennai,India,2021-05-14
1498,Yuki Rao,user1498@streamflix-mail.com,Female,36,London,United Kingdom,2019-10-22
1499,Kiara Lee,user1499@streamflix-mail.com,Female,22,New York,United States,2020-12-31
1500,Hana Khan,user1500@streamflix-mail.com,Male,32,New York,United States,2021-09-07
1501,Emma Muller,user1501@streamflix-mail.com,Female,27,New York,United States,2025-04-12
1502,Ananya Gupta,user1502@streamflix-mail.com,Female,64,Delhi,India,2021-07-11
1503,Ishaan Li,user1503@streamflix-mail.com,Male,23,Hyderabad,India,2020-03-17
1504,Aadhya Davis,user1504@streamflix-mail.com,Male,20,Dubai,United Arab Emirates,2025-05-06
1505,Olivia Li,user1505@streamflix-mail.com,Female,46,Bengaluru,India,2021-08-21
1506,Ishaan Garcia,user1506@streamflix-mail.com,Female,45,Chicago,United States,2025-11-23
1507,Sofia Iyer,user1507@streamflix-mail.com,Other,44,Bengaluru,India,2019-10-26
1508,Aarohi Li,user1508@streamflix-mail.com,Female,21,London,United Kingdom,2019-03-02
1509,Min Kim,user1509@streamflix-mail.com,Female,41,Toronto,Canada,2025-11-28
1510,Sophia Garcia,user1510@streamflix-mail.com,Female,65,Chicago,United States,2019-09-27
1511,Myra Johnson,user1511@streamflix-mail.com,Female,18,Dubai,United Arab Emirates,2019-01-24
1512,Ishaan Smith,user1512@streamflix-mail.com,Female,58,Chennai,India,2023-10-28
1513,Mia Miller,user1513@streamflix-mail.com,Male,20,Manchester,United Kingdom,2021-05-18
1514,Myra Singh,user1514@streamflix-mail.com,Female,26,Chennai,India,2022-08-20
1515,Ishaan Patel,user1515@streamflix-mail.com,Female,64,London,United Kingdom,2022-01-23
1516,Lucia Patel,user1516@streamflix-mail.com,Female,29,Delhi,India,2021-03-23
1517,Aarohi Sharma,user1517@streamflix-mail.com,Female,42,Chennai,India,2022-08-10
1518,Vivaan Andersen,user1518@streamflix-mail.com,Female,34,Singapore,Singapore,2020-12-12
1519,Aarohi Singh,user1519@streamflix-mail.com,Male,48,Dubai,United Arab Emirates,2020-09-07
1520,Kiara Iyer,user1520@streamflix-mail.com,Male,36,Chennai,India,2020-09-07
1521,Min Iyer,user1521@streamflix-mail.com,Male,38,Chennai,India,2019-11-21
1522,Lucas Tanaka,user1522@streamflix-mail.com,Male,59,Chennai,India,2022-12-09
1523,Ayaan Miller,user1523@streamflix-mail.com,Male,44,Chennai,India,2023-02-10
1524,Reyansh Rao,user1524@streamflix-mail.com,Male,45,Paris,France,2019-02-17
1525,Noah Brown,user1525@streamflix-mail.com,Male,58,Sydney,Australia,2022-06-12
1526,Vivaan Gupta,user1526@streamflix-mail.com,Male,37,New York,United States,2024-07-16
1527,Aadhya Rao,user1527@streamflix-mail.com,Female,59,Chicago,United States,2019-01-04
1528,Sai Singh,user1528@streamflix-mail.com,Female,54,London,United Kingdom,2021-04-02
1529,Aarav Rossi,user1529@streamflix-mail.com,Male,63,Manchester,United Kingdom,2026-03-16
1530,Sofia Verma,user1530@streamflix-mail.com,Male,39,New York,United States,2022-03-14
1531,Vihaan Brown,user1531@streamflix-mail.com,Male,44,Paris,France,2019-02-15
1532,Aarav Silva,user1532@streamflix-mail.com,Male,20,Chennai,India,2022-12-14
1533,Lucia Muller,user1533@streamflix-mail.com,Male,19,Los Angeles,United States,2022-01-29
1534,Ayaan Davis,user1534@streamflix-mail.com,Male,19,Mumbai,India,2020-08-01
1535,Chen Khan,user1535@streamflix-mail.com,Male,49,Chicago,United States,2019-07-21
1536,Vivaan Smith,user1536@streamflix-mail.com,Other,31,Seoul,South Korea,2025-08-16
1537,Reyansh Khan,user1537@streamflix-mail.com,Female,29,Paris,France,2025-02-03
1538,Arjun Park,user1538@streamflix-mail.com,Female,47,Chicago,United States,2024-02-11
1539,Lucas Patel,user1539@streamflix-mail.com,Male,35,Bengaluru,India,2019-02-18
1540,Noah Kim,user1540@streamflix-mail.com,Male,20,Singapore,Singapore,2025-07-10
1541,Aarohi Park,user1541@streamflix-mail.com,Female,44,Toronto,Canada,2022-07-19
1542,Ishaan Kowalski,user1542@streamflix-mail.com,Male,44,Paris,France,2022-07-25
1543,Vihaan Johnson,user1543@streamflix-mail.com,Female,20,London,United Kingdom,2025-07-31
1544,Liam Kowalski,user1544@streamflix-mail.com,Other,28,Mumbai,India,2022-03-30
1545,Ishaan Brown,user1545@streamflix-mail.com,Female,26,Berlin,Germany,2020-10-08
1546,Olivia Zhang,user1546@streamflix-mail.com,Male,52,Sydney,Australia,2020-10-11
1547,Sophia Park,user1547@streamflix-mail.com,Female,27,Tokyo,Japan,2025-12-12
1548,Hana Rossi,user1548@streamflix-mail.com,Male,14,Bengaluru,India,2023-01-31
1549,Aarohi Miller,user1549@streamflix-mail.com,Male,28,Chicago,United States,2023-05-05
1550,Aarav Silva,user1550@streamflix-mail.com,Male,39,Chicago,United States,2023-06-13
1551,Diya Smith,user1551@streamflix-mail.com,Female,56,Chennai,India,2020-08-26
1552,Min Miller,user1552@streamflix-mail.com,Female,15,Tokyo,Japan,2022-02-23
1553,Emma Miller,user1553@streamflix-mail.com,Male,63,Hyderabad,India,2026-02-18
1554,Noah Wang,user1554@streamflix-mail.com,Male,31,Delhi,India,2020-02-03
1555,Kiara Kim,user1555@streamflix-mail.com,Female,32,Pune,India,2026-02-17
1556,Reyansh Gupta,user1556@streamflix-mail.com,Female,13,Paris,France,2021-01-17
1557,Jin Rossi,user1557@streamflix-mail.com,Male,28,Bengaluru,India,2021-03-20
1558,Wei Li,user1558@streamflix-mail.com,Male,39,Manchester,United Kingdom,2019-02-09
1559,Valentina Reddy,user1559@streamflix-mail.com,Female,48,Hyderabad,India,2023-12-23
1560,Min Kowalski,user1560@streamflix-mail.com,Female,56,New York,United States,2021-05-23
1561,Diya Park,user1561@streamflix-mail.com,Female,42,Manchester,United Kingdom,2022-06-11
1562,Ananya Gupta,user1562@streamflix-mail.com,Male,18,Mumbai,India,2023-05-10
1563,Ishaan Miller,user1563@streamflix-mail.com,Male,35,Pune,India,2023-10-03
1564,Sofia Muller,user1564@streamflix-mail.com,Male,54,Manchester,United Kingdom,2026-03-01
1565,Liam Patel,user1565@streamflix-mail.com,Male,49,Mumbai,India,2023-03-02
1566,Kiara Andersen,user1566@streamflix-mail.com,Female,46,Chicago,United States,2020-05-02
1567,Mateo Brown,user1567@streamflix-mail.com,Male,41,Toronto,Canada,2024-04-10
1568,Noah Khan,user1568@streamflix-mail.com,Female,41,Pune,India,2019-06-01
1569,Sofia Smith,user1569@streamflix-mail.com,Female,69,Hyderabad,India,2025-04-28
1570,Valentina Davis,user1570@streamflix-mail.com,Other,47,Chicago,United States,2021-03-22
1571,Vihaan Zhang,user1571@streamflix-mail.com,Female,47,Singapore,Singapore,2024-05-31
1572,Sara Andersen,user1572@streamflix-mail.com,Female,32,Mumbai,India,2020-03-05
1573,Mia Nair,user1573@streamflix-mail.com,Male,40,Kolkata,India,2022-01-18
1574,Chen Kowalski,user1574@streamflix-mail.com,Male,53,Paris,France,2024-03-19
1575,Sai Davis,user1575@streamflix-mail.com,Male,61,Kolkata,India,2023-08-29
1576,Aadhya Reddy,user1576@streamflix-mail.com,Other,57,Kolkata,India,2019-01-16
1577,Emma Andersen,user1577@streamflix-mail.com,Female,50,Singapore,Singapore,2019-04-05
1578,Yuki Smith,user1578@streamflix-mail.com,Male,57,Chicago,United States,2026-05-09
1579,Arjun Kim,user1579@streamflix-mail.com,Male,14,New York,United States,2022-12-18
1580,Noah Zhang,user1580@streamflix-mail.com,Male,28,Dubai,United Arab Emirates,2025-05-31
1581,Diya Sharma,user1581@streamflix-mail.com,Male,26,Mumbai,India,2019-07-19
1582,Krishna Khan,user1582@streamflix-mail.com,Female,50,Singapore,Singapore,2022-09-05
1583,James Zhang,user1583@streamflix-mail.com,Male,55,New York,United States,2023-04-27
1584,Anika Rao,user1584@streamflix-mail.com,Female,21,Seoul,South Korea,2025-11-26
1585,Ava Sharma,user1585@streamflix-mail.com,Female,23,Singapore,Singapore,2024-04-29
1586,Aadhya Sharma,user1586@streamflix-mail.com,Male,41,Berlin,Germany,2023-09-16
1587,Chen Rossi,user1587@streamflix-mail.com,Male,68,Bengaluru,India,2021-03-14
1588,Vihaan Iyer,user1588@streamflix-mail.com,Other,13,Hyderabad,India,2026-06-13
1589,Min Reddy,user1589@streamflix-mail.com,Female,63,Berlin,Germany,2021-06-16
1590,Vivaan Wilson,user1590@streamflix-mail.com,Male,24,New York,United States,2021-02-01
1591,Mia Reddy,user1591@streamflix-mail.com,Male,28,Tokyo,Japan,2024-06-04
1592,Myra Park,user1592@streamflix-mail.com,Female,49,Sydney,Australia,2026-06-22
1593,Ira Wilson,user1593@streamflix-mail.com,Female,54,Chicago,United States,2025-06-04
1594,Aarav Park,user1594@streamflix-mail.com,Female,62,Mumbai,India,2020-05-08
1595,Lucas Miller,user1595@streamflix-mail.com,Female,13,Delhi,India,2025-02-10
1596,Reyansh Silva,user1596@streamflix-mail.com,Female,15,Singapore,Singapore,2021-08-25
1597,Ethan Park,user1597@streamflix-mail.com,Male,40,Delhi,India,2020-08-30
1598,Mia Brown,user1598@streamflix-mail.com,Female,44,Mumbai,India,2026-01-04
1599,Hana Sharma,user1599@streamflix-mail.com,Male,27,Pune,India,2026-02-13
1600,Lucas Patel,user1600@streamflix-mail.com,Female,49,Berlin,Germany,2021-10-11
1601,Aadhya Reddy,user1601@streamflix-mail.com,Other,28,Toronto,Canada,2019-03-13
1602,Mia Sharma,user1602@streamflix-mail.com,Other,66,Singapore,Singapore,2020-07-28
1603,Hana Patel,user1603@streamflix-mail.com,Female,23,Sydney,Australia,2023-01-21
1604,Aadhya Khan,user1604@streamflix-mail.com,Female,50,Manchester,United Kingdom,2019-06-12
1605,Arjun Gupta,user1605@streamflix-mail.com,Female,43,Chennai,India,2020-09-13
1606,Jin Rao,user1606@streamflix-mail.com,Other,18,Los Angeles,United States,2020-02-12
1607,Sai Davis,user1607@streamflix-mail.com,Female,47,London,United Kingdom,2026-02-19
1608,Olivia Nair,user1608@streamflix-mail.com,Male,21,Paris,France,2021-08-30
1609,Ishaan Patel,user1609@streamflix-mail.com,Male,43,Seoul,South Korea,2021-11-06
1610,Sai Sharma,user1610@streamflix-mail.com,Female,49,Singapore,Singapore,2022-02-27
1611,Yuki Verma,user1611@streamflix-mail.com,Female,17,Tokyo,Japan,2019-02-05
1612,Sai Iyer,user1612@streamflix-mail.com,Female,25,Tokyo,Japan,2023-01-25
1613,Ethan Garcia,user1613@streamflix-mail.com,Female,29,Sydney,Australia,2025-11-03
1614,Sophia Park,user1614@streamflix-mail.com,Male,65,Tokyo,Japan,2025-02-05
1615,Aditya Silva,user1615@streamflix-mail.com,Male,25,Delhi,India,2020-11-17
1616,Reyansh Kim,user1616@streamflix-mail.com,Female,65,Mumbai,India,2019-02-06
1617,Yuki Kim,user1617@streamflix-mail.com,Male,43,Los Angeles,United States,2024-10-18
1618,James Kowalski,user1618@streamflix-mail.com,Female,67,Delhi,India,2025-04-21
1619,Arjun Singh,user1619@streamflix-mail.com,Female,60,Kolkata,India,2025-11-28
1620,Valentina Silva,user1620@streamflix-mail.com,Female,29,Hyderabad,India,2023-04-30
1621,Ananya Kowalski,user1621@streamflix-mail.com,Male,44,Paris,France,2022-07-20
1622,Aarav Lee,user1622@streamflix-mail.com,Female,53,Sydney,Australia,2024-09-02
1623,Sofia Muller,user1623@streamflix-mail.com,Male,17,Mumbai,India,2024-03-05
1624,Aarav Iyer,user1624@streamflix-mail.com,Male,50,Toronto,Canada,2024-09-03
1625,Liam Dubois,user1625@streamflix-mail.com,Male,39,Singapore,Singapore,2021-02-17
1626,Valentina Wilson,user1626@streamflix-mail.com,Male,15,Kolkata,India,2025-10-08
1627,Olivia Khan,user1627@streamflix-mail.com,Female,62,Seoul,South Korea,2019-04-12
1628,Olivia Verma,user1628@streamflix-mail.com,Female,28,Paris,France,2019-09-13
1629,Ira Wang,user1629@streamflix-mail.com,Male,62,Paris,France,2023-11-28
1630,Sai Brown,user1630@streamflix-mail.com,Female,24,Delhi,India,2023-04-14
1631,Liam Rao,user1631@streamflix-mail.com,Female,43,Los Angeles,United States,2023-02-26
1632,Jin Johnson,user1632@streamflix-mail.com,Female,34,Dubai,United Arab Emirates,2025-10-24
1633,Vihaan Tanaka,user1633@streamflix-mail.com,Female,63,Los Angeles,United States,2025-07-12
1634,Jin Brown,user1634@streamflix-mail.com,Female,67,Chicago,United States,2024-05-23
1635,Anika Gupta,user1635@streamflix-mail.com,Male,56,Kolkata,India,2020-03-26
1636,Emma Patel,user1636@streamflix-mail.com,Male,61,Los Angeles,United States,2019-09-22
1637,Reyansh Iyer,user1637@streamflix-mail.com,Female,56,Sydney,Australia,2020-01-18
1638,Noah Zhang,user1638@streamflix-mail.com,Female,29,Mumbai,India,2023-08-09
1639,Ayaan Rossi,user1639@streamflix-mail.com,Female,65,Dubai,United Arab Emirates,2024-05-05
1640,Ananya Muller,user1640@streamflix-mail.com,Male,43,Singapore,Singapore,2024-12-30
1641,Lucas Kim,user1641@streamflix-mail.com,Male,32,Bengaluru,India,2019-10-10
1642,Aditya Silva,user1642@streamflix-mail.com,Female,23,Dubai,United Arab Emirates,2021-01-22
1643,Navya Brown,user1643@streamflix-mail.com,Male,53,London,United Kingdom,2021-07-14
1644,Olivia Kim,user1644@streamflix-mail.com,Female,28,Kolkata,India,2023-09-28
1645,Sai Reddy,user1645@streamflix-mail.com,Female,50,Chicago,United States,2019-05-08
1646,Diya Wilson,user1646@streamflix-mail.com,Male,16,London,United Kingdom,2025-04-20
1647,Myra Wilson,user1647@streamflix-mail.com,Male,49,Pune,India,2019-08-09
1648,Ethan Sharma,user1648@streamflix-mail.com,Male,49,Toronto,Canada,2022-12-05
1649,Valentina Wilson,user1649@streamflix-mail.com,Male,42,Toronto,Canada,2025-12-29
1650,Hana Wang,user1650@streamflix-mail.com,Female,50,New York,United States,2020-06-15
1651,Ayaan Johnson,user1651@streamflix-mail.com,Female,69,Chicago,United States,2024-02-25
1652,Aarav Wilson,user1652@streamflix-mail.com,Male,60,Toronto,Canada,2023-02-14
1653,Aditya Patel,user1653@streamflix-mail.com,Female,38,London,United Kingdom,2025-02-22
1654,Olivia Patel,user1654@streamflix-mail.com,Male,62,Los Angeles,United States,2023-05-29
1655,Reyansh Reddy,user1655@streamflix-mail.com,Male,67,Paris,France,2025-05-11
1656,Ishaan Rao,user1656@streamflix-mail.com,Female,22,Seoul,South Korea,2022-01-08
1657,Hana Rossi,user1657@streamflix-mail.com,Female,33,New York,United States,2020-03-24
1658,Min Kowalski,user1658@streamflix-mail.com,Female,55,Singapore,Singapore,2024-02-04
1659,Hana Park,user1659@streamflix-mail.com,Male,42,Tokyo,Japan,2026-04-03
1660,Ananya Kim,user1660@streamflix-mail.com,Female,20,Bengaluru,India,2022-04-01
1661,Noah Kim,user1661@streamflix-mail.com,Male,39,Manchester,United Kingdom,2025-02-23
1662,Noah Miller,user1662@streamflix-mail.com,Other,34,Dubai,United Arab Emirates,2025-07-30
1663,Ayaan Brown,user1663@streamflix-mail.com,Female,55,Delhi,India,2023-11-03
1664,Liam Kim,user1664@streamflix-mail.com,Female,42,Kolkata,India,2024-12-07
1665,Emma Silva,user1665@streamflix-mail.com,Male,20,Dubai,United Arab Emirates,2023-03-22
1666,Ira Brown,user1666@streamflix-mail.com,Male,15,Berlin,Germany,2025-01-12
1667,Wei Wilson,user1667@streamflix-mail.com,Female,29,Paris,France,2021-07-09
1668,Sophia Miller,user1668@streamflix-mail.com,Male,21,Toronto,Canada,2022-12-11
1669,Emma Patel,user1669@streamflix-mail.com,Female,62,Mumbai,India,2019-08-02
1670,Mia Patel,user1670@streamflix-mail.com,Female,28,Mumbai,India,2020-06-21
1671,Wei Gupta,user1671@streamflix-mail.com,Other,49,Tokyo,Japan,2023-05-05
1672,Liam Garcia,user1672@streamflix-mail.com,Male,20,Singapore,Singapore,2024-06-06
1673,Ananya Wang,user1673@streamflix-mail.com,Female,38,Hyderabad,India,2019-03-23
1674,Wei Zhang,user1674@streamflix-mail.com,Male,66,Bengaluru,India,2019-07-08
1675,Lucas Tanaka,user1675@streamflix-mail.com,Male,49,Bengaluru,India,2019-01-18
1676,Valentina Verma,user1676@streamflix-mail.com,Female,29,Seoul,South Korea,2022-11-18
1677,Sai Li,user1677@streamflix-mail.com,Male,55,Dubai,United Arab Emirates,2021-07-06
1678,Anika Silva,user1678@streamflix-mail.com,Other,41,Berlin,Germany,2019-05-26
1679,Sofia Garcia,user1679@streamflix-mail.com,Female,26,Bengaluru,India,2024-12-12
1680,James Patel,user1680@streamflix-mail.com,Other,69,Sydney,Australia,2022-12-17
1681,Lucia Smith,user1681@streamflix-mail.com,Other,66,Berlin,Germany,2019-01-28
1682,Aarav Zhang,user1682@streamflix-mail.com,Female,45,London,United Kingdom,2024-02-22
1683,Vivaan Muller,user1683@streamflix-mail.com,Male,14,Dubai,United Arab Emirates,2025-10-31
1684,Yuki Park,user1684@streamflix-mail.com,Female,36,Toronto,Canada,2022-02-21
1685,Sara Davis,user1685@streamflix-mail.com,Male,42,Mumbai,India,2026-02-13
1686,James Park,user1686@streamflix-mail.com,Female,65,Los Angeles,United States,2022-02-15
1687,Navya Gupta,user1687@streamflix-mail.com,Female,54,Chennai,India,2019-08-01
1688,Anika Kim,user1688@streamflix-mail.com,Female,25,Delhi,India,2019-12-03
1689,Lucia Verma,user1689@streamflix-mail.com,Male,42,Manchester,United Kingdom,2019-07-03
1690,Vihaan Kowalski,user1690@streamflix-mail.com,Male,23,Berlin,Germany,2021-04-06
1691,Wei Dubois,user1691@streamflix-mail.com,Male,40,Delhi,India,2021-11-19
1692,Jin Davis,user1692@streamflix-mail.com,Male,43,Kolkata,India,2022-05-01
1693,Ethan Johnson,user1693@streamflix-mail.com,Male,42,Sydney,Australia,2022-08-08
1694,Ira Wang,user1694@streamflix-mail.com,Male,37,Kolkata,India,2025-06-22
1695,Reyansh Park,user1695@streamflix-mail.com,Male,37,Bengaluru,India,2019-02-01
1696,Sophia Wang,user1696@streamflix-mail.com,Female,58,Hyderabad,India,2025-09-24
1697,Kiara Davis,user1697@streamflix-mail.com,Male,41,Mumbai,India,2020-10-16
1698,Sai Singh,user1698@streamflix-mail.com,Female,15,Paris,France,2026-02-23
1699,Sara Gupta,user1699@streamflix-mail.com,Male,55,Chicago,United States,2020-01-06
1700,Mateo Patel,user1700@streamflix-mail.com,Female,48,Berlin,Germany,2019-10-02
1701,Ananya Davis,user1701@streamflix-mail.com,Male,52,Sydney,Australia,2019-11-29
1702,Ayaan Brown,user1702@streamflix-mail.com,Female,53,Kolkata,India,2021-03-22
1703,Sophia Davis,user1703@streamflix-mail.com,Female,22,Berlin,Germany,2026-01-21
1704,Ayaan Patel,user1704@streamflix-mail.com,Female,68,Chennai,India,2022-06-21
1705,Sofia Kowalski,user1705@streamflix-mail.com,Male,69,Hyderabad,India,2020-03-28
1706,Min Johnson,user1706@streamflix-mail.com,Female,21,Tokyo,Japan,2023-10-24
1707,Valentina Muller,user1707@streamflix-mail.com,Male,25,Manchester,United Kingdom,2022-10-22
1708,Sofia Johnson,user1708@streamflix-mail.com,Male,27,Los Angeles,United States,2024-04-08
1709,Ishaan Garcia,user1709@streamflix-mail.com,Male,68,Manchester,United Kingdom,2024-07-23
1710,Krishna Kim,user1710@streamflix-mail.com,Female,66,Paris,France,2024-11-22
1711,Myra Singh,user1711@streamflix-mail.com,Male,28,Chennai,India,2020-02-19
1712,Kiara Khan,user1712@streamflix-mail.com,Female,48,Berlin,Germany,2022-09-19
1713,Jin Johnson,user1713@streamflix-mail.com,Male,26,Berlin,Germany,2023-09-23
1714,Mia Rossi,user1714@streamflix-mail.com,Male,15,Dubai,United Arab Emirates,2023-03-04
1715,Ava Iyer,user1715@streamflix-mail.com,Male,26,Hyderabad,India,2026-04-16
1716,Jin Garcia,user1716@streamflix-mail.com,Male,17,Delhi,India,2026-03-15
1717,Ava Zhang,user1717@streamflix-mail.com,Female,61,Bengaluru,India,2025-01-31
1718,Ira Wang,user1718@streamflix-mail.com,Female,57,Singapore,Singapore,2020-10-19
1719,Anika Garcia,user1719@streamflix-mail.com,Female,23,New York,United States,2022-12-19
1720,James Gupta,user1720@streamflix-mail.com,Male,45,Paris,France,2025-01-09
1721,Vihaan Sharma,user1721@streamflix-mail.com,Male,24,Mumbai,India,2021-01-04
1722,Mia Miller,user1722@streamflix-mail.com,Female,45,New York,United States,2024-05-02
1723,Ethan Rossi,user1723@streamflix-mail.com,Male,64,Chennai,India,2020-11-13
1724,Mia Sharma,user1724@streamflix-mail.com,Male,63,Seoul,South Korea,2020-01-19
1725,Emma Dubois,user1725@streamflix-mail.com,Female,60,Bengaluru,India,2020-10-18
1726,Yuki Zhang,user1726@streamflix-mail.com,Male,26,Los Angeles,United States,2025-12-11
1727,Lucia Sharma,user1727@streamflix-mail.com,Male,23,Seoul,South Korea,2026-06-18
1728,Liam Smith,user1728@streamflix-mail.com,Male,22,Paris,France,2025-05-30
1729,Navya Khan,user1729@streamflix-mail.com,Female,20,Berlin,Germany,2021-01-12
1730,Arjun Kowalski,user1730@streamflix-mail.com,Male,47,Sydney,Australia,2024-11-04
1731,Yuki Wilson,user1731@streamflix-mail.com,Female,50,Hyderabad,India,2020-08-20
1732,Sofia Rao,user1732@streamflix-mail.com,Male,63,Delhi,India,2019-12-14
1733,Sophia Patel,user1733@streamflix-mail.com,Male,18,Los Angeles,United States,2020-12-09
1734,Min Wilson,user1734@streamflix-mail.com,Male,28,Chicago,United States,2020-01-18
1735,Min Sharma,user1735@streamflix-mail.com,Female,54,London,United Kingdom,2023-10-20
1736,Yuki Singh,user1736@streamflix-mail.com,Male,51,Mumbai,India,2024-02-14
1737,James Iyer,user1737@streamflix-mail.com,Female,37,Sydney,Australia,2019-04-08
1738,Vihaan Kim,user1738@streamflix-mail.com,Male,21,New York,United States,2019-10-21
1739,Aarav Zhang,user1739@streamflix-mail.com,Male,40,Bengaluru,India,2022-08-04
1740,Krishna Miller,user1740@streamflix-mail.com,Male,22,Berlin,Germany,2019-11-07
1741,Navya Iyer,user1741@streamflix-mail.com,Female,43,New York,United States,2025-03-17
1742,Mia Johnson,user1742@streamflix-mail.com,Male,64,Pune,India,2021-12-31
1743,Kiara Muller,user1743@streamflix-mail.com,Female,24,Chicago,United States,2022-02-04
1744,Aarav Khan,user1744@streamflix-mail.com,Female,19,Paris,France,2019-01-15
1745,Krishna Iyer,user1745@streamflix-mail.com,Female,55,Tokyo,Japan,2024-04-04
1746,Valentina Reddy,user1746@streamflix-mail.com,Female,14,Delhi,India,2024-05-29
1747,Valentina Rossi,user1747@streamflix-mail.com,Female,69,Sydney,Australia,2024-09-01
1748,Ira Reddy,user1748@streamflix-mail.com,Female,57,Sydney,Australia,2023-01-19
1749,Chen Lee,user1749@streamflix-mail.com,Male,35,Seoul,South Korea,2021-01-08
1750,Lucas Tanaka,user1750@streamflix-mail.com,Female,33,Paris,France,2019-08-03
1751,Lucia Park,user1751@streamflix-mail.com,Female,35,Singapore,Singapore,2021-05-13
1752,Jin Brown,user1752@streamflix-mail.com,Male,35,Sydney,Australia,2023-01-28
1753,Ava Khan,user1753@streamflix-mail.com,Female,60,New York,United States,2019-11-16
1754,Ira Sharma,user1754@streamflix-mail.com,Female,58,Seoul,South Korea,2019-05-29
1755,Ava Iyer,user1755@streamflix-mail.com,Male,24,Berlin,Germany,2020-08-17
1756,Aadhya Kowalski,user1756@streamflix-mail.com,Female,23,Paris,France,2019-07-13
1757,Myra Iyer,user1757@streamflix-mail.com,Male,43,Paris,France,2019-02-08
1758,Noah Sharma,user1758@streamflix-mail.com,Male,50,Toronto,Canada,2022-08-22
1759,Liam Rossi,user1759@streamflix-mail.com,Male,54,Paris,France,2024-08-02
1760,Olivia Brown,user1760@streamflix-mail.com,Female,30,Dubai,United Arab Emirates,2022-09-30
1761,Ira Smith,user1761@streamflix-mail.com,Male,40,Pune,India,2019-09-07
1762,Anika Wang,user1762@streamflix-mail.com,Female,18,Mumbai,India,2021-07-17
1763,Aarav Davis,user1763@streamflix-mail.com,Male,38,Paris,France,2019-04-08
1764,Noah Andersen,user1764@streamflix-mail.com,Male,52,Los Angeles,United States,2023-08-30
1765,Olivia Miller,user1765@streamflix-mail.com,Female,30,Seoul,South Korea,2020-09-30
1766,Lucia Wang,user1766@streamflix-mail.com,Male,31,Chennai,India,2021-11-26
1767,James Dubois,user1767@streamflix-mail.com,Female,39,New York,United States,2025-10-05
1768,Kiara Garcia,user1768@streamflix-mail.com,Male,62,Tokyo,Japan,2023-05-27
1769,Aditya Patel,user1769@streamflix-mail.com,Other,47,London,United Kingdom,2024-09-25
1770,Ayaan Tanaka,user1770@streamflix-mail.com,Female,65,Sydney,Australia,2021-08-15
1771,Myra Khan,user1771@streamflix-mail.com,Male,16,Kolkata,India,2025-12-23
1772,Ira Verma,user1772@streamflix-mail.com,Male,61,Toronto,Canada,2024-05-11
1773,Sara Lee,user1773@streamflix-mail.com,Male,15,Chicago,United States,2022-11-12
1774,Ira Tanaka,user1774@streamflix-mail.com,Female,31,Berlin,Germany,2023-05-06
1775,Wei Gupta,user1775@streamflix-mail.com,Female,37,Chicago,United States,2023-09-03
1776,Sai Muller,user1776@streamflix-mail.com,Male,26,Delhi,India,2020-03-14
1777,Myra Rossi,user1777@streamflix-mail.com,Male,69,Singapore,Singapore,2020-11-20
1778,Reyansh Andersen,user1778@streamflix-mail.com,Female,63,Paris,France,2024-02-23
1779,Aadhya Brown,user1779@streamflix-mail.com,Male,45,Seoul,South Korea,2022-04-21
1780,Sophia Singh,user1780@streamflix-mail.com,Female,38,Bengaluru,India,2024-11-16
1781,Vivaan Davis,user1781@streamflix-mail.com,Female,56,Paris,France,2022-12-10
1782,Myra Iyer,user1782@streamflix-mail.com,Male,53,Kolkata,India,2019-06-30
1783,Aarav Muller,user1783@streamflix-mail.com,Female,40,Tokyo,Japan,2023-12-26
1784,Mateo Park,user1784@streamflix-mail.com,Male,60,Toronto,Canada,2023-07-29
1785,Mia Miller,user1785@streamflix-mail.com,Male,23,Paris,France,2021-09-25
1786,Ishaan Davis,user1786@streamflix-mail.com,Other,28,Kolkata,India,2024-12-04
1787,Ayaan Wang,user1787@streamflix-mail.com,Female,14,Toronto,Canada,2021-08-18
1788,Vihaan Davis,user1788@streamflix-mail.com,Female,19,Sydney,Australia,2019-11-10
1789,Kiara Muller,user1789@streamflix-mail.com,Female,24,Hyderabad,India,2019-11-28
1790,Wei Andersen,user1790@streamflix-mail.com,Male,48,Dubai,United Arab Emirates,2025-10-04
1791,Olivia Kowalski,user1791@streamflix-mail.com,Female,61,Bengaluru,India,2021-10-26
1792,Jin Kim,user1792@streamflix-mail.com,Female,46,Tokyo,Japan,2022-02-09
1793,Myra Li,user1793@streamflix-mail.com,Male,38,Bengaluru,India,2021-04-16
1794,Diya Rao,user1794@streamflix-mail.com,Male,28,Hyderabad,India,2024-07-13
1795,Aarohi Verma,user1795@streamflix-mail.com,Female,18,Chicago,United States,2023-07-16
1796,Krishna Brown,user1796@streamflix-mail.com,Female,46,Hyderabad,India,2025-09-27
1797,Valentina Dubois,user1797@streamflix-mail.com,Male,21,Delhi,India,2025-09-15
1798,Ayaan Iyer,user1798@streamflix-mail.com,Female,58,Delhi,India,2026-06-02
1799,Aarohi Wilson,user1799@streamflix-mail.com,Male,36,Chennai,India,2021-06-20
1800,James Nair,user1800@streamflix-mail.com,Male,32,Chicago,United States,2023-05-18
1801,Aditya Brown,user1801@streamflix-mail.com,Male,14,Mumbai,India,2021-08-06
1802,Kiara Iyer,user1802@streamflix-mail.com,Female,26,Bengaluru,India,2024-04-12
1803,Kiara Li,user1803@streamflix-mail.com,Male,13,Toronto,Canada,2024-08-10
1804,Ananya Rossi,user1804@streamflix-mail.com,Female,54,Kolkata,India,2020-11-20
1805,Sai Li,user1805@streamflix-mail.com,Male,40,Dubai,United Arab Emirates,2025-06-11
1806,Vivaan Wang,user1806@streamflix-mail.com,Female,57,Tokyo,Japan,2021-03-05
1807,Aarav Singh,user1807@streamflix-mail.com,Female,45,Mumbai,India,2026-05-16
1808,Aarohi Davis,user1808@streamflix-mail.com,Male,67,Berlin,Germany,2025-05-18
1809,Vihaan Reddy,user1809@streamflix-mail.com,Female,57,Sydney,Australia,2019-02-19
1810,Mateo Johnson,user1810@streamflix-mail.com,Male,21,Tokyo,Japan,2021-12-26
1811,Ishaan Davis,user1811@streamflix-mail.com,Male,19,Chicago,United States,2021-11-29
1812,Ethan Zhang,user1812@streamflix-mail.com,Female,63,Mumbai,India,2025-03-01
1813,Ethan Gupta,user1813@streamflix-mail.com,Female,28,Seoul,South Korea,2024-06-06
1814,Aarohi Rossi,user1814@streamflix-mail.com,Male,56,Manchester,United Kingdom,2019-05-19
1815,Jin Garcia,user1815@streamflix-mail.com,Female,48,Mumbai,India,2025-04-20
1816,Arjun Dubois,user1816@streamflix-mail.com,Male,53,Hyderabad,India,2020-08-20
1817,Ishaan Davis,user1817@streamflix-mail.com,Female,28,Pune,India,2021-10-09
1818,Ananya Wilson,user1818@streamflix-mail.com,Female,30,New York,United States,2020-04-10
1819,Sai Zhang,user1819@streamflix-mail.com,Other,44,Los Angeles,United States,2020-03-07
1820,Diya Rossi,user1820@streamflix-mail.com,Male,14,Los Angeles,United States,2022-12-14
1821,Aadhya Iyer,user1821@streamflix-mail.com,Female,30,Seoul,South Korea,2019-08-20
1822,Wei Davis,user1822@streamflix-mail.com,Female,41,Berlin,Germany,2019-08-09
1823,Aadhya Sharma,user1823@streamflix-mail.com,Male,24,Sydney,Australia,2024-11-21
1824,Jin Miller,user1824@streamflix-mail.com,Male,29,Toronto,Canada,2021-07-30
1825,Wei Rossi,user1825@streamflix-mail.com,Other,69,Seoul,South Korea,2023-11-10
1826,Sofia Muller,user1826@streamflix-mail.com,Male,29,Chennai,India,2026-05-24
1827,Arjun Patel,user1827@streamflix-mail.com,Female,64,Manchester,United Kingdom,2019-05-20
1828,Valentina Johnson,user1828@streamflix-mail.com,Male,65,Toronto,Canada,2024-12-14
1829,Noah Wilson,user1829@streamflix-mail.com,Female,51,Chennai,India,2019-10-28
1830,Valentina Johnson,user1830@streamflix-mail.com,Male,21,Paris,France,2024-09-13
1831,Sara Nair,user1831@streamflix-mail.com,Other,24,Pune,India,2021-04-17
1832,Mateo Rao,user1832@streamflix-mail.com,Female,66,Delhi,India,2020-01-05
1833,Olivia Brown,user1833@streamflix-mail.com,Male,13,Kolkata,India,2020-09-18
1834,Aditya Davis,user1834@streamflix-mail.com,Female,41,Tokyo,Japan,2021-09-25
1835,Anika Andersen,user1835@streamflix-mail.com,Female,46,New York,United States,2024-06-21
1836,Sai Wilson,user1836@streamflix-mail.com,Male,60,Pune,India,2024-02-07
1837,Lucia Johnson,user1837@streamflix-mail.com,Male,64,Seoul,South Korea,2024-06-17
1838,Aadhya Park,user1838@streamflix-mail.com,Female,29,Hyderabad,India,2019-03-01
1839,Krishna Silva,user1839@streamflix-mail.com,Female,41,Hyderabad,India,2026-04-24
1840,Liam Brown,user1840@streamflix-mail.com,Male,49,Seoul,South Korea,2022-04-03
1841,Navya Miller,user1841@streamflix-mail.com,Female,68,Kolkata,India,2019-11-01
1842,Vihaan Khan,user1842@streamflix-mail.com,Male,44,Mumbai,India,2025-12-17
1843,Chen Muller,user1843@streamflix-mail.com,Male,19,Los Angeles,United States,2024-12-10
1844,Hana Dubois,user1844@streamflix-mail.com,Female,65,Singapore,Singapore,2019-08-14
1845,Mia Nair,user1845@streamflix-mail.com,Male,42,Dubai,United Arab Emirates,2022-04-11
1846,Noah Smith,user1846@streamflix-mail.com,Male,23,Delhi,India,2025-10-17
1847,Anika Patel,user1847@streamflix-mail.com,Female,23,Chennai,India,2024-02-13
1848,Emma Andersen,user1848@streamflix-mail.com,Male,24,Toronto,Canada,2020-06-16
1849,James Verma,user1849@streamflix-mail.com,Male,54,Sydney,Australia,2024-04-01
1850,Reyansh Khan,user1850@streamflix-mail.com,Female,67,Toronto,Canada,2020-06-01
1851,Vihaan Rao,user1851@streamflix-mail.com,Female,38,Kolkata,India,2021-08-21
1852,Ananya Wilson,user1852@streamflix-mail.com,Female,18,Seoul,South Korea,2020-06-19
1853,Kiara Singh,user1853@streamflix-mail.com,Female,63,Delhi,India,2024-03-13
1854,Reyansh Wilson,user1854@streamflix-mail.com,Female,49,Tokyo,Japan,2025-12-24
1855,Arjun Li,user1855@streamflix-mail.com,Male,45,Berlin,Germany,2019-05-02
1856,Min Rossi,user1856@streamflix-mail.com,Female,16,Sydney,Australia,2023-07-12
1857,Sara Gupta,user1857@streamflix-mail.com,Male,68,Los Angeles,United States,2020-11-11
1858,Olivia Iyer,user1858@streamflix-mail.com,Male,17,New York,United States,2024-08-17
1859,James Gupta,user1859@streamflix-mail.com,Female,47,Los Angeles,United States,2020-01-17
1860,Mia Andersen,user1860@streamflix-mail.com,Female,47,Hyderabad,India,2021-09-30
1861,Mia Park,user1861@streamflix-mail.com,Female,42,Pune,India,2020-07-17
1862,Diya Davis,user1862@streamflix-mail.com,Male,44,Toronto,Canada,2025-07-18
1863,Hana Silva,user1863@streamflix-mail.com,Male,35,Manchester,United Kingdom,2019-08-15
1864,Sara Lee,user1864@streamflix-mail.com,Female,45,Chicago,United States,2023-05-13
1865,Hana Singh,user1865@streamflix-mail.com,Female,33,Chicago,United States,2019-11-26
1866,Anika Davis,user1866@streamflix-mail.com,Male,39,Delhi,India,2023-07-01
1867,Arjun Wang,user1867@streamflix-mail.com,Male,51,Seoul,South Korea,2024-10-03
1868,Wei Verma,user1868@streamflix-mail.com,Male,55,Paris,France,2024-08-21
1869,Vivaan Kim,user1869@streamflix-mail.com,Female,21,Pune,India,2019-04-02
1870,Wei Miller,user1870@streamflix-mail.com,Female,69,Kolkata,India,2024-10-19
1871,Vivaan Gupta,user1871@streamflix-mail.com,Male,18,Toronto,Canada,2021-03-23
1872,Krishna Singh,user1872@streamflix-mail.com,Male,28,Mumbai,India,2024-02-10
1873,Noah Garcia,user1873@streamflix-mail.com,Male,32,Bengaluru,India,2026-03-23
1874,Lucia Smith,user1874@streamflix-mail.com,Male,31,Berlin,Germany,2019-11-22
1875,Anika Patel,user1875@streamflix-mail.com,Female,33,Hyderabad,India,2021-09-20
1876,Arjun Park,user1876@streamflix-mail.com,Male,31,Manchester,United Kingdom,2025-07-01
1877,Ishaan Brown,user1877@streamflix-mail.com,Female,37,Seoul,South Korea,2020-01-23
1878,Jin Miller,user1878@streamflix-mail.com,Female,56,Singapore,Singapore,2020-12-15
1879,Mia Silva,user1879@streamflix-mail.com,Other,60,Chennai,India,2023-02-12
1880,Arjun Gupta,user1880@streamflix-mail.com,Female,32,Hyderabad,India,2026-06-20
1881,Ira Smith,user1881@streamflix-mail.com,Male,27,Singapore,Singapore,2021-03-17
1882,Ananya Gupta,user1882@streamflix-mail.com,Male,51,Los Angeles,United States,2021-11-21
1883,Ayaan Andersen,user1883@streamflix-mail.com,Male,16,Paris,France,2024-12-18
1884,Hana Nair,user1884@streamflix-mail.com,Female,38,Toronto,Canada,2019-11-25
1885,Noah Rossi,user1885@streamflix-mail.com,Male,25,Mumbai,India,2021-06-16
1886,Ayaan Nair,user1886@streamflix-mail.com,Male,47,Chennai,India,2021-05-15
1887,Ethan Rao,user1887@streamflix-mail.com,Male,17,Singapore,Singapore,2022-01-03
1888,Anika Kim,user1888@streamflix-mail.com,Male,60,Singapore,Singapore,2023-04-20
1889,Aditya Rossi,user1889@streamflix-mail.com,Female,28,Singapore,Singapore,2020-08-29
1890,Navya Nair,user1890@streamflix-mail.com,Female,42,Pune,India,2021-12-07
1891,Ayaan Khan,user1891@streamflix-mail.com,Female,45,Pune,India,2025-11-15
1892,Ishaan Dubois,user1892@streamflix-mail.com,Female,40,Pune,India,2025-03-18
1893,Jin Rao,user1893@streamflix-mail.com,Male,38,Sydney,Australia,2026-03-03
1894,Lucas Khan,user1894@streamflix-mail.com,Male,28,Mumbai,India,2024-02-11
1895,Sai Li,user1895@streamflix-mail.com,Male,57,Tokyo,Japan,2023-05-14
1896,Min Gupta,user1896@streamflix-mail.com,Female,42,Chennai,India,2020-08-07
1897,Liam Dubois,user1897@streamflix-mail.com,Female,25,Chicago,United States,2020-03-10
1898,Min Dubois,user1898@streamflix-mail.com,Male,27,Pune,India,2023-01-15
1899,Mia Muller,user1899@streamflix-mail.com,Female,38,Los Angeles,United States,2022-01-13
1900,Myra Patel,user1900@streamflix-mail.com,Male,61,Dubai,United Arab Emirates,2024-11-26
1901,Emma Reddy,user1901@streamflix-mail.com,Male,67,Hyderabad,India,2019-01-27
1902,Emma Brown,user1902@streamflix-mail.com,Female,35,Manchester,United Kingdom,2025-09-06
1903,Lucas Smith,user1903@streamflix-mail.com,Female,35,Delhi,India,2020-04-11
1904,Ishaan Kowalski,user1904@streamflix-mail.com,Female,20,Hyderabad,India,2021-12-17
1905,Myra Kim,user1905@streamflix-mail.com,Female,44,Sydney,Australia,2021-09-02
1906,Ishaan Kowalski,user1906@streamflix-mail.com,Male,26,Manchester,United Kingdom,2025-12-06
1907,Diya Li,user1907@streamflix-mail.com,Female,59,Toronto,Canada,2024-05-26
1908,Reyansh Wang,user1908@streamflix-mail.com,Female,43,Pune,India,2019-04-09
1909,Vivaan Reddy,user1909@streamflix-mail.com,Female,25,Pune,India,2025-05-24
1910,Lucia Gupta,user1910@streamflix-mail.com,Male,65,Los Angeles,United States,2024-01-27
1911,Aditya Verma,user1911@streamflix-mail.com,Other,59,Bengaluru,India,2019-07-06
1912,Jin Lee,user1912@streamflix-mail.com,Male,30,Seoul,South Korea,2024-11-11
1913,Aarav Khan,user1913@streamflix-mail.com,Male,19,Chennai,India,2019-04-03
1914,Yuki Tanaka,user1914@streamflix-mail.com,Female,28,Singapore,Singapore,2022-03-10
1915,Myra Reddy,user1915@streamflix-mail.com,Female,34,Hyderabad,India,2020-03-19
1916,James Kowalski,user1916@streamflix-mail.com,Other,36,Sydney,Australia,2019-01-31
1917,Diya Zhang,user1917@streamflix-mail.com,Female,59,Pune,India,2023-03-12
1918,Aarohi Reddy,user1918@streamflix-mail.com,Male,68,Chennai,India,2024-02-25
1919,Kiara Verma,user1919@streamflix-mail.com,Female,55,Los Angeles,United States,2022-08-06
1920,Emma Johnson,user1920@streamflix-mail.com,Male,61,Bengaluru,India,2021-07-26
1921,Ira Smith,user1921@streamflix-mail.com,Female,20,Bengaluru,India,2022-11-06
1922,Emma Rao,user1922@streamflix-mail.com,Male,21,Dubai,United Arab Emirates,2020-02-20
1923,Hana Davis,user1923@streamflix-mail.com,Female,64,Kolkata,India,2019-05-17
1924,Navya Reddy,user1924@streamflix-mail.com,Female,47,Manchester,United Kingdom,2020-03-06
1925,Sara Reddy,user1925@streamflix-mail.com,Female,26,Toronto,Canada,2019-05-29
1926,Sai Zhang,user1926@streamflix-mail.com,Male,58,Toronto,Canada,2024-10-06
1927,Sara Tanaka,user1927@streamflix-mail.com,Male,22,Toronto,Canada,2023-07-25
1928,Sai Patel,user1928@streamflix-mail.com,Male,56,Paris,France,2020-05-28
1929,Ayaan Andersen,user1929@streamflix-mail.com,Male,63,Toronto,Canada,2023-04-10
1930,Mateo Smith,user1930@streamflix-mail.com,Female,40,Kolkata,India,2022-08-18
1931,Vihaan Smith,user1931@streamflix-mail.com,Male,50,Chennai,India,2019-11-01
1932,Aarohi Gupta,user1932@streamflix-mail.com,Female,54,Tokyo,Japan,2026-04-10
1933,Hana Brown,user1933@streamflix-mail.com,Male,63,Los Angeles,United States,2026-01-11
1934,Mateo Miller,user1934@streamflix-mail.com,Male,46,Manchester,United Kingdom,2024-09-08
1935,Sai Park,user1935@streamflix-mail.com,Female,29,Tokyo,Japan,2025-01-23
1936,Reyansh Iyer,user1936@streamflix-mail.com,Male,24,Pune,India,2023-02-07
1937,Sara Nair,user1937@streamflix-mail.com,Male,33,Pune,India,2025-01-09
1938,Liam Brown,user1938@streamflix-mail.com,Male,16,Delhi,India,2022-12-17
1939,Mateo Gupta,user1939@streamflix-mail.com,Male,52,Delhi,India,2020-03-30
1940,Krishna Iyer,user1940@streamflix-mail.com,Female,34,Toronto,Canada,2020-04-03
1941,Reyansh Kim,user1941@streamflix-mail.com,Male,53,London,United Kingdom,2025-05-27
1942,Ananya Kowalski,user1942@streamflix-mail.com,Male,16,Chennai,India,2022-05-07
1943,Min Lee,user1943@streamflix-mail.com,Female,31,Pune,India,2024-06-20
1944,Vivaan Iyer,user1944@streamflix-mail.com,Female,35,Sydney,Australia,2020-02-01
1945,Ira Tanaka,user1945@streamflix-mail.com,Female,17,Delhi,India,2022-05-11
1946,Arjun Davis,user1946@streamflix-mail.com,Male,60,Singapore,Singapore,2019-08-17
1947,Reyansh Wang,user1947@streamflix-mail.com,Female,47,Berlin,Germany,2020-08-27
1948,Sofia Nair,user1948@streamflix-mail.com,Male,61,Chicago,United States,2019-10-26
1949,Aarav Lee,user1949@streamflix-mail.com,Male,58,Chicago,United States,2020-07-23
1950,Aadhya Gupta,user1950@streamflix-mail.com,Female,14,London,United Kingdom,2023-07-19
1951,Sofia Kim,user1951@streamflix-mail.com,Female,62,Delhi,India,2019-01-15
1952,Noah Khan,user1952@streamflix-mail.com,Female,16,Toronto,Canada,2020-06-13
1953,Aditya Andersen,user1953@streamflix-mail.com,Female,62,New York,United States,2024-03-06
1954,Kiara Verma,user1954@streamflix-mail.com,Male,51,Chicago,United States,2020-02-13
1955,Mateo Park,user1955@streamflix-mail.com,Female,59,Mumbai,India,2023-03-02
1956,Anika Iyer,user1956@streamflix-mail.com,Female,41,Seoul,South Korea,2025-07-02
1957,Emma Zhang,user1957@streamflix-mail.com,Male,22,Kolkata,India,2024-11-05
1958,Emma Miller,user1958@streamflix-mail.com,Male,21,Delhi,India,2019-12-01
1959,Ethan Tanaka,user1959@streamflix-mail.com,Male,19,Dubai,United Arab Emirates,2020-02-08
1960,Ayaan Park,user1960@streamflix-mail.com,Female,58,Paris,France,2024-04-16
1961,Hana Johnson,user1961@streamflix-mail.com,Male,43,London,United Kingdom,2021-08-06
1962,Valentina Gupta,user1962@streamflix-mail.com,Male,25,Mumbai,India,2022-02-15
1963,Sai Lee,user1963@streamflix-mail.com,Female,20,Paris,France,2022-07-29
1964,Chen Garcia,user1964@streamflix-mail.com,Female,17,Pune,India,2023-05-05
1965,Chen Verma,user1965@streamflix-mail.com,Male,27,Pune,India,2022-05-14
1966,Mia Lee,user1966@streamflix-mail.com,Female,55,Singapore,Singapore,2019-03-05
1967,Sara Khan,user1967@streamflix-mail.com,Female,63,Kolkata,India,2019-09-16
1968,Kiara Singh,user1968@streamflix-mail.com,Female,47,Delhi,India,2019-01-01
1969,Hana Sharma,user1969@streamflix-mail.com,Male,69,Sydney,Australia,2020-12-26
1970,Reyansh Johnson,user1970@streamflix-mail.com,Male,35,Chennai,India,2025-02-15
1971,Hana Khan,user1971@streamflix-mail.com,Female,31,Seoul,South Korea,2026-04-14
1972,Sofia Gupta,user1972@streamflix-mail.com,Male,52,Hyderabad,India,2022-07-25
1973,Sophia Garcia,user1973@streamflix-mail.com,Female,20,Berlin,Germany,2019-03-16
1974,Myra Khan,user1974@streamflix-mail.com,Male,64,Singapore,Singapore,2019-07-15
1975,Liam Iyer,user1975@streamflix-mail.com,Female,57,Pune,India,2025-02-09
1976,Aditya Miller,user1976@streamflix-mail.com,Female,14,Manchester,United Kingdom,2021-07-29
1977,Lucia Verma,user1977@streamflix-mail.com,Female,23,Berlin,Germany,2025-08-10
1978,Myra Tanaka,user1978@streamflix-mail.com,Female,48,Delhi,India,2022-10-18
1979,Aditya Miller,user1979@streamflix-mail.com,Female,55,Tokyo,Japan,2025-08-04
1980,Yuki Tanaka,user1980@streamflix-mail.com,Male,25,Chicago,United States,2020-01-06
1981,Ethan Dubois,user1981@streamflix-mail.com,Male,55,Berlin,Germany,2025-06-07
1982,Noah Tanaka,user1982@streamflix-mail.com,Female,40,Pune,India,2023-02-04
1983,Aditya Wilson,user1983@streamflix-mail.com,Female,51,Singapore,Singapore,2022-04-12
1984,Wei Brown,user1984@streamflix-mail.com,Other,37,Paris,France,2022-12-18
1985,Ava Wang,user1985@streamflix-mail.com,Female,38,Kolkata,India,2021-06-14
1986,Yuki Gupta,user1986@streamflix-mail.com,Male,35,Bengaluru,India,2023-07-09
1987,Hana Muller,user1987@streamflix-mail.com,Female,21,New York,United States,2024-10-09
1988,Krishna Rao,user1988@streamflix-mail.com,Female,23,Manchester,United Kingdom,2025-01-27
1989,Krishna Sharma,user1989@streamflix-mail.com,Female,22,Toronto,Canada,2026-05-02
1990,Sofia Singh,user1990@streamflix-mail.com,Female,58,Chicago,United States,2022-02-04
1991,Emma Singh,user1991@streamflix-mail.com,Female,37,Berlin,Germany,2024-10-06
1992,Navya Sharma,user1992@streamflix-mail.com,Female,34,Manchester,United Kingdom,2025-08-29
1993,Diya Zhang,user1993@streamflix-mail.com,Male,61,Toronto,Canada,2019-02-18
1994,Ava Gupta,user1994@streamflix-mail.com,Female,63,Paris,France,2022-07-23
1995,Wei Muller,user1995@streamflix-mail.com,Male,26,Berlin,Germany,2024-04-02
1996,Aarav Garcia,user1996@streamflix-mail.com,Male,33,Kolkata,India,2022-06-05
1997,Liam Wang,user1997@streamflix-mail.com,Male,36,Chennai,India,2019-10-01
1998,Valentina Smith,user1998@streamflix-mail.com,Male,60,Singapore,Singapore,2023-12-01
1999,Diya Reddy,user1999@streamflix-mail.com,Male,51,London,United Kingdom,2022-01-16
2000,Diya Nair,user2000@streamflix-mail.com,Female,44,Los Angeles,United States,2023-08-18
2001,Jin Park,user2001@streamflix-mail.com,Female,26,Sydney,Australia,2019-01-04
2002,Aditya Wang,user2002@streamflix-mail.com,Female,34,Sydney,Australia,2019-02-01
2003,Ira Patel,user2003@streamflix-mail.com,Male,14,Berlin,Germany,2023-07-09
2004,Kiara Smith,user2004@streamflix-mail.com,Male,53,New York,United States,2026-05-13
2005,Yuki Kowalski,user2005@streamflix-mail.com,Female,65,Dubai,United Arab Emirates,2023-10-17
2006,Sai Muller,user2006@streamflix-mail.com,Female,57,Pune,India,2026-01-25
2007,Navya Brown,user2007@streamflix-mail.com,Female,30,Berlin,Germany,2025-05-08
2008,Reyansh Singh,user2008@streamflix-mail.com,Female,40,Delhi,India,2021-02-09
2009,Yuki Rao,user2009@streamflix-mail.com,Female,67,Dubai,United Arab Emirates,2019-10-08
2010,Ava Wilson,user2010@streamflix-mail.com,Female,37,Bengaluru,India,2023-03-10
2011,Aarohi Lee,user2011@streamflix-mail.com,Other,60,Seoul,South Korea,2023-08-26
2012,Ira Nair,user2012@streamflix-mail.com,Female,45,Paris,France,2024-10-10
2013,Reyansh Verma,user2013@streamflix-mail.com,Female,41,Tokyo,Japan,2022-11-27
2014,Sofia Miller,user2014@streamflix-mail.com,Male,46,Dubai,United Arab Emirates,2025-11-25
2015,Ava Silva,user2015@streamflix-mail.com,Male,25,Chicago,United States,2025-04-29
2016,Aadhya Iyer,user2016@streamflix-mail.com,Male,37,Pune,India,2023-05-24
2017,Anika Brown,user2017@streamflix-mail.com,Female,30,Paris,France,2023-02-18
2018,Mia Iyer,user2018@streamflix-mail.com,Female,56,London,United Kingdom,2019-02-21
2019,Lucas Singh,user2019@streamflix-mail.com,Male,47,Tokyo,Japan,2024-11-08
2020,Kiara Kim,user2020@streamflix-mail.com,Female,35,Singapore,Singapore,2024-02-07
2021,Aadhya Patel,user2021@streamflix-mail.com,Male,59,Singapore,Singapore,2025-09-19
2022,Ethan Singh,user2022@streamflix-mail.com,Male,38,New York,United States,2019-09-12
2023,Ethan Tanaka,user2023@streamflix-mail.com,Female,67,Los Angeles,United States,2020-02-04
2024,Olivia Nair,user2024@streamflix-mail.com,Male,47,Los Angeles,United States,2024-01-12
2025,Aditya Nair,user2025@streamflix-mail.com,Male,63,Toronto,Canada,2022-09-01
2026,Kiara Andersen,user2026@streamflix-mail.com,Female,69,Singapore,Singapore,2023-05-28
2027,Noah Wilson,user2027@streamflix-mail.com,Male,31,Hyderabad,India,2022-04-04
2028,Mateo Verma,user2028@streamflix-mail.com,Female,27,Pune,India,2023-10-21
2029,Emma Brown,user2029@streamflix-mail.com,Other,60,Mumbai,India,2023-12-08
2030,Myra Wilson,user2030@streamflix-mail.com,Female,26,London,United Kingdom,2020-06-02
2031,Liam Singh,user2031@streamflix-mail.com,Female,55,Sydney,Australia,2024-09-12
2032,Ayaan Wilson,user2032@streamflix-mail.com,Male,23,Pune,India,2022-09-13
2033,Vihaan Park,user2033@streamflix-mail.com,Female,62,Singapore,Singapore,2023-04-25
2034,Sophia Singh,user2034@streamflix-mail.com,Male,52,Mumbai,India,2023-08-19
2035,Valentina Rossi,user2035@streamflix-mail.com,Male,42,Seoul,South Korea,2024-07-31
2036,Hana Garcia,user2036@streamflix-mail.com,Female,38,Sydney,Australia,2021-04-02
2037,Olivia Kowalski,user2037@streamflix-mail.com,Male,49,Sydney,Australia,2019-01-19
2038,Vivaan Gupta,user2038@streamflix-mail.com,Female,35,Singapore,Singapore,2020-05-12
2039,Valentina Rao,user2039@streamflix-mail.com,Male,35,New York,United States,2026-03-29
2040,Navya Wang,user2040@streamflix-mail.com,Female,24,Paris,France,2020-09-01
2041,Diya Dubois,user2041@streamflix-mail.com,Male,21,Singapore,Singapore,2020-11-13
2042,Jin Khan,user2042@streamflix-mail.com,Male,63,Hyderabad,India,2025-06-07
2043,Mia Tanaka,user2043@streamflix-mail.com,Female,55,Berlin,Germany,2020-10-07
2044,Mia Nair,user2044@streamflix-mail.com,Male,38,Singapore,Singapore,2022-06-25
2045,Diya Brown,user2045@streamflix-mail.com,Female,60,Kolkata,India,2021-10-11
2046,Valentina Rao,user2046@streamflix-mail.com,Male,47,Berlin,Germany,2023-12-16
2047,Kiara Brown,user2047@streamflix-mail.com,Female,47,Pune,India,2023-06-16
2048,Emma Andersen,user2048@streamflix-mail.com,Other,19,Toronto,Canada,2022-11-10
2049,Wei Wang,user2049@streamflix-mail.com,Female,43,Sydney,Australia,2022-10-05
2050,Ethan Silva,user2050@streamflix-mail.com,Female,19,Paris,France,2025-04-02
2051,Reyansh Singh,user2051@streamflix-mail.com,Male,51,Manchester,United Kingdom,2023-05-12
2052,Aadhya Kowalski,user2052@streamflix-mail.com,Female,16,Paris,France,2022-10-24
2053,Sara Garcia,user2053@streamflix-mail.com,Female,42,Chennai,India,2025-08-26
2054,Lucia Park,user2054@streamflix-mail.com,Female,33,Tokyo,Japan,2019-09-13
2055,Lucas Zhang,user2055@streamflix-mail.com,Female,20,Pune,India,2025-04-01
2056,Sara Park,user2056@streamflix-mail.com,Female,39,Paris,France,2020-06-26
2057,Mia Kim,user2057@streamflix-mail.com,Female,24,Dubai,United Arab Emirates,2021-06-27
2058,Mia Miller,user2058@streamflix-mail.com,Male,26,Toronto,Canada,2019-02-06
2059,Ira Park,user2059@streamflix-mail.com,Female,63,Delhi,India,2023-04-14
2060,Anika Andersen,user2060@streamflix-mail.com,Female,32,Chicago,United States,2025-03-26
2061,Jin Johnson,user2061@streamflix-mail.com,Female,36,Bengaluru,India,2021-11-11
2062,Liam Davis,user2062@streamflix-mail.com,Male,13,Berlin,Germany,2023-12-22
2063,Sai Nair,user2063@streamflix-mail.com,Female,30,New York,United States,2021-12-12
2064,Lucas Smith,user2064@streamflix-mail.com,Female,33,Tokyo,Japan,2024-09-09
2065,Olivia Silva,user2065@streamflix-mail.com,Female,53,Berlin,Germany,2026-06-27
2066,James Park,user2066@streamflix-mail.com,Male,19,Bengaluru,India,2024-05-11
2067,Mia Khan,user2067@streamflix-mail.com,Male,66,Dubai,United Arab Emirates,2021-07-20
2068,Sofia Wilson,user2068@streamflix-mail.com,Male,20,Kolkata,India,2025-03-07
2069,Myra Rossi,user2069@streamflix-mail.com,Male,50,Bengaluru,India,2019-04-14
2070,Anika Reddy,user2070@streamflix-mail.com,Other,13,Chennai,India,2026-05-26
2071,Ayaan Verma,user2071@streamflix-mail.com,Male,59,London,United Kingdom,2025-04-17
2072,Ava Johnson,user2072@streamflix-mail.com,Female,52,Seoul,South Korea,2023-11-25
2073,Anika Park,user2073@streamflix-mail.com,Male,60,Sydney,Australia,2023-08-27
2074,Myra Rao,user2074@streamflix-mail.com,Male,66,Pune,India,2020-11-21
2075,Sophia Rossi,user2075@streamflix-mail.com,Other,60,Chennai,India,2022-03-27
2076,Anika Muller,user2076@streamflix-mail.com,Female,48,Kolkata,India,2019-10-05
2077,Kiara Davis,user2077@streamflix-mail.com,Male,60,Singapore,Singapore,2021-07-16
2078,Navya Johnson,user2078@streamflix-mail.com,Male,18,London,United Kingdom,2023-06-03
2079,Ananya Verma,user2079@streamflix-mail.com,Other,49,Mumbai,India,2021-09-18
2080,Sai Rossi,user2080@streamflix-mail.com,Other,69,Delhi,India,2024-10-11
2081,Hana Dubois,user2081@streamflix-mail.com,Male,34,Delhi,India,2025-05-24
2082,Vihaan Garcia,user2082@streamflix-mail.com,Female,68,Paris,France,2023-03-18
2083,Aadhya Davis,user2083@streamflix-mail.com,Male,41,London,United Kingdom,2021-07-22
2084,Ethan Li,user2084@streamflix-mail.com,Female,39,Chicago,United States,2021-04-11
2085,Sai Zhang,user2085@streamflix-mail.com,Male,30,Dubai,United Arab Emirates,2023-02-05
2086,Ethan Iyer,user2086@streamflix-mail.com,Female,19,Hyderabad,India,2024-05-24
2087,Mia Zhang,user2087@streamflix-mail.com,Female,62,Mumbai,India,2019-12-13
2088,Ethan Andersen,user2088@streamflix-mail.com,Male,54,Chennai,India,2022-05-11
2089,Aadhya Li,user2089@streamflix-mail.com,Male,35,Pune,India,2022-04-21
2090,Aarav Miller,user2090@streamflix-mail.com,Male,67,Dubai,United Arab Emirates,2021-02-23
2091,Jin Davis,user2091@streamflix-mail.com,Male,23,Tokyo,Japan,2020-10-12
2092,Myra Singh,user2092@streamflix-mail.com,Male,57,Toronto,Canada,2025-04-21
2093,Chen Park,user2093@streamflix-mail.com,Male,38,Berlin,Germany,2022-03-30
2094,Ayaan Singh,user2094@streamflix-mail.com,Other,48,Chicago,United States,2023-04-28
2095,Reyansh Smith,user2095@streamflix-mail.com,Male,15,Pune,India,2019-04-15
2096,Yuki Singh,user2096@streamflix-mail.com,Female,47,Kolkata,India,2021-02-15
2097,Lucia Smith,user2097@streamflix-mail.com,Male,51,Bengaluru,India,2020-09-04
2098,Min Johnson,user2098@streamflix-mail.com,Female,68,Berlin,Germany,2021-06-18
2099,Wei Gupta,user2099@streamflix-mail.com,Male,32,Toronto,Canada,2025-04-23
2100,Ishaan Wang,user2100@streamflix-mail.com,Female,17,Dubai,United Arab Emirates,2023-04-15
2101,Sofia Garcia,user2101@streamflix-mail.com,Male,16,Chennai,India,2025-10-06
2102,Ethan Kowalski,user2102@streamflix-mail.com,Male,21,Singapore,Singapore,2022-03-03
2103,Reyansh Nair,user2103@streamflix-mail.com,Female,30,Kolkata,India,2024-10-09
2104,Sai Zhang,user2104@streamflix-mail.com,Female,60,Los Angeles,United States,2020-03-15
2105,Min Nair,user2105@streamflix-mail.com,Female,24,Sydney,Australia,2025-02-10
2106,Diya Wilson,user2106@streamflix-mail.com,Male,21,Paris,France,2023-07-30
2107,Wei Miller,user2107@streamflix-mail.com,Male,14,Manchester,United Kingdom,2019-04-17
2108,Sai Garcia,user2108@streamflix-mail.com,Female,34,Singapore,Singapore,2024-03-01
2109,Diya Park,user2109@streamflix-mail.com,Female,47,Manchester,United Kingdom,2022-08-05
2110,Diya Rossi,user2110@streamflix-mail.com,Female,29,Los Angeles,United States,2019-01-01
2111,Diya Rao,user2111@streamflix-mail.com,Male,41,Berlin,Germany,2025-05-07
2112,Ethan Muller,user2112@streamflix-mail.com,Male,26,Paris,France,2023-01-09
2113,Sofia Nair,user2113@streamflix-mail.com,Female,58,Kolkata,India,2023-07-19
2114,Sofia Patel,user2114@streamflix-mail.com,Female,14,Seoul,South Korea,2023-04-30
2115,Mia Rao,user2115@streamflix-mail.com,Male,24,Chicago,United States,2019-09-06
2116,Krishna Kowalski,user2116@streamflix-mail.com,Female,45,Singapore,Singapore,2021-06-28
2117,Mateo Reddy,user2117@streamflix-mail.com,Female,61,London,United Kingdom,2024-04-05
2118,Emma Johnson,user2118@streamflix-mail.com,Male,35,Dubai,United Arab Emirates,2021-07-16
2119,Emma Brown,user2119@streamflix-mail.com,Male,16,Seoul,South Korea,2025-08-29
2120,Lucas Rossi,user2120@streamflix-mail.com,Female,44,Los Angeles,United States,2021-05-19
2121,Wei Miller,user2121@streamflix-mail.com,Male,28,Singapore,Singapore,2022-06-12
2122,Mateo Tanaka,user2122@streamflix-mail.com,Female,30,London,United Kingdom,2022-05-04
2123,Olivia Li,user2123@streamflix-mail.com,Female,65,Dubai,United Arab Emirates,2019-02-21
2124,Noah Wang,user2124@streamflix-mail.com,Male,66,Hyderabad,India,2025-02-01
2125,Mia Li,user2125@streamflix-mail.com,Female,27,Singapore,Singapore,2020-01-07
2126,Ananya Iyer,user2126@streamflix-mail.com,Male,46,Manchester,United Kingdom,2022-07-08
2127,Aadhya Garcia,user2127@streamflix-mail.com,Male,43,Chicago,United States,2025-10-21
2128,Ava Lee,user2128@streamflix-mail.com,Female,67,New York,United States,2026-06-13
2129,Aditya Khan,user2129@streamflix-mail.com,Female,66,Singapore,Singapore,2020-09-22
2130,Aadhya Reddy,user2130@streamflix-mail.com,Male,32,Kolkata,India,2021-10-26
2131,Lucas Iyer,user2131@streamflix-mail.com,Female,14,Mumbai,India,2023-03-30
2132,Valentina Silva,user2132@streamflix-mail.com,Female,13,Berlin,Germany,2024-03-29
2133,James Park,user2133@streamflix-mail.com,Female,13,Los Angeles,United States,2020-11-15
2134,Ira Patel,user2134@streamflix-mail.com,Female,57,Hyderabad,India,2023-02-12
2135,Navya Li,user2135@streamflix-mail.com,Male,55,Pune,India,2025-04-03
2136,Sophia Zhang,user2136@streamflix-mail.com,Male,60,Tokyo,Japan,2024-09-18
2137,Emma Rossi,user2137@streamflix-mail.com,Female,20,Kolkata,India,2025-02-28
2138,Aarav Andersen,user2138@streamflix-mail.com,Male,16,Chennai,India,2025-08-29
2139,Emma Dubois,user2139@streamflix-mail.com,Female,22,Chicago,United States,2025-06-16
2140,Anika Nair,user2140@streamflix-mail.com,Male,48,Mumbai,India,2022-11-01
2141,Lucas Silva,user2141@streamflix-mail.com,Male,13,Manchester,United Kingdom,2026-04-21
2142,Jin Johnson,user2142@streamflix-mail.com,Male,50,Mumbai,India,2022-09-15
2143,Mateo Brown,user2143@streamflix-mail.com,Male,63,Tokyo,Japan,2024-04-26
2144,Noah Park,user2144@streamflix-mail.com,Male,21,Los Angeles,United States,2026-01-25
2145,Sara Kim,user2145@streamflix-mail.com,Female,55,Pune,India,2019-04-29
2146,Navya Brown,user2146@streamflix-mail.com,Female,44,Chicago,United States,2025-12-31
2147,Ayaan Tanaka,user2147@streamflix-mail.com,Male,66,Hyderabad,India,2025-02-28
2148,Lucia Nair,user2148@streamflix-mail.com,Male,26,Kolkata,India,2026-06-22
2149,Hana Gupta,user2149@streamflix-mail.com,Female,25,Bengaluru,India,2024-10-16
2150,Min Sharma,user2150@streamflix-mail.com,Male,13,Sydney,Australia,2020-03-04
2151,Myra Rossi,user2151@streamflix-mail.com,Female,53,Paris,France,2021-04-06
2152,Aadhya Brown,user2152@streamflix-mail.com,Female,62,Chicago,United States,2019-01-10
2153,Min Garcia,user2153@streamflix-mail.com,Female,14,Delhi,India,2023-07-23
2154,Emma Park,user2154@streamflix-mail.com,Female,41,Delhi,India,2022-04-12
2155,Lucas Garcia,user2155@streamflix-mail.com,Female,54,Tokyo,Japan,2022-07-23
2156,Aarohi Lee,user2156@streamflix-mail.com,Other,57,Kolkata,India,2024-06-30
2157,Navya Verma,user2157@streamflix-mail.com,Female,66,Chennai,India,2025-02-23
2158,Ava Iyer,user2158@streamflix-mail.com,Male,54,Bengaluru,India,2019-07-19
2159,Chen Andersen,user2159@streamflix-mail.com,Male,65,Sydney,Australia,2025-11-15
2160,Myra Garcia,user2160@streamflix-mail.com,Male,69,Delhi,India,2021-10-19
2161,Chen Nair,user2161@streamflix-mail.com,Male,65,Berlin,Germany,2024-08-21
2162,Ishaan Johnson,user2162@streamflix-mail.com,Female,37,Pune,India,2023-05-12
2163,Anika Smith,user2163@streamflix-mail.com,Male,36,Delhi,India,2022-04-30
2164,Sofia Patel,user2164@streamflix-mail.com,Male,37,Singapore,Singapore,2020-08-04
2165,Mateo Patel,user2165@streamflix-mail.com,Male,67,New York,United States,2020-06-03
2166,Sofia Wang,user2166@streamflix-mail.com,Female,29,Sydney,Australia,2024-06-24
2167,Aadhya Reddy,user2167@streamflix-mail.com,Female,55,Mumbai,India,2021-05-29
2168,Hana Rao,user2168@streamflix-mail.com,Other,48,Seoul,South Korea,2020-09-20
2169,Lucia Miller,user2169@streamflix-mail.com,Male,16,Kolkata,India,2019-01-16
2170,Valentina Wilson,user2170@streamflix-mail.com,Male,40,Dubai,United Arab Emirates,2025-04-20
2171,Aarav Dubois,user2171@streamflix-mail.com,Other,24,Berlin,Germany,2021-12-19
2172,Mia Andersen,user2172@streamflix-mail.com,Female,54,London,United Kingdom,2021-08-11
2173,Valentina Patel,user2173@streamflix-mail.com,Female,38,Kolkata,India,2021-10-14
2174,Wei Wilson,user2174@streamflix-mail.com,Female,33,Kolkata,India,2023-06-28
2175,Ishaan Sharma,user2175@streamflix-mail.com,Male,16,Sydney,Australia,2022-08-12
2176,Wei Kim,user2176@streamflix-mail.com,Female,20,Mumbai,India,2023-01-29
2177,Arjun Iyer,user2177@streamflix-mail.com,Female,56,Bengaluru,India,2021-01-30
2178,Aarohi Gupta,user2178@streamflix-mail.com,Female,62,Toronto,Canada,2021-03-22
2179,Ava Zhang,user2179@streamflix-mail.com,Female,29,Mumbai,India,2025-06-20
2180,Kiara Nair,user2180@streamflix-mail.com,Male,60,Chennai,India,2022-04-17
2181,Sophia Miller,user2181@streamflix-mail.com,Male,44,Toronto,Canada,2026-04-17
2182,Ishaan Reddy,user2182@streamflix-mail.com,Female,33,Chennai,India,2025-05-05
2183,Noah Li,user2183@streamflix-mail.com,Female,38,Berlin,Germany,2024-05-02
2184,Ava Li,user2184@streamflix-mail.com,Male,52,Paris,France,2023-02-10
2185,Ava Lee,user2185@streamflix-mail.com,Male,64,Mumbai,India,2025-04-11
2186,Diya Muller,user2186@streamflix-mail.com,Female,41,Hyderabad,India,2019-06-02
2187,Aadhya Garcia,user2187@streamflix-mail.com,Male,32,Berlin,Germany,2022-09-28
2188,Ananya Nair,user2188@streamflix-mail.com,Male,56,Mumbai,India,2024-05-06
2189,Kiara Iyer,user2189@streamflix-mail.com,Female,42,Chicago,United States,2019-10-24
2190,Olivia Khan,user2190@streamflix-mail.com,Female,35,Berlin,Germany,2020-05-14
2191,Sara Khan,user2191@streamflix-mail.com,Female,39,Manchester,United Kingdom,2019-06-28
2192,Anika Rao,user2192@streamflix-mail.com,Female,43,Kolkata,India,2022-08-23
2193,Diya Khan,user2193@streamflix-mail.com,Male,20,Mumbai,India,2023-01-22
2194,Krishna Lee,user2194@streamflix-mail.com,Female,16,New York,United States,2022-07-06
2195,Ethan Iyer,user2195@streamflix-mail.com,Female,50,London,United Kingdom,2019-05-31
2196,Chen Kim,user2196@streamflix-mail.com,Female,22,Delhi,India,2022-08-25
2197,Diya Smith,user2197@streamflix-mail.com,Female,43,London,United Kingdom,2025-08-28
2198,Min Zhang,user2198@streamflix-mail.com,Male,57,Los Angeles,United States,2019-03-26
2199,Liam Davis,user2199@streamflix-mail.com,Male,25,Kolkata,India,2024-10-25
2200,Reyansh Andersen,user2200@streamflix-mail.com,Male,34,Paris,France,2021-01-15
2201,Sara Garcia,user2201@streamflix-mail.com,Male,68,Seoul,South Korea,2019-07-24
2202,Aarav Patel,user2202@streamflix-mail.com,Other,15,Sydney,Australia,2019-05-19
2203,Vivaan Lee,user2203@streamflix-mail.com,Male,56,Manchester,United Kingdom,2019-02-04
2204,Myra Park,user2204@streamflix-mail.com,Female,22,Chicago,United States,2022-02-10
2205,Kiara Garcia,user2205@streamflix-mail.com,Male,64,Delhi,India,2022-09-25
2206,Yuki Wilson,user2206@streamflix-mail.com,Male,36,Kolkata,India,2023-08-29
2207,Sai Miller,user2207@streamflix-mail.com,Male,13,Mumbai,India,2019-08-11
2208,Hana Rao,user2208@streamflix-mail.com,Male,53,New York,United States,2023-11-26
2209,Ishaan Rao,user2209@streamflix-mail.com,Female,21,Chicago,United States,2024-07-18
2210,Sai Andersen,user2210@streamflix-mail.com,Other,33,Toronto,Canada,2019-06-26
2211,Sophia Zhang,user2211@streamflix-mail.com,Male,41,New York,United States,2024-01-23
2212,Wei Gupta,user2212@streamflix-mail.com,Other,55,Chennai,India,2019-11-22
2213,Noah Kowalski,user2213@streamflix-mail.com,Female,36,Singapore,Singapore,2022-04-17
2214,Arjun Wang,user2214@streamflix-mail.com,Female,61,Hyderabad,India,2023-12-17
2215,Arjun Verma,user2215@streamflix-mail.com,Male,40,Bengaluru,India,2025-07-12
2216,Ira Wang,user2216@streamflix-mail.com,Male,32,Sydney,Australia,2022-12-25
2217,Kiara Lee,user2217@streamflix-mail.com,Female,32,Manchester,United Kingdom,2022-04-07
2218,Valentina Andersen,user2218@streamflix-mail.com,Female,58,Seoul,South Korea,2025-03-31
2219,Diya Miller,user2219@streamflix-mail.com,Male,50,Singapore,Singapore,2020-08-14
2220,Ayaan Davis,user2220@streamflix-mail.com,Female,20,Berlin,Germany,2020-07-15
2221,Lucia Rao,user2221@streamflix-mail.com,Male,55,Sydney,Australia,2022-06-30
2222,Reyansh Rao,user2222@streamflix-mail.com,Female,36,Tokyo,Japan,2019-11-26
2223,Vivaan Kim,user2223@streamflix-mail.com,Male,32,Hyderabad,India,2019-03-02
2224,Anika Rossi,user2224@streamflix-mail.com,Female,18,London,United Kingdom,2021-09-18
2225,Anika Dubois,user2225@streamflix-mail.com,Male,69,Berlin,Germany,2020-02-22
2226,Noah Silva,user2226@streamflix-mail.com,Male,15,Dubai,United Arab Emirates,2023-10-11
2227,Jin Kim,user2227@streamflix-mail.com,Female,69,Los Angeles,United States,2023-02-11
2228,Lucia Davis,user2228@streamflix-mail.com,Male,16,Berlin,Germany,2022-08-23
2229,Diya Smith,user2229@streamflix-mail.com,Female,41,Kolkata,India,2022-09-20
2230,Valentina Silva,user2230@streamflix-mail.com,Female,18,Mumbai,India,2019-09-27
2231,Ava Rao,user2231@streamflix-mail.com,Male,41,Dubai,United Arab Emirates,2022-01-07
2232,Aditya Patel,user2232@streamflix-mail.com,Male,60,Los Angeles,United States,2019-07-15
2233,Lucia Dubois,user2233@streamflix-mail.com,Female,46,Mumbai,India,2021-08-29
2234,Sai Lee,user2234@streamflix-mail.com,Female,43,Pune,India,2024-01-30
2235,Olivia Smith,user2235@streamflix-mail.com,Female,19,Delhi,India,2026-05-24
2236,Yuki Muller,user2236@streamflix-mail.com,Male,67,Paris,France,2021-03-24
2237,Ishaan Kowalski,user2237@streamflix-mail.com,Female,34,Tokyo,Japan,2020-12-24
2238,Ananya Rao,user2238@streamflix-mail.com,Female,43,Berlin,Germany,2024-01-08
2239,Aarohi Davis,user2239@streamflix-mail.com,Female,64,Hyderabad,India,2025-11-18
2240,Jin Miller,user2240@streamflix-mail.com,Male,48,Tokyo,Japan,2021-03-18
2241,Krishna Wang,user2241@streamflix-mail.com,Male,54,Manchester,United Kingdom,2025-04-13
2242,Ethan Kowalski,user2242@streamflix-mail.com,Female,23,Chennai,India,2021-05-11
2243,Kiara Wilson,user2243@streamflix-mail.com,Other,39,Sydney,Australia,2023-10-17
2244,Arjun Silva,user2244@streamflix-mail.com,Male,43,Paris,France,2020-07-28
2245,Lucas Lee,user2245@streamflix-mail.com,Female,23,Chicago,United States,2020-12-18
2246,Hana Dubois,user2246@streamflix-mail.com,Male,34,Mumbai,India,2026-05-17
2247,Olivia Brown,user2247@streamflix-mail.com,Male,60,Tokyo,Japan,2021-12-01
2248,Ayaan Johnson,user2248@streamflix-mail.com,Male,66,Hyderabad,India,2019-02-14
2249,Reyansh Brown,user2249@streamflix-mail.com,Male,59,Hyderabad,India,2024-10-15
2250,Anika Tanaka,user2250@streamflix-mail.com,Male,66,Toronto,Canada,2019-12-15
2251,James Kim,user2251@streamflix-mail.com,Male,69,Dubai,United Arab Emirates,2019-10-31
2252,Liam Iyer,user2252@streamflix-mail.com,Male,24,Dubai,United Arab Emirates,2025-04-08
2253,Ishaan Verma,user2253@streamflix-mail.com,Female,61,Seoul,South Korea,2021-08-12
2254,James Davis,user2254@streamflix-mail.com,Female,48,Seoul,South Korea,2020-01-14
2255,Diya Rossi,user2255@streamflix-mail.com,Female,61,Bengaluru,India,2026-04-25
2256,Sophia Miller,user2256@streamflix-mail.com,Male,49,Kolkata,India,2021-02-07
2257,Yuki Wilson,user2257@streamflix-mail.com,Female,20,Singapore,Singapore,2023-09-29
2258,Ethan Silva,user2258@streamflix-mail.com,Male,45,New York,United States,2020-12-20
2259,Aarav Davis,user2259@streamflix-mail.com,Female,56,Singapore,Singapore,2023-05-11
2260,Valentina Andersen,user2260@streamflix-mail.com,Female,20,Chicago,United States,2024-03-23
2261,Aarav Park,user2261@streamflix-mail.com,Male,41,Chicago,United States,2024-09-05
2262,Valentina Wang,user2262@streamflix-mail.com,Male,50,Mumbai,India,2022-01-30
2263,Vivaan Silva,user2263@streamflix-mail.com,Female,39,Toronto,Canada,2023-08-14
2264,James Kim,user2264@streamflix-mail.com,Female,58,Seoul,South Korea,2025-04-20
2265,Arjun Verma,user2265@streamflix-mail.com,Female,20,Tokyo,Japan,2025-04-19
2266,Vihaan Brown,user2266@streamflix-mail.com,Other,32,Kolkata,India,2024-08-08
2267,Sophia Iyer,user2267@streamflix-mail.com,Female,67,Sydney,Australia,2021-12-30
2268,Mia Davis,user2268@streamflix-mail.com,Male,42,Hyderabad,India,2022-12-25
2269,Arjun Iyer,user2269@streamflix-mail.com,Female,23,Toronto,Canada,2026-04-03
2270,Valentina Davis,user2270@streamflix-mail.com,Male,19,Los Angeles,United States,2020-11-12
2271,Aadhya Smith,user2271@streamflix-mail.com,Female,46,Berlin,Germany,2024-03-11
2272,Aadhya Sharma,user2272@streamflix-mail.com,Male,66,Singapore,Singapore,2024-12-09
2273,Diya Reddy,user2273@streamflix-mail.com,Other,15,Delhi,India,2022-08-09
2274,Kiara Davis,user2274@streamflix-mail.com,Female,19,Seoul,South Korea,2025-06-29
2275,Ayaan Gupta,user2275@streamflix-mail.com,Male,34,Singapore,Singapore,2022-03-18
2276,Anika Muller,user2276@streamflix-mail.com,Male,24,Pune,India,2025-04-08
2277,Krishna Li,user2277@streamflix-mail.com,Male,19,Chennai,India,2023-10-31
2278,Aditya Wang,user2278@streamflix-mail.com,Female,30,Hyderabad,India,2019-05-22
2279,Sara Nair,user2279@streamflix-mail.com,Female,49,Kolkata,India,2025-03-04
2280,Ethan Silva,user2280@streamflix-mail.com,Male,60,Berlin,Germany,2024-03-26
2281,Wei Park,user2281@streamflix-mail.com,Male,30,Berlin,Germany,2020-08-31
2282,Sara Johnson,user2282@streamflix-mail.com,Female,52,Manchester,United Kingdom,2024-04-11
2283,Aadhya Sharma,user2283@streamflix-mail.com,Male,59,New York,United States,2022-11-01
2284,Yuki Davis,user2284@streamflix-mail.com,Female,13,New York,United States,2026-01-26
2285,Sophia Silva,user2285@streamflix-mail.com,Male,61,Paris,France,2021-04-14
2286,Hana Verma,user2286@streamflix-mail.com,Male,23,Hyderabad,India,2020-12-22
2287,Sofia Verma,user2287@streamflix-mail.com,Male,52,Dubai,United Arab Emirates,2019-06-09
2288,Chen Johnson,user2288@streamflix-mail.com,Female,55,Paris,France,2024-11-23
2289,Lucia Davis,user2289@streamflix-mail.com,Male,61,Seoul,South Korea,2026-05-21
2290,Anika Miller,user2290@streamflix-mail.com,Male,36,Singapore,Singapore,2024-03-01
2291,Ira Brown,user2291@streamflix-mail.com,Female,50,Seoul,South Korea,2021-10-08
2292,Aadhya Singh,user2292@streamflix-mail.com,Female,14,Pune,India,2025-08-02
2293,Ishaan Verma,user2293@streamflix-mail.com,Male,38,Paris,France,2020-11-24
2294,Mia Sharma,user2294@streamflix-mail.com,Male,67,Delhi,India,2024-03-13
2295,Lucas Gupta,user2295@streamflix-mail.com,Female,22,Mumbai,India,2023-06-23
2296,Chen Zhang,user2296@streamflix-mail.com,Male,21,Hyderabad,India,2025-05-23
2297,Reyansh Silva,user2297@streamflix-mail.com,Female,52,Toronto,Canada,2026-04-14
2298,Aarohi Garcia,user2298@streamflix-mail.com,Male,42,Pune,India,2021-09-11
2299,Krishna Gupta,user2299@streamflix-mail.com,Male,38,Toronto,Canada,2019-09-18
2300,Jin Brown,user2300@streamflix-mail.com,Male,27,Bengaluru,India,2020-03-07
2301,Ananya Tanaka,user2301@streamflix-mail.com,Female,22,Sydney,Australia,2024-07-17
2302,Sai Singh,user2302@streamflix-mail.com,Male,55,Pune,India,2021-09-21
2303,Liam Miller,user2303@streamflix-mail.com,Male,33,London,United Kingdom,2020-01-19
2304,Jin Wilson,user2304@streamflix-mail.com,Male,57,Bengaluru,India,2025-02-09
2305,Sofia Rao,user2305@streamflix-mail.com,Female,38,Paris,France,2023-11-12
2306,Vihaan Garcia,user2306@streamflix-mail.com,Male,35,New York,United States,2019-12-27
2307,Myra Miller,user2307@streamflix-mail.com,Female,26,Toronto,Canada,2024-05-06
2308,Reyansh Miller,user2308@streamflix-mail.com,Female,50,Chicago,United States,2023-10-13
2309,Aadhya Wang,user2309@streamflix-mail.com,Male,29,Manchester,United Kingdom,2026-05-20
2310,Emma Lee,user2310@streamflix-mail.com,Other,64,Chicago,United States,2026-05-27
2311,Diya Verma,user2311@streamflix-mail.com,Female,36,Delhi,India,2026-04-24
2312,Aditya Sharma,user2312@streamflix-mail.com,Male,59,Tokyo,Japan,2025-09-16
2313,James Brown,user2313@streamflix-mail.com,Male,39,Toronto,Canada,2024-12-11
2314,Aditya Andersen,user2314@streamflix-mail.com,Male,36,Chennai,India,2024-01-12
2315,Ishaan Verma,user2315@streamflix-mail.com,Male,38,Delhi,India,2023-01-31
2316,Aarav Gupta,user2316@streamflix-mail.com,Female,38,Seoul,South Korea,2024-12-10
2317,Vihaan Zhang,user2317@streamflix-mail.com,Female,40,Kolkata,India,2026-03-29
2318,Navya Garcia,user2318@streamflix-mail.com,Female,63,Berlin,Germany,2019-11-15
2319,Min Khan,user2319@streamflix-mail.com,Male,53,Dubai,United Arab Emirates,2020-01-09
2320,Wei Khan,user2320@streamflix-mail.com,Male,14,Paris,France,2022-09-27
2321,Vihaan Park,user2321@streamflix-mail.com,Male,16,Sydney,Australia,2021-03-14
2322,Vivaan Davis,user2322@streamflix-mail.com,Female,14,Hyderabad,India,2022-12-27
2323,Myra Park,user2323@streamflix-mail.com,Male,52,Mumbai,India,2021-05-02
2324,Ethan Patel,user2324@streamflix-mail.com,Female,24,Pune,India,2024-11-13
2325,Mia Davis,user2325@streamflix-mail.com,Female,34,Los Angeles,United States,2025-09-25
2326,Chen Muller,user2326@streamflix-mail.com,Male,60,Toronto,Canada,2021-02-12
2327,Myra Rao,user2327@streamflix-mail.com,Female,20,Seoul,South Korea,2024-10-15
2328,Reyansh Johnson,user2328@streamflix-mail.com,Female,21,Bengaluru,India,2019-10-19
2329,Vivaan Iyer,user2329@streamflix-mail.com,Female,17,Toronto,Canada,2024-12-21
2330,Sai Park,user2330@streamflix-mail.com,Male,29,Delhi,India,2024-03-26
2331,Aditya Sharma,user2331@streamflix-mail.com,Male,18,Chicago,United States,2024-04-29
2332,Min Singh,user2332@streamflix-mail.com,Female,48,Delhi,India,2022-09-10
2333,Ananya Wang,user2333@streamflix-mail.com,Male,54,New York,United States,2019-10-20
2334,Chen Sharma,user2334@streamflix-mail.com,Female,23,Toronto,Canada,2025-04-25
2335,Liam Tanaka,user2335@streamflix-mail.com,Male,42,Singapore,Singapore,2019-10-28
2336,Emma Brown,user2336@streamflix-mail.com,Female,30,Tokyo,Japan,2022-08-11
2337,Kiara Johnson,user2337@streamflix-mail.com,Female,17,London,United Kingdom,2020-04-22
2338,Chen Wilson,user2338@streamflix-mail.com,Male,39,Chennai,India,2025-05-06
2339,Vivaan Park,user2339@streamflix-mail.com,Male,52,Berlin,Germany,2023-04-22
2340,Vihaan Garcia,user2340@streamflix-mail.com,Female,26,Berlin,Germany,2022-10-22
2341,Anika Dubois,user2341@streamflix-mail.com,Male,57,Paris,France,2021-05-18
2342,Ira Kowalski,user2342@streamflix-mail.com,Female,69,Dubai,United Arab Emirates,2024-11-13
2343,Emma Khan,user2343@streamflix-mail.com,Female,16,Dubai,United Arab Emirates,2020-07-29
2344,Mia Wang,user2344@streamflix-mail.com,Male,22,Delhi,India,2024-05-27
2345,Olivia Rao,user2345@streamflix-mail.com,Female,29,Manchester,United Kingdom,2026-04-07
2346,Ananya Tanaka,user2346@streamflix-mail.com,Female,61,Los Angeles,United States,2020-12-29
2347,Myra Singh,user2347@streamflix-mail.com,Female,21,Chennai,India,2024-02-22
2348,Wei Patel,user2348@streamflix-mail.com,Male,39,Delhi,India,2021-04-27
2349,Krishna Wang,user2349@streamflix-mail.com,Male,43,Pune,India,2025-12-20
2350,James Silva,user2350@streamflix-mail.com,Male,20,Berlin,Germany,2025-09-27
2351,Emma Reddy,user2351@streamflix-mail.com,Female,15,Berlin,Germany,2021-05-09
2352,Wei Wilson,user2352@streamflix-mail.com,Female,19,Singapore,Singapore,2020-09-24
2353,Lucas Smith,user2353@streamflix-mail.com,Female,16,Bengaluru,India,2019-08-15
2354,Kiara Kim,user2354@streamflix-mail.com,Male,41,Sydney,Australia,2024-03-24
2355,Aadhya Wilson,user2355@streamflix-mail.com,Female,66,Bengaluru,India,2025-11-22
2356,Sara Tanaka,user2356@streamflix-mail.com,Female,33,Sydney,Australia,2020-02-02
2357,Anika Kowalski,user2357@streamflix-mail.com,Female,27,Mumbai,India,2025-02-12
2358,Krishna Park,user2358@streamflix-mail.com,Male,26,Chennai,India,2024-08-29
2359,Ava Zhang,user2359@streamflix-mail.com,Female,68,Bengaluru,India,2022-07-16
2360,Krishna Dubois,user2360@streamflix-mail.com,Male,67,Berlin,Germany,2020-09-03
2361,Ava Nair,user2361@streamflix-mail.com,Male,49,Manchester,United Kingdom,2023-11-23
2362,Wei Wang,user2362@streamflix-mail.com,Female,39,Berlin,Germany,2023-06-15
2363,Mateo Silva,user2363@streamflix-mail.com,Female,22,Mumbai,India,2025-01-31
2364,Arjun Reddy,user2364@streamflix-mail.com,Male,65,Singapore,Singapore,2023-03-25
2365,Wei Dubois,user2365@streamflix-mail.com,Female,13,Chicago,United States,2019-05-14
2366,Vihaan Zhang,user2366@streamflix-mail.com,Other,22,Chicago,United States,2020-07-11
2367,Myra Smith,user2367@streamflix-mail.com,Male,51,Seoul,South Korea,2021-11-08
2368,Ayaan Miller,user2368@streamflix-mail.com,Female,23,Mumbai,India,2022-09-07
2369,Reyansh Miller,user2369@streamflix-mail.com,Male,19,Berlin,Germany,2021-08-16
2370,Ayaan Andersen,user2370@streamflix-mail.com,Male,46,Mumbai,India,2025-08-04
2371,Vivaan Tanaka,user2371@streamflix-mail.com,Male,14,New York,United States,2021-02-08
2372,Chen Rossi,user2372@streamflix-mail.com,Female,28,Bengaluru,India,2024-02-07
2373,Aditya Park,user2373@streamflix-mail.com,Male,49,London,United Kingdom,2021-09-16
2374,Ira Reddy,user2374@streamflix-mail.com,Male,23,Manchester,United Kingdom,2026-06-10
2375,Sophia Andersen,user2375@streamflix-mail.com,Female,56,Toronto,Canada,2025-11-13
2376,Valentina Iyer,user2376@streamflix-mail.com,Female,18,Dubai,United Arab Emirates,2024-11-18
2377,Min Nair,user2377@streamflix-mail.com,Female,47,Dubai,United Arab Emirates,2024-09-25
2378,Sai Gupta,user2378@streamflix-mail.com,Female,17,Berlin,Germany,2023-10-28
2379,Valentina Kowalski,user2379@streamflix-mail.com,Male,54,Los Angeles,United States,2023-05-27
2380,Ethan Miller,user2380@streamflix-mail.com,Male,55,Hyderabad,India,2023-03-23
2381,Ayaan Singh,user2381@streamflix-mail.com,Female,58,Hyderabad,India,2019-03-15
2382,Navya Gupta,user2382@streamflix-mail.com,Female,29,Chennai,India,2026-01-10
2383,Sofia Brown,user2383@streamflix-mail.com,Male,26,Toronto,Canada,2026-05-11
2384,Ira Wang,user2384@streamflix-mail.com,Male,68,Delhi,India,2022-12-13
2385,Ayaan Tanaka,user2385@streamflix-mail.com,Male,54,Paris,France,2025-07-11
2386,Jin Wilson,user2386@streamflix-mail.com,Male,23,Paris,France,2022-01-07
2387,Mateo Kim,user2387@streamflix-mail.com,Other,14,Hyderabad,India,2019-11-04
2388,Valentina Muller,user2388@streamflix-mail.com,Female,33,Dubai,United Arab Emirates,2025-04-03
2389,Mateo Andersen,user2389@streamflix-mail.com,Male,50,Manchester,United Kingdom,2022-10-26
2390,Min Patel,user2390@streamflix-mail.com,Female,34,Chicago,United States,2026-01-18
2391,Kiara Tanaka,user2391@streamflix-mail.com,Female,59,Singapore,Singapore,2020-08-06
2392,Ayaan Davis,user2392@streamflix-mail.com,Male,41,Manchester,United Kingdom,2022-08-04
2393,Noah Andersen,user2393@streamflix-mail.com,Male,69,Kolkata,India,2024-01-02
2394,Krishna Reddy,user2394@streamflix-mail.com,Female,62,Manchester,United Kingdom,2020-01-11
2395,Kiara Gupta,user2395@streamflix-mail.com,Male,39,Bengaluru,India,2026-06-21
2396,Ethan Dubois,user2396@streamflix-mail.com,Female,60,Chennai,India,2023-07-24
2397,Lucia Zhang,user2397@streamflix-mail.com,Female,38,Paris,France,2020-04-15
2398,Diya Nair,user2398@streamflix-mail.com,Female,13,Hyderabad,India,2024-07-21
2399,Ananya Dubois,user2399@streamflix-mail.com,Other,30,Manchester,United Kingdom,2025-08-02
2400,Mia Reddy,user2400@streamflix-mail.com,Female,36,Chennai,India,2021-10-20
2401,Aarav Zhang,user2401@streamflix-mail.com,Female,68,Chicago,United States,2023-07-29
2402,Liam Khan,user2402@streamflix-mail.com,Male,60,Pune,India,2024-08-09
2403,Mia Gupta,user2403@streamflix-mail.com,Female,21,Manchester,United Kingdom,2020-02-03
2404,Liam Rossi,user2404@streamflix-mail.com,Female,13,Manchester,United Kingdom,2022-12-25
2405,Ira Muller,user2405@streamflix-mail.com,Female,43,Toronto,Canada,2023-03-12
2406,Hana Reddy,user2406@streamflix-mail.com,Female,43,Kolkata,India,2021-04-05
2407,Sara Gupta,user2407@streamflix-mail.com,Male,54,Manchester,United Kingdom,2021-03-31
2408,Lucas Kim,user2408@streamflix-mail.com,Female,27,Singapore,Singapore,2023-09-20
2409,Kiara Sharma,user2409@streamflix-mail.com,Female,59,Singapore,Singapore,2024-08-20
2410,Vivaan Li,user2410@streamflix-mail.com,Female,36,Manchester,United Kingdom,2021-11-30
2411,Emma Andersen,user2411@streamflix-mail.com,Female,32,Chennai,India,2020-02-06
2412,Vivaan Li,user2412@streamflix-mail.com,Female,36,London,United Kingdom,2024-11-24
2413,Lucia Khan,user2413@streamflix-mail.com,Female,66,London,United Kingdom,2020-04-20
2414,Noah Nair,user2414@streamflix-mail.com,Male,35,Paris,France,2019-01-09
2415,Sara Zhang,user2415@streamflix-mail.com,Male,44,New York,United States,2021-06-01
2416,Aarohi Verma,user2416@streamflix-mail.com,Female,63,Kolkata,India,2025-02-18
2417,Noah Wilson,user2417@streamflix-mail.com,Female,14,Singapore,Singapore,2024-09-02
2418,Ananya Garcia,user2418@streamflix-mail.com,Female,43,Toronto,Canada,2021-04-19
2419,Diya Li,user2419@streamflix-mail.com,Male,53,Los Angeles,United States,2022-11-23
2420,Anika Khan,user2420@streamflix-mail.com,Male,64,Mumbai,India,2026-03-12
2421,Ananya Li,user2421@streamflix-mail.com,Male,16,Singapore,Singapore,2024-05-22
2422,Wei Zhang,user2422@streamflix-mail.com,Female,54,Singapore,Singapore,2024-09-09
2423,Arjun Singh,user2423@streamflix-mail.com,Female,58,Berlin,Germany,2019-08-28
2424,Hana Smith,user2424@streamflix-mail.com,Other,33,London,United Kingdom,2020-10-21
2425,Myra Verma,user2425@streamflix-mail.com,Male,55,London,United Kingdom,2019-10-12
2426,Liam Garcia,user2426@streamflix-mail.com,Female,41,Pune,India,2026-05-03
2427,Reyansh Singh,user2427@streamflix-mail.com,Female,50,Chicago,United States,2021-07-26
2428,Ira Reddy,user2428@streamflix-mail.com,Male,35,Mumbai,India,2022-09-29
2429,Wei Wilson,user2429@streamflix-mail.com,Other,23,London,United Kingdom,2023-02-19
2430,Ananya Lee,user2430@streamflix-mail.com,Female,60,Singapore,Singapore,2022-12-02
2431,Sai Gupta,user2431@streamflix-mail.com,Male,25,Dubai,United Arab Emirates,2019-05-23
2432,James Nair,user2432@streamflix-mail.com,Male,23,Sydney,Australia,2025-10-26
2433,Reyansh Gupta,user2433@streamflix-mail.com,Female,63,Tokyo,Japan,2021-11-07
2434,Aadhya Zhang,user2434@streamflix-mail.com,Female,66,Sydney,Australia,2025-11-19
2435,Kiara Smith,user2435@streamflix-mail.com,Female,47,Dubai,United Arab Emirates,2024-09-25
2436,Liam Gupta,user2436@streamflix-mail.com,Female,46,Los Angeles,United States,2024-03-23
2437,Ava Nair,user2437@streamflix-mail.com,Male,33,Toronto,Canada,2024-04-08
2438,Sophia Tanaka,user2438@streamflix-mail.com,Female,47,Toronto,Canada,2026-05-02
2439,Hana Singh,user2439@streamflix-mail.com,Female,47,Manchester,United Kingdom,2021-04-10
2440,Aditya Zhang,user2440@streamflix-mail.com,Male,42,Manchester,United Kingdom,2021-06-19
2441,Sara Miller,user2441@streamflix-mail.com,Female,50,Dubai,United Arab Emirates,2024-01-11
2442,Aarav Nair,user2442@streamflix-mail.com,Male,44,Pune,India,2020-09-28
2443,Aarav Rao,user2443@streamflix-mail.com,Male,63,Kolkata,India,2025-01-10
2444,Krishna Sharma,user2444@streamflix-mail.com,Male,51,London,United Kingdom,2019-03-22
2445,Olivia Li,user2445@streamflix-mail.com,Female,34,Toronto,Canada,2025-09-22
2446,Jin Smith,user2446@streamflix-mail.com,Male,50,London,United Kingdom,2021-08-06
2447,Wei Miller,user2447@streamflix-mail.com,Male,26,Hyderabad,India,2019-01-13
2448,Ava Iyer,user2448@streamflix-mail.com,Female,25,Tokyo,Japan,2023-07-09
2449,Yuki Rossi,user2449@streamflix-mail.com,Male,60,London,United Kingdom,2021-01-24
2450,Reyansh Khan,user2450@streamflix-mail.com,Female,46,Los Angeles,United States,2021-04-16
2451,Hana Wilson,user2451@streamflix-mail.com,Female,16,Seoul,South Korea,2022-08-11
2452,Jin Dubois,user2452@streamflix-mail.com,Male,33,Los Angeles,United States,2023-05-07
2453,Vihaan Wang,user2453@streamflix-mail.com,Male,69,Hyderabad,India,2020-01-08
2454,Kiara Kim,user2454@streamflix-mail.com,Other,49,Paris,France,2019-05-13
2455,Hana Dubois,user2455@streamflix-mail.com,Male,62,New York,United States,2022-06-17
2456,Aarohi Nair,user2456@streamflix-mail.com,Male,44,Seoul,South Korea,2021-08-27
2457,Hana Kowalski,user2457@streamflix-mail.com,Female,15,London,United Kingdom,2023-05-13
2458,Lucia Wilson,user2458@streamflix-mail.com,Female,23,Pune,India,2024-08-10
2459,Kiara Brown,user2459@streamflix-mail.com,Female,18,New York,United States,2023-08-10
2460,Aditya Singh,user2460@streamflix-mail.com,Female,54,Berlin,Germany,2019-10-13
2461,Myra Li,user2461@streamflix-mail.com,Female,56,Berlin,Germany,2026-06-20
2462,Krishna Tanaka,user2462@streamflix-mail.com,Female,39,Bengaluru,India,2024-05-11
2463,Kiara Zhang,user2463@streamflix-mail.com,Female,54,Paris,France,2019-05-15
2464,Olivia Sharma,user2464@streamflix-mail.com,Female,44,Seoul,South Korea,2024-09-20
2465,Kiara Miller,user2465@streamflix-mail.com,Female,55,Toronto,Canada,2025-08-08
2466,Ayaan Wang,user2466@streamflix-mail.com,Female,51,Hyderabad,India,2023-04-07
2467,Aadhya Johnson,user2467@streamflix-mail.com,Male,38,Manchester,United Kingdom,2025-03-29
2468,Sophia Silva,user2468@streamflix-mail.com,Female,50,Los Angeles,United States,2025-08-23
2469,Vivaan Wang,user2469@streamflix-mail.com,Female,31,Bengaluru,India,2026-03-24
2470,Krishna Gupta,user2470@streamflix-mail.com,Male,55,Paris,France,2026-02-26
2471,Jin Wilson,user2471@streamflix-mail.com,Male,65,Toronto,Canada,2020-06-14
2472,Vihaan Nair,user2472@streamflix-mail.com,Female,24,Delhi,India,2019-04-05
2473,Anika Miller,user2473@streamflix-mail.com,Male,51,Kolkata,India,2023-11-20
2474,Krishna Johnson,user2474@streamflix-mail.com,Male,19,Tokyo,Japan,2024-02-03
2475,Arjun Rossi,user2475@streamflix-mail.com,Male,34,Los Angeles,United States,2023-04-07
2476,Anika Dubois,user2476@streamflix-mail.com,Male,51,Chicago,United States,2020-10-11
2477,James Garcia,user2477@streamflix-mail.com,Female,28,Bengaluru,India,2026-02-10
2478,Ayaan Wilson,user2478@streamflix-mail.com,Male,26,Bengaluru,India,2022-01-22
2479,Vihaan Kim,user2479@streamflix-mail.com,Male,34,Paris,France,2024-07-23
2480,Sai Park,user2480@streamflix-mail.com,Female,19,Paris,France,2023-09-03
2481,Ethan Park,user2481@streamflix-mail.com,Male,48,Delhi,India,2025-09-18
2482,Min Silva,user2482@streamflix-mail.com,Male,20,London,United Kingdom,2024-05-04
2483,Ayaan Tanaka,user2483@streamflix-mail.com,Female,31,Sydney,Australia,2023-10-04
2484,Aadhya Rossi,user2484@streamflix-mail.com,Female,30,Seoul,South Korea,2025-04-19
2485,Myra Iyer,user2485@streamflix-mail.com,Female,68,Manchester,United Kingdom,2019-05-29
2486,Sara Miller,user2486@streamflix-mail.com,Female,69,Seoul,South Korea,2024-04-15
2487,Ishaan Garcia,user2487@streamflix-mail.com,Female,17,Bengaluru,India,2023-05-25
2488,Aditya Davis,user2488@streamflix-mail.com,Male,21,Mumbai,India,2024-10-29
2489,Emma Davis,user2489@streamflix-mail.com,Female,54,Chicago,United States,2020-09-05
2490,Sara Wang,user2490@streamflix-mail.com,Female,30,Chennai,India,2023-06-29
2491,Myra Brown,user2491@streamflix-mail.com,Male,49,Dubai,United Arab Emirates,2021-02-16
2492,Ananya Singh,user2492@streamflix-mail.com,Female,65,Kolkata,India,2019-11-17
2493,Lucia Garcia,user2493@streamflix-mail.com,Male,22,Los Angeles,United States,2023-04-25
2494,Noah Muller,user2494@streamflix-mail.com,Female,67,London,United Kingdom,2019-02-28
2495,Anika Rao,user2495@streamflix-mail.com,Female,15,Paris,France,2019-09-13
2496,Krishna Sharma,user2496@streamflix-mail.com,Female,26,Delhi,India,2022-12-21
2497,Chen Tanaka,user2497@streamflix-mail.com,Male,41,Manchester,United Kingdom,2025-09-26
2498,Jin Nair,user2498@streamflix-mail.com,Female,63,New York,United States,2024-05-13
2499,Vivaan Kim,user2499@streamflix-mail.com,Female,44,Mumbai,India,2019-02-12
2500,Lucia Rossi,user2500@streamflix-mail.com,Male,20,Tokyo,Japan,2019-10-26
2501,Sophia Patel,user2501@streamflix-mail.com,Male,27,Berlin,Germany,2022-03-26
2502,Vihaan Smith,user2502@streamflix-mail.com,Female,56,Hyderabad,India,2022-03-21
2503,Wei Patel,user2503@streamflix-mail.com,Male,45,Dubai,United Arab Emirates,2019-04-20
2504,Arjun Iyer,user2504@streamflix-mail.com,Female,13,Singapore,Singapore,2020-12-02
2505,Aditya Iyer,user2505@streamflix-mail.com,Female,41,Singapore,Singapore,2019-12-14
2506,Arjun Nair,user2506@streamflix-mail.com,Male,36,Chicago,United States,2023-04-02
2507,Kiara Garcia,user2507@streamflix-mail.com,Female,13,Kolkata,India,2023-12-08
2508,Noah Davis,user2508@streamflix-mail.com,Male,27,Delhi,India,2021-12-05
2509,Anika Sharma,user2509@streamflix-mail.com,Female,66,Mumbai,India,2023-04-14
2510,Arjun Muller,user2510@streamflix-mail.com,Female,53,Hyderabad,India,2020-07-05
2511,Ayaan Zhang,user2511@streamflix-mail.com,Male,17,London,United Kingdom,2025-05-20
2512,Min Gupta,user2512@streamflix-mail.com,Female,13,Bengaluru,India,2019-01-13
2513,Mateo Muller,user2513@streamflix-mail.com,Female,32,Sydney,Australia,2022-10-12
2514,Wei Sharma,user2514@streamflix-mail.com,Other,39,Toronto,Canada,2021-05-30
2515,Arjun Wilson,user2515@streamflix-mail.com,Male,38,Kolkata,India,2022-05-19
2516,Chen Garcia,user2516@streamflix-mail.com,Female,52,Delhi,India,2022-11-14
2517,Sophia Davis,user2517@streamflix-mail.com,Female,22,London,United Kingdom,2023-11-04
2518,Emma Kowalski,user2518@streamflix-mail.com,Male,15,Tokyo,Japan,2025-12-19
2519,Sai Andersen,user2519@streamflix-mail.com,Female,51,New York,United States,2023-03-17
2520,Valentina Patel,user2520@streamflix-mail.com,Male,64,Tokyo,Japan,2020-09-14
2521,Navya Lee,user2521@streamflix-mail.com,Female,22,Chennai,India,2022-12-06
2522,Vivaan Kowalski,user2522@streamflix-mail.com,Male,33,Delhi,India,2022-11-03
2523,Krishna Wang,user2523@streamflix-mail.com,Other,48,Toronto,Canada,2025-06-25
2524,Anika Dubois,user2524@streamflix-mail.com,Male,22,Seoul,South Korea,2023-04-01
2525,Aditya Garcia,user2525@streamflix-mail.com,Male,62,Seoul,South Korea,2025-07-04
2526,Aadhya Patel,user2526@streamflix-mail.com,Female,25,Paris,France,2023-11-13
2527,Kiara Davis,user2527@streamflix-mail.com,Female,43,Bengaluru,India,2023-04-15
2528,Lucia Rossi,user2528@streamflix-mail.com,Female,32,Mumbai,India,2021-06-18
2529,Vihaan Andersen,user2529@streamflix-mail.com,Female,51,Manchester,United Kingdom,2020-12-02
2530,Olivia Zhang,user2530@streamflix-mail.com,Male,24,Paris,France,2019-09-30
2531,Sofia Wang,user2531@streamflix-mail.com,Female,18,Paris,France,2023-02-10
2532,Chen Davis,user2532@streamflix-mail.com,Male,42,Chennai,India,2025-11-27
2533,Sofia Rao,user2533@streamflix-mail.com,Male,62,New York,United States,2019-02-04
2534,Reyansh Brown,user2534@streamflix-mail.com,Female,49,Sydney,Australia,2026-02-21
2535,Chen Miller,user2535@streamflix-mail.com,Female,56,Berlin,Germany,2025-06-10
2536,Valentina Rossi,user2536@streamflix-mail.com,Male,37,Hyderabad,India,2022-04-14
2537,Myra Wilson,user2537@streamflix-mail.com,Male,20,Paris,France,2021-05-08
2538,Aarohi Silva,user2538@streamflix-mail.com,Female,37,Tokyo,Japan,2023-05-09
2539,Emma Sharma,user2539@streamflix-mail.com,Male,69,Delhi,India,2025-05-31
2540,Aarohi Li,user2540@streamflix-mail.com,Male,57,Tokyo,Japan,2019-03-21
2541,Diya Davis,user2541@streamflix-mail.com,Male,53,Toronto,Canada,2022-05-15
2542,Mateo Tanaka,user2542@streamflix-mail.com,Male,30,Paris,France,2019-05-10
2543,Mateo Miller,user2543@streamflix-mail.com,Male,47,Pune,India,2023-10-30
2544,Ira Miller,user2544@streamflix-mail.com,Other,48,Paris,France,2019-07-29
2545,Chen Reddy,user2545@streamflix-mail.com,Male,50,Mumbai,India,2021-05-16
2546,Ira Rossi,user2546@streamflix-mail.com,Female,63,Delhi,India,2024-07-15
2547,Yuki Wang,user2547@streamflix-mail.com,Female,51,Los Angeles,United States,2024-08-20
2548,Olivia Muller,user2548@streamflix-mail.com,Female,25,Sydney,Australia,2020-09-14
2549,Kiara Gupta,user2549@streamflix-mail.com,Female,25,Hyderabad,India,2022-11-05
2550,Sai Khan,user2550@streamflix-mail.com,Female,48,Chennai,India,2020-05-20
2551,Ethan Dubois,user2551@streamflix-mail.com,Female,62,New York,United States,2023-06-08
2552,Aadhya Verma,user2552@streamflix-mail.com,Female,67,Bengaluru,India,2019-01-23
2553,Krishna Davis,user2553@streamflix-mail.com,Female,47,Hyderabad,India,2025-02-06
2554,Ayaan Brown,user2554@streamflix-mail.com,Female,43,Bengaluru,India,2019-03-04
2555,Valentina Kowalski,user2555@streamflix-mail.com,Female,59,Paris,France,2023-07-25
2556,Arjun Muller,user2556@streamflix-mail.com,Male,68,Berlin,Germany,2022-01-14
2557,Yuki Dubois,user2557@streamflix-mail.com,Female,14,Toronto,Canada,2020-09-03
2558,Min Patel,user2558@streamflix-mail.com,Female,30,Sydney,Australia,2023-01-23
2559,Vivaan Lee,user2559@streamflix-mail.com,Male,32,Bengaluru,India,2020-01-24
2560,Olivia Wang,user2560@streamflix-mail.com,Female,45,Delhi,India,2023-05-05
2561,Olivia Tanaka,user2561@streamflix-mail.com,Male,29,New York,United States,2023-11-01
2562,Sara Sharma,user2562@streamflix-mail.com,Male,30,Paris,France,2022-06-07
2563,Ethan Tanaka,user2563@streamflix-mail.com,Female,14,Chicago,United States,2021-09-17
2564,Anika Smith,user2564@streamflix-mail.com,Male,13,Tokyo,Japan,2022-06-12
2565,Navya Reddy,user2565@streamflix-mail.com,Male,38,New York,United States,2026-03-04
2566,Navya Kim,user2566@streamflix-mail.com,Male,69,Kolkata,India,2024-08-24
2567,Chen Silva,user2567@streamflix-mail.com,Female,29,Tokyo,Japan,2019-01-16
2568,Ava Reddy,user2568@streamflix-mail.com,Male,26,Chicago,United States,2021-03-03
2569,Ira Verma,user2569@streamflix-mail.com,Female,28,Singapore,Singapore,2019-03-10
2570,Lucia Dubois,user2570@streamflix-mail.com,Female,68,Singapore,Singapore,2020-10-12
2571,Chen Kowalski,user2571@streamflix-mail.com,Female,50,Singapore,Singapore,2024-11-01
2572,Lucia Iyer,user2572@streamflix-mail.com,Female,50,Sydney,Australia,2025-05-28
2573,Mia Andersen,user2573@streamflix-mail.com,Female,23,Tokyo,Japan,2022-06-05
2574,Ira Andersen,user2574@streamflix-mail.com,Male,64,Chicago,United States,2024-03-02
2575,Wei Tanaka,user2575@streamflix-mail.com,Female,24,Kolkata,India,2021-10-11
2576,Myra Khan,user2576@streamflix-mail.com,Female,68,London,United Kingdom,2022-07-29
2577,Ananya Lee,user2577@streamflix-mail.com,Male,67,Kolkata,India,2025-03-20
2578,Kiara Tanaka,user2578@streamflix-mail.com,Male,45,Mumbai,India,2021-01-24
2579,Mateo Andersen,user2579@streamflix-mail.com,Female,62,New York,United States,2021-05-21
2580,Liam Kim,user2580@streamflix-mail.com,Male,69,London,United Kingdom,2020-01-09
2581,Ira Nair,user2581@streamflix-mail.com,Female,46,London,United Kingdom,2020-08-20
2582,Kiara Gupta,user2582@streamflix-mail.com,Male,56,Kolkata,India,2019-04-13
2583,Diya Singh,user2583@streamflix-mail.com,Female,46,Singapore,Singapore,2025-02-11
2584,Ethan Verma,user2584@streamflix-mail.com,Male,42,Chennai,India,2025-05-22
2585,Sara Nair,user2585@streamflix-mail.com,Female,32,Toronto,Canada,2022-02-28
2586,Liam Gupta,user2586@streamflix-mail.com,Male,50,Chennai,India,2023-06-13
2587,Sara Li,user2587@streamflix-mail.com,Male,28,Paris,France,2020-11-12
2588,Aadhya Lee,user2588@streamflix-mail.com,Male,24,Toronto,Canada,2019-05-06
2589,Mateo Davis,user2589@streamflix-mail.com,Female,28,Manchester,United Kingdom,2022-11-13
2590,Myra Rossi,user2590@streamflix-mail.com,Female,13,Los Angeles,United States,2020-03-10
2591,Aditya Brown,user2591@streamflix-mail.com,Female,66,Dubai,United Arab Emirates,2025-05-11
2592,Ira Brown,user2592@streamflix-mail.com,Male,27,Los Angeles,United States,2021-02-04
2593,Emma Khan,user2593@streamflix-mail.com,Female,58,Tokyo,Japan,2024-07-12
2594,Vihaan Garcia,user2594@streamflix-mail.com,Male,37,Hyderabad,India,2020-12-21
2595,Aadhya Nair,user2595@streamflix-mail.com,Male,32,Tokyo,Japan,2019-12-13
2596,Reyansh Lee,user2596@streamflix-mail.com,Female,25,Paris,France,2023-02-10
2597,James Tanaka,user2597@streamflix-mail.com,Female,59,Pune,India,2020-05-16
2598,Lucas Davis,user2598@streamflix-mail.com,Female,42,Pune,India,2021-12-29
2599,Mateo Patel,user2599@streamflix-mail.com,Male,38,Paris,France,2021-03-14
2600,Ira Zhang,user2600@streamflix-mail.com,Male,50,Los Angeles,United States,2025-08-12
2601,Min Rossi,user2601@streamflix-mail.com,Female,58,Sydney,Australia,2022-10-09
2602,Krishna Miller,user2602@streamflix-mail.com,Male,50,Hyderabad,India,2024-05-23
2603,Yuki Singh,user2603@streamflix-mail.com,Male,39,Los Angeles,United States,2023-06-01
2604,Liam Wang,user2604@streamflix-mail.com,Other,63,Singapore,Singapore,2025-10-29
2605,Wei Nair,user2605@streamflix-mail.com,Female,64,Seoul,South Korea,2022-04-18
2606,Wei Tanaka,user2606@streamflix-mail.com,Male,68,Los Angeles,United States,2025-06-20
2607,Emma Rao,user2607@streamflix-mail.com,Male,18,Delhi,India,2025-09-25
2608,Ananya Smith,user2608@streamflix-mail.com,Female,63,Los Angeles,United States,2025-11-27
2609,Emma Wang,user2609@streamflix-mail.com,Male,24,Toronto,Canada,2024-03-20
2610,Hana Sharma,user2610@streamflix-mail.com,Male,48,Seoul,South Korea,2026-05-07
2611,Mateo Khan,user2611@streamflix-mail.com,Male,50,Tokyo,Japan,2024-08-02
2612,Lucia Reddy,user2612@streamflix-mail.com,Female,24,Dubai,United Arab Emirates,2021-05-03
2613,Ayaan Johnson,user2613@streamflix-mail.com,Female,13,Hyderabad,India,2020-03-05
2614,Olivia Wilson,user2614@streamflix-mail.com,Male,66,London,United Kingdom,2020-07-28
2615,Arjun Nair,user2615@streamflix-mail.com,Male,63,Manchester,United Kingdom,2023-04-20
2616,Ethan Smith,user2616@streamflix-mail.com,Female,22,Chicago,United States,2020-03-28
2617,Valentina Silva,user2617@streamflix-mail.com,Female,47,Berlin,Germany,2020-10-12
2618,Aditya Kowalski,user2618@streamflix-mail.com,Female,21,Paris,France,2023-09-16
2619,Ethan Sharma,user2619@streamflix-mail.com,Male,45,Pune,India,2021-06-30
2620,Lucia Kim,user2620@streamflix-mail.com,Female,31,Paris,France,2024-02-08
2621,Hana Sharma,user2621@streamflix-mail.com,Female,55,Tokyo,Japan,2026-06-23
2622,Ira Davis,user2622@streamflix-mail.com,Female,45,Singapore,Singapore,2019-08-29
2623,Arjun Dubois,user2623@streamflix-mail.com,Male,41,New York,United States,2023-10-22
2624,Sofia Silva,user2624@streamflix-mail.com,Female,51,Dubai,United Arab Emirates,2025-02-26
2625,Sofia Khan,user2625@streamflix-mail.com,Male,40,Manchester,United Kingdom,2020-01-20
2626,Olivia Singh,user2626@streamflix-mail.com,Male,13,Seoul,South Korea,2024-11-14
2627,Valentina Silva,user2627@streamflix-mail.com,Male,46,Singapore,Singapore,2022-10-21
2628,Aarav Rossi,user2628@streamflix-mail.com,Female,57,Paris,France,2023-09-17
2629,Noah Patel,user2629@streamflix-mail.com,Male,40,Los Angeles,United States,2019-05-22
2630,Vivaan Sharma,user2630@streamflix-mail.com,Female,22,Delhi,India,2022-04-07
2631,Lucia Garcia,user2631@streamflix-mail.com,Female,13,Chicago,United States,2021-10-01
2632,Sophia Kim,user2632@streamflix-mail.com,Female,29,Paris,France,2020-02-25
2633,Sofia Garcia,user2633@streamflix-mail.com,Male,56,Sydney,Australia,2024-09-19
2634,Liam Kowalski,user2634@streamflix-mail.com,Female,31,Singapore,Singapore,2022-10-16
2635,Vihaan Rossi,user2635@streamflix-mail.com,Male,67,Toronto,Canada,2025-08-01
2636,Vivaan Silva,user2636@streamflix-mail.com,Male,31,Manchester,United Kingdom,2020-03-11
2637,Myra Sharma,user2637@streamflix-mail.com,Male,37,Delhi,India,2024-06-23
2638,Mia Muller,user2638@streamflix-mail.com,Male,56,Los Angeles,United States,2023-07-15
2639,Reyansh Li,user2639@streamflix-mail.com,Female,47,Delhi,India,2023-11-18
2640,Min Johnson,user2640@streamflix-mail.com,Male,15,Kolkata,India,2021-04-28
2641,Ishaan Lee,user2641@streamflix-mail.com,Male,17,Singapore,Singapore,2024-03-06
2642,Aarohi Rossi,user2642@streamflix-mail.com,Other,24,Tokyo,Japan,2020-11-08
2643,Krishna Andersen,user2643@streamflix-mail.com,Male,62,Pune,India,2024-09-18
2644,Kiara Wilson,user2644@streamflix-mail.com,Male,14,Sydney,Australia,2022-04-22
2645,Kiara Verma,user2645@streamflix-mail.com,Male,17,Pune,India,2022-08-05
2646,Aarav Kim,user2646@streamflix-mail.com,Male,57,Pune,India,2023-05-09
2647,Liam Zhang,user2647@streamflix-mail.com,Female,48,Paris,France,2019-08-19
2648,Yuki Verma,user2648@streamflix-mail.com,Male,69,Toronto,Canada,2021-10-03
2649,Lucia Rossi,user2649@streamflix-mail.com,Male,25,Hyderabad,India,2020-07-10
2650,Myra Khan,user2650@streamflix-mail.com,Female,50,Bengaluru,India,2026-03-23
2651,Jin Dubois,user2651@streamflix-mail.com,Male,20,Mumbai,India,2022-02-28
2652,Jin Wilson,user2652@streamflix-mail.com,Female,46,Chicago,United States,2019-01-17
2653,Valentina Rao,user2653@streamflix-mail.com,Other,19,Bengaluru,India,2019-03-13
2654,Sara Verma,user2654@streamflix-mail.com,Male,64,Manchester,United Kingdom,2025-11-04
2655,Min Sharma,user2655@streamflix-mail.com,Male,36,Los Angeles,United States,2020-03-05
2656,Liam Li,user2656@streamflix-mail.com,Male,27,Toronto,Canada,2019-01-02
2657,Aditya Johnson,user2657@streamflix-mail.com,Male,69,Pune,India,2020-08-03
2658,Ananya Muller,user2658@streamflix-mail.com,Female,16,Bengaluru,India,2020-08-16
2659,Ethan Khan,user2659@streamflix-mail.com,Female,58,Bengaluru,India,2019-08-07
2660,Reyansh Andersen,user2660@streamflix-mail.com,Male,42,Delhi,India,2026-06-21
2661,Navya Kowalski,user2661@streamflix-mail.com,Male,52,Delhi,India,2019-06-11
2662,Wei Reddy,user2662@streamflix-mail.com,Male,27,Chennai,India,2024-06-16
2663,Sai Park,user2663@streamflix-mail.com,Other,63,Tokyo,Japan,2025-04-10
2664,Aarohi Kowalski,user2664@streamflix-mail.com,Female,38,Toronto,Canada,2023-10-31
2665,Krishna Rao,user2665@streamflix-mail.com,Male,36,Chennai,India,2019-12-29
2666,Emma Gupta,user2666@streamflix-mail.com,Female,39,Berlin,Germany,2024-06-11
2667,Ishaan Dubois,user2667@streamflix-mail.com,Male,29,Dubai,United Arab Emirates,2021-06-21
2668,Mateo Miller,user2668@streamflix-mail.com,Female,31,Dubai,United Arab Emirates,2022-01-22
2669,Vihaan Sharma,user2669@streamflix-mail.com,Female,20,Seoul,South Korea,2020-11-19
2670,Mateo Muller,user2670@streamflix-mail.com,Female,40,Singapore,Singapore,2024-11-17
2671,Yuki Zhang,user2671@streamflix-mail.com,Male,40,Paris,France,2023-05-07
2672,Min Gupta,user2672@streamflix-mail.com,Male,34,Kolkata,India,2020-02-29
2673,Min Singh,user2673@streamflix-mail.com,Other,69,Seoul,South Korea,2022-01-20
2674,Ayaan Sharma,user2674@streamflix-mail.com,Male,19,Bengaluru,India,2024-12-13
2675,Lucia Kowalski,user2675@streamflix-mail.com,Male,64,Kolkata,India,2026-01-11
2676,Olivia Sharma,user2676@streamflix-mail.com,Female,62,Seoul,South Korea,2026-01-16
2677,Mateo Silva,user2677@streamflix-mail.com,Female,14,Bengaluru,India,2020-01-05
2678,Jin Davis,user2678@streamflix-mail.com,Female,52,London,United Kingdom,2025-06-06
2679,Olivia Lee,user2679@streamflix-mail.com,Female,24,Kolkata,India,2023-03-31
2680,Sara Rossi,user2680@streamflix-mail.com,Female,15,Bengaluru,India,2024-07-18
2681,Arjun Dubois,user2681@streamflix-mail.com,Male,62,Pune,India,2021-11-22
2682,Arjun Reddy,user2682@streamflix-mail.com,Female,19,London,United Kingdom,2023-11-19
2683,Ira Sharma,user2683@streamflix-mail.com,Female,30,Toronto,Canada,2020-12-07
2684,Chen Reddy,user2684@streamflix-mail.com,Female,18,Sydney,Australia,2022-11-27
2685,James Zhang,user2685@streamflix-mail.com,Male,21,Bengaluru,India,2020-09-10
2686,Aarohi Lee,user2686@streamflix-mail.com,Male,16,Kolkata,India,2021-12-18
2687,Ishaan Gupta,user2687@streamflix-mail.com,Female,61,Bengaluru,India,2022-01-22
2688,Liam Singh,user2688@streamflix-mail.com,Male,16,Mumbai,India,2025-06-28
2689,Ava Wilson,user2689@streamflix-mail.com,Male,56,New York,United States,2023-09-17
2690,Valentina Wang,user2690@streamflix-mail.com,Female,21,Toronto,Canada,2023-11-08
2691,Mia Smith,user2691@streamflix-mail.com,Female,65,New York,United States,2021-02-15
2692,Noah Kowalski,user2692@streamflix-mail.com,Male,61,Mumbai,India,2022-04-05
2693,Sofia Tanaka,user2693@streamflix-mail.com,Male,48,Pune,India,2022-07-18
2694,Anika Li,user2694@streamflix-mail.com,Male,60,Los Angeles,United States,2024-11-18
2695,Lucia Garcia,user2695@streamflix-mail.com,Female,30,New York,United States,2020-05-22
2696,Sara Dubois,user2696@streamflix-mail.com,Female,57,Tokyo,Japan,2019-05-29
2697,Sai Wang,user2697@streamflix-mail.com,Male,25,Manchester,United Kingdom,2022-10-14
2698,Anika Davis,user2698@streamflix-mail.com,Male,48,Paris,France,2025-02-04
2699,Sai Garcia,user2699@streamflix-mail.com,Male,65,Hyderabad,India,2024-07-01
2700,Arjun Rossi,user2700@streamflix-mail.com,Male,54,New York,United States,2025-01-28
2701,Jin Wilson,user2701@streamflix-mail.com,Male,28,Delhi,India,2021-12-13
2702,Yuki Nair,user2702@streamflix-mail.com,Female,55,Mumbai,India,2020-09-17
2703,Krishna Tanaka,user2703@streamflix-mail.com,Male,63,Berlin,Germany,2023-12-12
2704,Hana Gupta,user2704@streamflix-mail.com,Male,63,Chicago,United States,2019-04-14
2705,Aditya Zhang,user2705@streamflix-mail.com,Male,55,Sydney,Australia,2025-09-17
2706,Diya Park,user2706@streamflix-mail.com,Male,54,Chennai,India,2024-05-08
2707,Lucas Lee,user2707@streamflix-mail.com,Male,57,Delhi,India,2022-10-11
2708,Aadhya Verma,user2708@streamflix-mail.com,Male,54,Seoul,South Korea,2020-07-01
2709,Mia Miller,user2709@streamflix-mail.com,Male,20,Sydney,Australia,2020-11-16
2710,Min Dubois,user2710@streamflix-mail.com,Male,58,Singapore,Singapore,2026-06-20
2711,Aditya Singh,user2711@streamflix-mail.com,Female,23,London,United Kingdom,2019-02-09
2712,Aarav Zhang,user2712@streamflix-mail.com,Male,44,Los Angeles,United States,2019-01-26
2713,Lucia Muller,user2713@streamflix-mail.com,Female,32,Los Angeles,United States,2021-08-09
2714,James Kowalski,user2714@streamflix-mail.com,Female,25,Dubai,United Arab Emirates,2020-09-21
2715,James Davis,user2715@streamflix-mail.com,Male,29,Pune,India,2024-01-27
2716,Kiara Rao,user2716@streamflix-mail.com,Male,17,Kolkata,India,2019-04-26
2717,Navya Zhang,user2717@streamflix-mail.com,Male,38,Kolkata,India,2024-11-20
2718,Sophia Miller,user2718@streamflix-mail.com,Male,36,London,United Kingdom,2024-11-12
2719,Olivia Kim,user2719@streamflix-mail.com,Female,35,Paris,France,2020-09-20
2720,Reyansh Li,user2720@streamflix-mail.com,Male,18,Berlin,Germany,2023-05-04
2721,Ava Wang,user2721@streamflix-mail.com,Female,47,London,United Kingdom,2024-01-14
2722,Ethan Singh,user2722@streamflix-mail.com,Female,22,Pune,India,2025-05-12
2723,Arjun Li,user2723@streamflix-mail.com,Female,61,Berlin,Germany,2024-06-28
2724,Ira Wilson,user2724@streamflix-mail.com,Female,14,Kolkata,India,2026-03-20
2725,Yuki Andersen,user2725@streamflix-mail.com,Female,16,New York,United States,2019-11-14
2726,Noah Park,user2726@streamflix-mail.com,Female,30,Seoul,South Korea,2023-07-29
2727,Sai Dubois,user2727@streamflix-mail.com,Other,36,Chennai,India,2024-10-16
2728,Vivaan Tanaka,user2728@streamflix-mail.com,Male,68,Chicago,United States,2020-09-26
2729,Olivia Tanaka,user2729@streamflix-mail.com,Male,42,Berlin,Germany,2020-08-21
2730,Kiara Li,user2730@streamflix-mail.com,Male,34,Kolkata,India,2019-09-11
2731,Mateo Lee,user2731@streamflix-mail.com,Male,60,Toronto,Canada,2026-05-22
2732,James Reddy,user2732@streamflix-mail.com,Female,26,Mumbai,India,2025-06-29
2733,Lucia Johnson,user2733@streamflix-mail.com,Male,64,Paris,France,2019-11-28
2734,Krishna Miller,user2734@streamflix-mail.com,Female,35,Los Angeles,United States,2020-11-02
2735,Navya Silva,user2735@streamflix-mail.com,Female,30,Sydney,Australia,2022-06-08
2736,Sai Lee,user2736@streamflix-mail.com,Male,30,London,United Kingdom,2025-09-12
2737,Liam Garcia,user2737@streamflix-mail.com,Female,13,Los Angeles,United States,2025-03-10
2738,Ayaan Iyer,user2738@streamflix-mail.com,Male,51,Los Angeles,United States,2025-08-01
2739,Aarohi Wang,user2739@streamflix-mail.com,Female,45,Mumbai,India,2025-03-17
2740,Myra Brown,user2740@streamflix-mail.com,Female,49,Chennai,India,2023-09-15
2741,Ayaan Verma,user2741@streamflix-mail.com,Male,50,New York,United States,2021-03-07
2742,Vihaan Patel,user2742@streamflix-mail.com,Female,14,New York,United States,2023-07-12
2743,James Dubois,user2743@streamflix-mail.com,Male,63,Chennai,India,2022-09-15
2744,Lucia Reddy,user2744@streamflix-mail.com,Female,42,Toronto,Canada,2026-02-16
2745,Ayaan Brown,user2745@streamflix-mail.com,Female,52,Tokyo,Japan,2022-05-12
2746,Anika Davis,user2746@streamflix-mail.com,Male,15,Seoul,South Korea,2024-08-31
2747,Krishna Gupta,user2747@streamflix-mail.com,Female,56,Paris,France,2020-04-20
2748,Chen Iyer,user2748@streamflix-mail.com,Female,51,Toronto,Canada,2024-02-14
2749,Anika Kowalski,user2749@streamflix-mail.com,Female,34,Los Angeles,United States,2022-05-27
2750,Mateo Lee,user2750@streamflix-mail.com,Female,66,Toronto,Canada,2022-04-08
2751,Ishaan Khan,user2751@streamflix-mail.com,Female,50,Bengaluru,India,2024-08-28
2752,Vihaan Nair,user2752@streamflix-mail.com,Male,64,Tokyo,Japan,2022-08-18
2753,Olivia Brown,user2753@streamflix-mail.com,Female,59,London,United Kingdom,2019-06-11
2754,Ethan Wang,user2754@streamflix-mail.com,Female,24,Hyderabad,India,2021-11-30
2755,Valentina Wang,user2755@streamflix-mail.com,Male,69,Los Angeles,United States,2026-03-22
2756,Min Nair,user2756@streamflix-mail.com,Male,55,Kolkata,India,2026-02-04
2757,Jin Wang,user2757@streamflix-mail.com,Male,23,Kolkata,India,2023-08-10
2758,Ava Dubois,user2758@streamflix-mail.com,Male,58,Delhi,India,2023-10-14
2759,Sara Khan,user2759@streamflix-mail.com,Male,37,Mumbai,India,2020-12-20
2760,Navya Sharma,user2760@streamflix-mail.com,Male,62,Kolkata,India,2024-11-06
2761,Sai Kowalski,user2761@streamflix-mail.com,Female,22,Kolkata,India,2023-06-30
2762,Navya Davis,user2762@streamflix-mail.com,Male,27,Paris,France,2019-04-12
2763,Sara Silva,user2763@streamflix-mail.com,Male,32,Chennai,India,2026-02-12
2764,Vivaan Rao,user2764@streamflix-mail.com,Female,38,Kolkata,India,2025-05-22
2765,Krishna Patel,user2765@streamflix-mail.com,Male,48,Berlin,Germany,2019-08-12
2766,Emma Khan,user2766@streamflix-mail.com,Male,25,Seoul,South Korea,2022-02-17
2767,Sara Khan,user2767@streamflix-mail.com,Female,53,Delhi,India,2024-07-26
2768,Valentina Miller,user2768@streamflix-mail.com,Other,14,Delhi,India,2024-07-11
2769,Aarohi Reddy,user2769@streamflix-mail.com,Female,31,Delhi,India,2020-04-03
2770,Mateo Muller,user2770@streamflix-mail.com,Male,50,Chicago,United States,2019-04-20
2771,Ethan Davis,user2771@streamflix-mail.com,Male,28,Manchester,United Kingdom,2026-05-19
2772,Vivaan Andersen,user2772@streamflix-mail.com,Other,37,New York,United States,2025-09-13
2773,Krishna Davis,user2773@streamflix-mail.com,Female,47,Mumbai,India,2024-07-14
2774,Lucas Rao,user2774@streamflix-mail.com,Female,27,Pune,India,2023-12-12
2775,Emma Davis,user2775@streamflix-mail.com,Female,67,Toronto,Canada,2024-02-23
2776,Aadhya Iyer,user2776@streamflix-mail.com,Male,61,New York,United States,2022-06-06
2777,James Rossi,user2777@streamflix-mail.com,Male,68,Bengaluru,India,2024-02-17
2778,Sofia Wang,user2778@streamflix-mail.com,Female,41,Sydney,Australia,2021-04-11
2779,Ira Iyer,user2779@streamflix-mail.com,Female,32,Toronto,Canada,2019-08-18
2780,Vivaan Lee,user2780@streamflix-mail.com,Male,69,Chicago,United States,2021-05-01
2781,Aadhya Wilson,user2781@streamflix-mail.com,Female,54,Berlin,Germany,2021-03-15
2782,Lucia Khan,user2782@streamflix-mail.com,Male,58,Tokyo,Japan,2021-04-10
2783,Wei Reddy,user2783@streamflix-mail.com,Female,23,Mumbai,India,2022-07-13
2784,Hana Li,user2784@streamflix-mail.com,Male,62,Berlin,Germany,2019-12-25
2785,Sofia Singh,user2785@streamflix-mail.com,Female,43,Mumbai,India,2022-01-21
2786,Arjun Davis,user2786@streamflix-mail.com,Male,57,Chicago,United States,2022-06-23
2787,Diya Singh,user2787@streamflix-mail.com,Female,60,Berlin,Germany,2020-05-30
2788,Aditya Park,user2788@streamflix-mail.com,Female,19,Paris,France,2022-05-26
2789,Aarav Verma,user2789@streamflix-mail.com,Male,18,Mumbai,India,2024-01-21
2790,Hana Smith,user2790@streamflix-mail.com,Female,16,Delhi,India,2022-02-01
2791,Lucia Wilson,user2791@streamflix-mail.com,Female,49,Pune,India,2019-01-07
2792,Reyansh Garcia,user2792@streamflix-mail.com,Female,65,Chennai,India,2024-04-09
2793,Lucas Kim,user2793@streamflix-mail.com,Male,14,Chennai,India,2023-05-04
2794,Emma Nair,user2794@streamflix-mail.com,Female,20,Los Angeles,United States,2022-02-23
2795,Aditya Garcia,user2795@streamflix-mail.com,Female,40,Kolkata,India,2019-03-04
2796,Sofia Li,user2796@streamflix-mail.com,Female,35,Manchester,United Kingdom,2019-09-01
2797,Min Smith,user2797@streamflix-mail.com,Male,18,Seoul,South Korea,2019-08-06
2798,Liam Iyer,user2798@streamflix-mail.com,Female,47,London,United Kingdom,2025-05-21
2799,Lucas Muller,user2799@streamflix-mail.com,Male,64,Kolkata,India,2021-04-25
2800,Ira Silva,user2800@streamflix-mail.com,Male,25,Manchester,United Kingdom,2022-03-09
2801,Yuki Zhang,user2801@streamflix-mail.com,Male,13,Toronto,Canada,2024-03-20
2802,Navya Silva,user2802@streamflix-mail.com,Male,25,Seoul,South Korea,2023-11-30
2803,Valentina Silva,user2803@streamflix-mail.com,Male,23,Berlin,Germany,2019-06-26
2804,Aditya Li,user2804@streamflix-mail.com,Male,39,Chennai,India,2025-12-21
2805,Reyansh Davis,user2805@streamflix-mail.com,Female,19,Berlin,Germany,2020-12-26
2806,Mateo Sharma,user2806@streamflix-mail.com,Female,33,Tokyo,Japan,2024-10-02
2807,Diya Lee,user2807@streamflix-mail.com,Male,19,Bengaluru,India,2025-03-28
2808,Aadhya Patel,user2808@streamflix-mail.com,Female,51,Manchester,United Kingdom,2023-01-15
2809,Yuki Silva,user2809@streamflix-mail.com,Female,39,Hyderabad,India,2020-03-19
2810,Ayaan Miller,user2810@streamflix-mail.com,Female,17,Chicago,United States,2023-02-01
2811,James Andersen,user2811@streamflix-mail.com,Female,15,Mumbai,India,2020-10-31
2812,Diya Lee,user2812@streamflix-mail.com,Other,40,Chennai,India,2025-05-15
2813,Ayaan Wilson,user2813@streamflix-mail.com,Female,46,Manchester,United Kingdom,2024-08-27
2814,Mateo Andersen,user2814@streamflix-mail.com,Other,22,Kolkata,India,2025-03-05
2815,Ayaan Miller,user2815@streamflix-mail.com,Female,31,Mumbai,India,2025-03-17
2816,Vihaan Johnson,user2816@streamflix-mail.com,Male,47,New York,United States,2020-05-04
2817,Ethan Johnson,user2817@streamflix-mail.com,Female,39,London,United Kingdom,2019-03-25
2818,Min Dubois,user2818@streamflix-mail.com,Female,19,Dubai,United Arab Emirates,2023-09-12
2819,Sai Li,user2819@streamflix-mail.com,Female,35,Bengaluru,India,2023-08-08
2820,Lucas Iyer,user2820@streamflix-mail.com,Female,24,Chicago,United States,2025-06-28
2821,Emma Miller,user2821@streamflix-mail.com,Male,65,Hyderabad,India,2023-10-13
2822,Hana Johnson,user2822@streamflix-mail.com,Male,58,Hyderabad,India,2025-01-08
2823,Sai Park,user2823@streamflix-mail.com,Female,30,Bengaluru,India,2021-08-12
2824,Valentina Verma,user2824@streamflix-mail.com,Female,26,Dubai,United Arab Emirates,2019-12-08
2825,Noah Wang,user2825@streamflix-mail.com,Female,20,Berlin,Germany,2019-04-14
2826,Hana Li,user2826@streamflix-mail.com,Female,55,Sydney,Australia,2022-04-07
2827,Sara Khan,user2827@streamflix-mail.com,Female,65,New York,United States,2019-01-06
2828,Lucia Iyer,user2828@streamflix-mail.com,Female,28,Berlin,Germany,2022-11-19
2829,Ava Kim,user2829@streamflix-mail.com,Male,49,Chicago,United States,2022-01-02
2830,Sai Singh,user2830@streamflix-mail.com,Female,26,London,United Kingdom,2020-12-06
2831,Sofia Kowalski,user2831@streamflix-mail.com,Male,65,Toronto,Canada,2023-06-07
2832,Yuki Silva,user2832@streamflix-mail.com,Female,30,Sydney,Australia,2024-02-04
2833,Aadhya Kowalski,user2833@streamflix-mail.com,Male,18,Chicago,United States,2019-04-19
2834,Emma Wilson,user2834@streamflix-mail.com,Female,63,Chicago,United States,2022-07-27
2835,Ira Kowalski,user2835@streamflix-mail.com,Male,66,Kolkata,India,2026-01-16
2836,Emma Sharma,user2836@streamflix-mail.com,Male,35,Sydney,Australia,2021-03-25
2837,Mateo Patel,user2837@streamflix-mail.com,Female,64,Sydney,Australia,2024-11-08
2838,Jin Sharma,user2838@streamflix-mail.com,Female,26,Los Angeles,United States,2021-07-11
2839,Krishna Zhang,user2839@streamflix-mail.com,Male,28,Singapore,Singapore,2021-01-13
2840,Mateo Davis,user2840@streamflix-mail.com,Female,43,Bengaluru,India,2025-06-03
2841,Navya Patel,user2841@streamflix-mail.com,Male,47,Los Angeles,United States,2021-09-02
2842,Lucas Rao,user2842@streamflix-mail.com,Male,34,Paris,France,2025-06-29
2843,Wei Park,user2843@streamflix-mail.com,Male,58,Singapore,Singapore,2023-11-28
2844,Aarohi Nair,user2844@streamflix-mail.com,Female,58,Singapore,Singapore,2025-02-02
2845,Kiara Davis,user2845@streamflix-mail.com,Female,19,Seoul,South Korea,2025-02-08
2846,Kiara Kim,user2846@streamflix-mail.com,Female,69,Toronto,Canada,2025-11-07
2847,Min Singh,user2847@streamflix-mail.com,Female,22,Sydney,Australia,2023-02-28
2848,Ira Khan,user2848@streamflix-mail.com,Female,43,Chicago,United States,2026-02-20
2849,Diya Smith,user2849@streamflix-mail.com,Female,37,Tokyo,Japan,2019-06-13
2850,Sara Lee,user2850@streamflix-mail.com,Other,38,Singapore,Singapore,2022-09-08
2851,Ayaan Singh,user2851@streamflix-mail.com,Male,20,London,United Kingdom,2021-12-21
2852,Ira Johnson,user2852@streamflix-mail.com,Male,32,Bengaluru,India,2019-09-22
2853,Arjun Wilson,user2853@streamflix-mail.com,Male,14,Tokyo,Japan,2025-07-19
2854,Vihaan Nair,user2854@streamflix-mail.com,Female,68,Kolkata,India,2024-12-30
2855,Lucas Lee,user2855@streamflix-mail.com,Female,21,New York,United States,2024-08-11
2856,Vihaan Iyer,user2856@streamflix-mail.com,Male,40,Bengaluru,India,2023-10-01
2857,Liam Iyer,user2857@streamflix-mail.com,Female,25,Pune,India,2023-07-07
2858,Yuki Singh,user2858@streamflix-mail.com,Female,23,Bengaluru,India,2021-11-07
2859,Lucas Patel,user2859@streamflix-mail.com,Male,35,Delhi,India,2024-02-15
2860,Navya Sharma,user2860@streamflix-mail.com,Male,68,Mumbai,India,2026-04-25
2861,Ayaan Kowalski,user2861@streamflix-mail.com,Male,40,Chennai,India,2020-11-18
2862,Lucia Rao,user2862@streamflix-mail.com,Male,67,Dubai,United Arab Emirates,2021-07-16
2863,Hana Rossi,user2863@streamflix-mail.com,Female,60,Seoul,South Korea,2019-10-27
2864,Noah Andersen,user2864@streamflix-mail.com,Female,37,Pune,India,2025-10-21
2865,Vihaan Rossi,user2865@streamflix-mail.com,Male,64,Los Angeles,United States,2022-12-22
2866,Vivaan Rossi,user2866@streamflix-mail.com,Male,32,Tokyo,Japan,2023-06-11
2867,Aadhya Reddy,user2867@streamflix-mail.com,Male,41,Singapore,Singapore,2020-12-30
2868,Reyansh Johnson,user2868@streamflix-mail.com,Male,51,Berlin,Germany,2019-04-11
2869,Min Li,user2869@streamflix-mail.com,Male,46,Los Angeles,United States,2025-01-12
2870,Krishna Lee,user2870@streamflix-mail.com,Female,60,Hyderabad,India,2025-06-13
2871,Diya Sharma,user2871@streamflix-mail.com,Female,22,Bengaluru,India,2021-07-22
2872,Valentina Lee,user2872@streamflix-mail.com,Female,41,Singapore,Singapore,2024-09-17
2873,Chen Rossi,user2873@streamflix-mail.com,Male,50,Mumbai,India,2023-04-16
2874,Krishna Rossi,user2874@streamflix-mail.com,Female,31,Chicago,United States,2023-10-26
2875,Ira Johnson,user2875@streamflix-mail.com,Male,62,New York,United States,2020-04-18
2876,James Singh,user2876@streamflix-mail.com,Male,30,Berlin,Germany,2023-08-10
2877,Ethan Rao,user2877@streamflix-mail.com,Female,30,Paris,France,2020-03-17
2878,Lucia Patel,user2878@streamflix-mail.com,Female,31,Chicago,United States,2020-08-22
2879,Min Smith,user2879@streamflix-mail.com,Male,51,Manchester,United Kingdom,2021-09-03
2880,Valentina Rao,user2880@streamflix-mail.com,Female,19,New York,United States,2020-08-10
2881,Vivaan Garcia,user2881@streamflix-mail.com,Female,21,Dubai,United Arab Emirates,2025-10-25
2882,Ishaan Verma,user2882@streamflix-mail.com,Female,57,Chennai,India,2019-03-21
2883,Liam Patel,user2883@streamflix-mail.com,Female,24,Singapore,Singapore,2025-10-11
2884,Vivaan Rao,user2884@streamflix-mail.com,Male,18,Berlin,Germany,2020-02-27
2885,Sara Iyer,user2885@streamflix-mail.com,Female,28,Hyderabad,India,2025-07-10
2886,Reyansh Dubois,user2886@streamflix-mail.com,Male,35,Pune,India,2021-07-10
2887,Lucia Zhang,user2887@streamflix-mail.com,Male,14,New York,United States,2025-11-27
2888,Aditya Andersen,user2888@streamflix-mail.com,Female,60,Tokyo,Japan,2023-01-20
2889,Sai Wilson,user2889@streamflix-mail.com,Female,19,Toronto,Canada,2022-09-02
2890,Ayaan Reddy,user2890@streamflix-mail.com,Male,36,Hyderabad,India,2019-12-25
2891,Sai Andersen,user2891@streamflix-mail.com,Female,24,New York,United States,2022-04-02
2892,Liam Garcia,user2892@streamflix-mail.com,Female,29,Toronto,Canada,2023-03-07
2893,Sara Zhang,user2893@streamflix-mail.com,Female,15,Paris,France,2026-05-16
2894,Sofia Johnson,user2894@streamflix-mail.com,Male,67,Chicago,United States,2020-12-21
2895,Ananya Miller,user2895@streamflix-mail.com,Male,66,Delhi,India,2019-08-15
2896,Emma Miller,user2896@streamflix-mail.com,Male,20,Bengaluru,India,2020-11-26
2897,Ethan Patel,user2897@streamflix-mail.com,Male,24,Mumbai,India,2020-10-27
2898,Ava Wilson,user2898@streamflix-mail.com,Male,63,Bengaluru,India,2026-02-08
2899,Yuki Li,user2899@streamflix-mail.com,Male,36,Los Angeles,United States,2020-02-16
2900,Krishna Sharma,user2900@streamflix-mail.com,Male,16,Chennai,India,2026-06-10
2901,James Reddy,user2901@streamflix-mail.com,Male,20,Kolkata,India,2019-11-06
2902,Chen Muller,user2902@streamflix-mail.com,Female,36,Dubai,United Arab Emirates,2025-01-30
2903,Min Lee,user2903@streamflix-mail.com,Female,44,Chicago,United States,2022-02-09
2904,Noah Tanaka,user2904@streamflix-mail.com,Male,49,Singapore,Singapore,2019-05-29
2905,Ethan Kim,user2905@streamflix-mail.com,Female,21,London,United Kingdom,2023-08-08
2906,Min Park,user2906@streamflix-mail.com,Male,34,Pune,India,2024-06-17
2907,Noah Dubois,user2907@streamflix-mail.com,Male,27,Berlin,Germany,2025-04-15
2908,Lucia Park,user2908@streamflix-mail.com,Female,43,Chicago,United States,2020-05-03
2909,Sai Rao,user2909@streamflix-mail.com,Male,31,Tokyo,Japan,2023-08-18
2910,Myra Davis,user2910@streamflix-mail.com,Male,24,Delhi,India,2023-04-08
2911,Arjun Singh,user2911@streamflix-mail.com,Male,59,Tokyo,Japan,2022-04-26
2912,Vihaan Smith,user2912@streamflix-mail.com,Female,45,Singapore,Singapore,2025-09-12
2913,Kiara Zhang,user2913@streamflix-mail.com,Female,40,Pune,India,2022-03-04
2914,Ishaan Iyer,user2914@streamflix-mail.com,Male,20,Dubai,United Arab Emirates,2021-11-06
2915,Anika Zhang,user2915@streamflix-mail.com,Male,17,Singapore,Singapore,2022-12-09
2916,Navya Lee,user2916@streamflix-mail.com,Male,58,Seoul,South Korea,2025-12-18
2917,Noah Rao,user2917@streamflix-mail.com,Female,68,Pune,India,2025-07-02
2918,Lucia Verma,user2918@streamflix-mail.com,Male,46,Seoul,South Korea,2024-04-23
2919,Hana Wang,user2919@streamflix-mail.com,Female,15,Dubai,United Arab Emirates,2019-08-10
2920,Ira Rossi,user2920@streamflix-mail.com,Female,40,Kolkata,India,2021-04-04
2921,Myra Wang,user2921@streamflix-mail.com,Male,28,New York,United States,2019-02-11
2922,Wei Brown,user2922@streamflix-mail.com,Female,16,Chennai,India,2019-09-17
2923,Arjun Park,user2923@streamflix-mail.com,Male,21,Chicago,United States,2025-03-27
2924,Emma Brown,user2924@streamflix-mail.com,Male,41,Seoul,South Korea,2025-02-10
2925,Anika Smith,user2925@streamflix-mail.com,Male,37,Tokyo,Japan,2019-10-08
2926,Ayaan Rao,user2926@streamflix-mail.com,Male,45,Bengaluru,India,2022-06-08
2927,Noah Khan,user2927@streamflix-mail.com,Female,52,Bengaluru,India,2021-02-03
2928,Aadhya Tanaka,user2928@streamflix-mail.com,Other,28,Delhi,India,2019-07-19
2929,Ayaan Park,user2929@streamflix-mail.com,Male,29,Toronto,Canada,2021-11-10
2930,Ethan Nair,user2930@streamflix-mail.com,Male,51,Kolkata,India,2019-10-10
2931,Reyansh Muller,user2931@streamflix-mail.com,Female,24,Dubai,United Arab Emirates,2024-07-08
2932,Ethan Iyer,user2932@streamflix-mail.com,Male,17,Dubai,United Arab Emirates,2026-04-01
2933,Reyansh Lee,user2933@streamflix-mail.com,Male,61,Hyderabad,India,2022-03-02
2934,Navya Iyer,user2934@streamflix-mail.com,Other,24,Sydney,Australia,2020-10-27
2935,Chen Smith,user2935@streamflix-mail.com,Female,19,Dubai,United Arab Emirates,2022-09-29
2936,Ishaan Park,user2936@streamflix-mail.com,Female,55,Paris,France,2026-03-31
2937,Wei Tanaka,user2937@streamflix-mail.com,Male,43,Singapore,Singapore,2020-03-12
2938,Lucas Tanaka,user2938@streamflix-mail.com,Male,21,New York,United States,2024-02-09
2939,Sofia Dubois,user2939@streamflix-mail.com,Male,61,Paris,France,2019-09-13
2940,Reyansh Singh,user2940@streamflix-mail.com,Female,26,Chennai,India,2021-04-02
2941,Lucas Gupta,user2941@streamflix-mail.com,Male,51,Tokyo,Japan,2022-04-17
2942,Lucia Andersen,user2942@streamflix-mail.com,Male,50,New York,United States,2021-11-16
2943,Wei Andersen,user2943@streamflix-mail.com,Male,60,Berlin,Germany,2020-05-03
2944,Ayaan Patel,user2944@streamflix-mail.com,Female,54,Dubai,United Arab Emirates,2024-10-28
2945,Chen Sharma,user2945@streamflix-mail.com,Female,53,Manchester,United Kingdom,2024-01-17
2946,Arjun Park,user2946@streamflix-mail.com,Female,15,Pune,India,2022-04-07
2947,Olivia Gupta,user2947@streamflix-mail.com,Male,66,Hyderabad,India,2022-02-20
2948,Aarohi Verma,user2948@streamflix-mail.com,Female,20,Berlin,Germany,2019-07-24
2949,Emma Kowalski,user2949@streamflix-mail.com,Male,27,Tokyo,Japan,2023-12-14
2950,James Miller,user2950@streamflix-mail.com,Male,38,London,United Kingdom,2020-09-21
2951,Vivaan Reddy,user2951@streamflix-mail.com,Male,29,Seoul,South Korea,2021-04-04
2952,James Park,user2952@streamflix-mail.com,Female,46,Dubai,United Arab Emirates,2025-06-13
2953,Lucia Johnson,user2953@streamflix-mail.com,Male,16,New York,United States,2023-10-25
2954,Navya Wilson,user2954@streamflix-mail.com,Other,38,Tokyo,Japan,2024-03-21
2955,Diya Dubois,user2955@streamflix-mail.com,Male,32,Dubai,United Arab Emirates,2020-12-25
2956,Valentina Singh,user2956@streamflix-mail.com,Male,49,Chicago,United States,2022-10-03
2957,Vihaan Park,user2957@streamflix-mail.com,Female,42,Mumbai,India,2019-02-07
2958,Aarohi Rossi,user2958@streamflix-mail.com,Female,56,Singapore,Singapore,2020-11-03
2959,James Brown,user2959@streamflix-mail.com,Male,22,Kolkata,India,2024-12-30
2960,Aarohi Tanaka,user2960@streamflix-mail.com,Female,67,New York,United States,2022-07-23
2961,Sofia Garcia,user2961@streamflix-mail.com,Male,35,Singapore,Singapore,2023-10-05
2962,Anika Garcia,user2962@streamflix-mail.com,Male,32,Tokyo,Japan,2024-11-29
2963,Mateo Dubois,user2963@streamflix-mail.com,Female,44,Delhi,India,2026-01-09
2964,Aditya Park,user2964@streamflix-mail.com,Female,22,Tokyo,Japan,2019-08-12
2965,Mia Dubois,user2965@streamflix-mail.com,Male,59,Chennai,India,2023-05-10
2966,Olivia Silva,user2966@streamflix-mail.com,Male,28,Manchester,United Kingdom,2026-06-16
2967,Ishaan Wang,user2967@streamflix-mail.com,Female,65,Seoul,South Korea,2020-07-01
2968,Ishaan Singh,user2968@streamflix-mail.com,Male,21,Pune,India,2025-06-12
2969,Lucas Johnson,user2969@streamflix-mail.com,Female,62,Pune,India,2023-05-08
2970,Ava Muller,user2970@streamflix-mail.com,Female,35,Paris,France,2021-05-20
2971,Noah Kim,user2971@streamflix-mail.com,Female,47,New York,United States,2024-11-14
2972,Aditya Patel,user2972@streamflix-mail.com,Male,62,Berlin,Germany,2025-07-11
2973,Olivia Rao,user2973@streamflix-mail.com,Female,20,New York,United States,2020-01-26
2974,Valentina Silva,user2974@streamflix-mail.com,Male,32,Toronto,Canada,2024-02-10
2975,Aarav Nair,user2975@streamflix-mail.com,Male,67,London,United Kingdom,2026-01-07
2976,Kiara Reddy,user2976@streamflix-mail.com,Male,21,Paris,France,2023-12-30
2977,Aarohi Li,user2977@streamflix-mail.com,Male,18,Manchester,United Kingdom,2023-02-07
2978,Jin Patel,user2978@streamflix-mail.com,Female,42,London,United Kingdom,2020-01-18
2979,Diya Li,user2979@streamflix-mail.com,Female,14,Chicago,United States,2022-05-17
2980,Aarohi Wilson,user2980@streamflix-mail.com,Female,69,New York,United States,2025-10-16
2981,Lucas Tanaka,user2981@streamflix-mail.com,Female,64,Los Angeles,United States,2024-12-28
2982,Aditya Davis,user2982@streamflix-mail.com,Female,23,Chicago,United States,2022-05-18
2983,Chen Dubois,user2983@streamflix-mail.com,Female,22,Dubai,United Arab Emirates,2021-04-25
2984,Chen Muller,user2984@streamflix-mail.com,Female,57,Mumbai,India,2025-01-08
2985,Lucas Khan,user2985@streamflix-mail.com,Female,42,London,United Kingdom,2026-04-03
2986,Ava Tanaka,user2986@streamflix-mail.com,Female,59,London,United Kingdom,2021-03-31
2987,Mia Li,user2987@streamflix-mail.com,Male,68,Dubai,United Arab Emirates,2025-01-29
2988,Yuki Reddy,user2988@streamflix-mail.com,Other,35,Sydney,Australia,2021-04-23
2989,Sofia Sharma,user2989@streamflix-mail.com,Male,27,Los Angeles,United States,2025-03-15
2990,Navya Patel,user2990@streamflix-mail.com,Male,48,Bengaluru,India,2026-03-26
2991,Kiara Sharma,user2991@streamflix-mail.com,Female,49,New York,United States,2023-12-22
2992,Ava Smith,user2992@streamflix-mail.com,Male,37,Chennai,India,2022-09-21
2993,Ayaan Tanaka,user2993@streamflix-mail.com,Male,30,Pune,India,2021-05-10
2994,Min Miller,user2994@streamflix-mail.com,Male,27,Singapore,Singapore,2019-06-13
2995,Wei Sharma,user2995@streamflix-mail.com,Male,42,Chicago,United States,2019-05-24
2996,Ava Miller,user2996@streamflix-mail.com,Female,37,Dubai,United Arab Emirates,2025-04-07
2997,Aadhya Khan,user2997@streamflix-mail.com,Female,39,Bengaluru,India,2023-12-17
2998,Myra Muller,user2998@streamflix-mail.com,Male,18,Paris,France,2020-09-14
2999,Navya Gupta,user2999@streamflix-mail.com,Other,63,Chicago,United States,2023-02-20
3000,Ethan Silva,user3000@streamflix-mail.com,Female,53,Chennai,India,2025-08-03
3001,Yuki Garcia,user3001@streamflix-mail.com,Female,65,New York,United States,2023-11-09
3002,Ethan Sharma,user3002@streamflix-mail.com,Male,60,Tokyo,Japan,2025-11-14
3003,Lucia Zhang,user3003@streamflix-mail.com,Female,48,Singapore,Singapore,2019-11-18
3004,Mateo Garcia,user3004@streamflix-mail.com,Male,30,Hyderabad,India,2019-07-19
3005,Lucas Silva,user3005@streamflix-mail.com,Male,50,Paris,France,2023-12-30
3006,Sara Kim,user3006@streamflix-mail.com,Female,45,Bengaluru,India,2023-05-14
3007,Olivia Silva,user3007@streamflix-mail.com,Male,65,Chennai,India,2024-02-28
3008,Navya Garcia,user3008@streamflix-mail.com,Female,26,Singapore,Singapore,2026-05-11
3009,Ava Sharma,user3009@streamflix-mail.com,Female,14,London,United Kingdom,2019-10-26
3010,Chen Reddy,user3010@streamflix-mail.com,Male,20,Los Angeles,United States,2025-12-23
3011,Sara Garcia,user3011@streamflix-mail.com,Male,22,Berlin,Germany,2019-06-16
3012,James Johnson,user3012@streamflix-mail.com,Female,50,Dubai,United Arab Emirates,2022-12-09
3013,Vivaan Silva,user3013@streamflix-mail.com,Female,21,Paris,France,2025-03-27
3014,Mia Brown,user3014@streamflix-mail.com,Male,20,Chennai,India,2024-02-07
3015,Aarohi Muller,user3015@streamflix-mail.com,Other,35,Seoul,South Korea,2020-09-01
3016,Kiara Nair,user3016@streamflix-mail.com,Female,57,Pune,India,2023-07-13
3017,Emma Johnson,user3017@streamflix-mail.com,Female,37,Tokyo,Japan,2025-10-05
3018,Krishna Li,user3018@streamflix-mail.com,Male,28,London,United Kingdom,2020-07-10
3019,Olivia Reddy,user3019@streamflix-mail.com,Female,29,Manchester,United Kingdom,2026-01-10
3020,Mia Rao,user3020@streamflix-mail.com,Female,59,Bengaluru,India,2023-11-23
3021,Myra Li,user3021@streamflix-mail.com,Male,37,Seoul,South Korea,2019-08-26
3022,Sai Lee,user3022@streamflix-mail.com,Other,34,Chennai,India,2021-07-01
3023,Ira Silva,user3023@streamflix-mail.com,Female,57,Manchester,United Kingdom,2025-06-18
3024,Ayaan Davis,user3024@streamflix-mail.com,Female,34,Hyderabad,India,2021-07-14
3025,Sara Muller,user3025@streamflix-mail.com,Female,33,Berlin,Germany,2026-02-05
3026,Ava Dubois,user3026@streamflix-mail.com,Female,55,Kolkata,India,2022-02-23
3027,Arjun Tanaka,user3027@streamflix-mail.com,Female,31,Dubai,United Arab Emirates,2021-07-27
3028,Mia Reddy,user3028@streamflix-mail.com,Female,42,Dubai,United Arab Emirates,2025-05-22
3029,Krishna Lee,user3029@streamflix-mail.com,Male,50,Manchester,United Kingdom,2024-11-20
3030,Jin Reddy,user3030@streamflix-mail.com,Male,24,Bengaluru,India,2020-10-14
3031,Mia Khan,user3031@streamflix-mail.com,Male,20,Chennai,India,2024-11-08
3032,Ananya Rao,user3032@streamflix-mail.com,Female,61,Toronto,Canada,2020-11-17
3033,Liam Park,user3033@streamflix-mail.com,Male,29,London,United Kingdom,2025-09-18
3034,Arjun Brown,user3034@streamflix-mail.com,Female,32,Manchester,United Kingdom,2019-01-21
3035,Vihaan Muller,user3035@streamflix-mail.com,Male,46,Pune,India,2023-12-19
3036,Mateo Patel,user3036@streamflix-mail.com,Male,18,London,United Kingdom,2020-02-29
3037,Chen Kim,user3037@streamflix-mail.com,Female,15,Delhi,India,2024-01-28
3038,Reyansh Li,user3038@streamflix-mail.com,Female,36,Chicago,United States,2026-05-03
3039,Diya Tanaka,user3039@streamflix-mail.com,Male,68,Delhi,India,2024-01-02
3040,Ayaan Singh,user3040@streamflix-mail.com,Male,45,Sydney,Australia,2022-04-02
3041,Ira Li,user3041@streamflix-mail.com,Male,45,Manchester,United Kingdom,2025-03-04
3042,Diya Gupta,user3042@streamflix-mail.com,Male,47,Seoul,South Korea,2020-06-18
3043,Myra Wilson,user3043@streamflix-mail.com,Male,62,Chicago,United States,2023-01-27
3044,Emma Brown,user3044@streamflix-mail.com,Female,60,Hyderabad,India,2026-03-29
3045,Ayaan Kowalski,user3045@streamflix-mail.com,Male,14,Pune,India,2021-09-01
3046,Jin Silva,user3046@streamflix-mail.com,Male,43,Tokyo,Japan,2019-03-16
3047,Mia Andersen,user3047@streamflix-mail.com,Male,44,Paris,France,2022-04-23
3048,Wei Muller,user3048@streamflix-mail.com,Male,25,Delhi,India,2022-08-18
3049,Reyansh Brown,user3049@streamflix-mail.com,Other,68,Sydney,Australia,2025-02-01
3050,Lucas Li,user3050@streamflix-mail.com,Male,27,Chicago,United States,2025-01-12
3051,Hana Sharma,user3051@streamflix-mail.com,Male,60,Chennai,India,2021-07-20
3052,Ayaan Wilson,user3052@streamflix-mail.com,Female,18,London,United Kingdom,2024-10-16
3053,Wei Verma,user3053@streamflix-mail.com,Female,47,Berlin,Germany,2020-01-27
3054,Sara Wang,user3054@streamflix-mail.com,Female,54,Hyderabad,India,2020-06-02
3055,Yuki Tanaka,user3055@streamflix-mail.com,Female,41,Tokyo,Japan,2023-07-12
3056,Aarohi Zhang,user3056@streamflix-mail.com,Female,19,Delhi,India,2024-04-21
3057,Chen Muller,user3057@streamflix-mail.com,Female,20,Singapore,Singapore,2025-01-19
3058,Sai Singh,user3058@streamflix-mail.com,Other,47,Delhi,India,2023-08-31
3059,Ira Tanaka,user3059@streamflix-mail.com,Male,62,Delhi,India,2019-12-16
3060,Ananya Wilson,user3060@streamflix-mail.com,Female,47,Mumbai,India,2024-01-23
3061,Ishaan Zhang,user3061@streamflix-mail.com,Female,18,Tokyo,Japan,2022-03-21
3062,Aadhya Silva,user3062@streamflix-mail.com,Female,57,Manchester,United Kingdom,2020-12-29
3063,Ira Park,user3063@streamflix-mail.com,Male,39,Sydney,Australia,2021-07-17
3064,Sai Rao,user3064@streamflix-mail.com,Female,17,Hyderabad,India,2025-01-28
3065,Lucas Kim,user3065@streamflix-mail.com,Male,33,Berlin,Germany,2020-05-01
3066,Liam Park,user3066@streamflix-mail.com,Female,24,Tokyo,Japan,2023-03-12
3067,Hana Muller,user3067@streamflix-mail.com,Male,69,Chicago,United States,2019-08-16
3068,Lucas Miller,user3068@streamflix-mail.com,Female,64,Seoul,South Korea,2024-06-08
3069,Sai Davis,user3069@streamflix-mail.com,Female,19,Bengaluru,India,2020-02-15
3070,Aditya Davis,user3070@streamflix-mail.com,Male,45,Chennai,India,2026-01-16
3071,Anika Reddy,user3071@streamflix-mail.com,Male,13,Mumbai,India,2025-08-11
3072,Aarohi Gupta,user3072@streamflix-mail.com,Male,39,Hyderabad,India,2025-05-31
3073,Ishaan Sharma,user3073@streamflix-mail.com,Female,21,Tokyo,Japan,2021-08-12
3074,Yuki Park,user3074@streamflix-mail.com,Female,55,Los Angeles,United States,2024-11-12
3075,Olivia Brown,user3075@streamflix-mail.com,Female,17,Toronto,Canada,2020-01-04
3076,Mia Muller,user3076@streamflix-mail.com,Male,64,Seoul,South Korea,2021-03-04
3077,Arjun Wang,user3077@streamflix-mail.com,Female,26,Dubai,United Arab Emirates,2019-12-29
3078,Chen Iyer,user3078@streamflix-mail.com,Female,27,New York,United States,2019-05-29
3079,Krishna Reddy,user3079@streamflix-mail.com,Male,63,Kolkata,India,2021-10-01
3080,Navya Smith,user3080@streamflix-mail.com,Male,64,Bengaluru,India,2023-04-23
3081,Navya Andersen,user3081@streamflix-mail.com,Male,18,Tokyo,Japan,2025-06-19
3082,Chen Verma,user3082@streamflix-mail.com,Male,19,Paris,France,2019-04-05
3083,Diya Nair,user3083@streamflix-mail.com,Male,61,London,United Kingdom,2022-01-19
3084,Ishaan Sharma,user3084@streamflix-mail.com,Male,68,Chicago,United States,2024-05-09
3085,Myra Brown,user3085@streamflix-mail.com,Male,40,Tokyo,Japan,2020-07-05
3086,Sara Tanaka,user3086@streamflix-mail.com,Male,22,Kolkata,India,2024-07-10
3087,Ayaan Zhang,user3087@streamflix-mail.com,Male,21,Los Angeles,United States,2023-04-11
3088,Ayaan Miller,user3088@streamflix-mail.com,Female,28,Seoul,South Korea,2023-03-22
3089,Ishaan Iyer,user3089@streamflix-mail.com,Female,52,New York,United States,2019-12-09
3090,Kiara Smith,user3090@streamflix-mail.com,Male,18,Berlin,Germany,2020-04-05
3091,Myra Davis,user3091@streamflix-mail.com,Female,49,Hyderabad,India,2025-07-30
3092,Ira Patel,user3092@streamflix-mail.com,Female,58,Chicago,United States,2025-07-25
3093,Lucas Wang,user3093@streamflix-mail.com,Male,21,Chicago,United States,2022-05-24
3094,Ishaan Tanaka,user3094@streamflix-mail.com,Male,69,Kolkata,India,2023-06-20
3095,Sofia Khan,user3095@streamflix-mail.com,Male,69,Paris,France,2023-01-23
3096,Wei Singh,user3096@streamflix-mail.com,Female,29,Chicago,United States,2022-11-10
3097,Reyansh Reddy,user3097@streamflix-mail.com,Male,19,Seoul,South Korea,2024-05-04
3098,Aadhya Wang,user3098@streamflix-mail.com,Male,31,Pune,India,2023-04-04
3099,Ayaan Garcia,user3099@streamflix-mail.com,Female,27,Kolkata,India,2019-12-09
3100,Ananya Patel,user3100@streamflix-mail.com,Other,28,Chicago,United States,2019-08-15
3101,Sara Khan,user3101@streamflix-mail.com,Male,65,Manchester,United Kingdom,2025-05-16
3102,Sai Gupta,user3102@streamflix-mail.com,Female,21,Pune,India,2024-07-20
3103,Aarav Miller,user3103@streamflix-mail.com,Female,31,Kolkata,India,2020-06-28
3104,Navya Zhang,user3104@streamflix-mail.com,Female,57,Toronto,Canada,2019-06-16
3105,Lucas Singh,user3105@streamflix-mail.com,Female,16,Chennai,India,2020-08-23
3106,Aadhya Sharma,user3106@streamflix-mail.com,Female,16,Dubai,United Arab Emirates,2023-05-03
3107,Min Miller,user3107@streamflix-mail.com,Male,30,Chicago,United States,2023-05-18
3108,Sara Zhang,user3108@streamflix-mail.com,Male,68,Paris,France,2020-04-08
3109,Sofia Smith,user3109@streamflix-mail.com,Female,60,Pune,India,2020-04-27
3110,Ishaan Singh,user3110@streamflix-mail.com,Male,65,Tokyo,Japan,2020-07-22
3111,Emma Iyer,user3111@streamflix-mail.com,Other,62,Chicago,United States,2022-04-28
3112,Wei Li,user3112@streamflix-mail.com,Male,19,Delhi,India,2020-09-30
3113,Aditya Muller,user3113@streamflix-mail.com,Female,35,Singapore,Singapore,2022-06-03
3114,Lucia Silva,user3114@streamflix-mail.com,Male,43,Pune,India,2019-02-09
3115,Sara Davis,user3115@streamflix-mail.com,Male,22,Bengaluru,India,2026-01-07
3116,Aarohi Wang,user3116@streamflix-mail.com,Female,69,London,United Kingdom,2025-09-07
3117,Ava Johnson,user3117@streamflix-mail.com,Male,47,Dubai,United Arab Emirates,2021-07-16
3118,Ava Sharma,user3118@streamflix-mail.com,Female,61,Chennai,India,2025-01-10
3119,Aarav Johnson,user3119@streamflix-mail.com,Female,27,Toronto,Canada,2023-01-05
3120,Min Wang,user3120@streamflix-mail.com,Female,53,Mumbai,India,2019-03-27
3121,Noah Park,user3121@streamflix-mail.com,Female,19,Hyderabad,India,2021-02-18
3122,Valentina Tanaka,user3122@streamflix-mail.com,Other,14,Dubai,United Arab Emirates,2019-06-06
3123,Kiara Tanaka,user3123@streamflix-mail.com,Female,49,Mumbai,India,2024-04-22
3124,Noah Singh,user3124@streamflix-mail.com,Male,16,New York,United States,2024-11-13
3125,Navya Sharma,user3125@streamflix-mail.com,Female,28,London,United Kingdom,2023-08-17
3126,Jin Patel,user3126@streamflix-mail.com,Female,58,Delhi,India,2019-01-19
3127,Hana Dubois,user3127@streamflix-mail.com,Male,41,Paris,France,2020-10-08
3128,Sofia Rossi,user3128@streamflix-mail.com,Female,34,London,United Kingdom,2022-07-08
3129,James Gupta,user3129@streamflix-mail.com,Male,29,Kolkata,India,2020-02-01
3130,Yuki Iyer,user3130@streamflix-mail.com,Female,51,Paris,France,2019-10-21
3131,Sara Wilson,user3131@streamflix-mail.com,Male,67,Manchester,United Kingdom,2021-04-13
3132,Kiara Park,user3132@streamflix-mail.com,Female,55,Sydney,Australia,2023-06-08
3133,Wei Tanaka,user3133@streamflix-mail.com,Male,33,Delhi,India,2019-08-31
3134,Vihaan Li,user3134@streamflix-mail.com,Female,37,Hyderabad,India,2026-06-26
3135,Lucas Khan,user3135@streamflix-mail.com,Male,18,Mumbai,India,2022-06-10
3136,Aarav Verma,user3136@streamflix-mail.com,Female,21,London,United Kingdom,2020-04-15
3137,Olivia Park,user3137@streamflix-mail.com,Female,28,Tokyo,Japan,2019-02-24
3138,Aarohi Wilson,user3138@streamflix-mail.com,Female,35,Berlin,Germany,2026-03-04
3139,Kiara Andersen,user3139@streamflix-mail.com,Male,69,Manchester,United Kingdom,2023-06-16
3140,Aarohi Lee,user3140@streamflix-mail.com,Male,62,Delhi,India,2025-06-27
3141,Aarohi Davis,user3141@streamflix-mail.com,Male,19,Toronto,Canada,2024-10-27
3142,Anika Rao,user3142@streamflix-mail.com,Female,31,Toronto,Canada,2026-05-23
3143,Kiara Gupta,user3143@streamflix-mail.com,Male,16,Manchester,United Kingdom,2025-09-02
3144,Liam Dubois,user3144@streamflix-mail.com,Female,16,Singapore,Singapore,2024-09-28
3145,Wei Rossi,user3145@streamflix-mail.com,Male,34,Manchester,United Kingdom,2025-05-19
3146,Liam Iyer,user3146@streamflix-mail.com,Female,67,Singapore,Singapore,2025-06-04
3147,Ava Wang,user3147@streamflix-mail.com,Male,23,Chicago,United States,2020-11-28
3148,Hana Smith,user3148@streamflix-mail.com,Male,51,Hyderabad,India,2023-06-17
3149,Valentina Garcia,user3149@streamflix-mail.com,Male,35,Delhi,India,2026-05-23
3150,Arjun Muller,user3150@streamflix-mail.com,Male,43,Berlin,Germany,2025-07-02
3151,Lucas Muller,user3151@streamflix-mail.com,Male,62,Los Angeles,United States,2019-10-16
3152,Ishaan Nair,user3152@streamflix-mail.com,Male,60,Kolkata,India,2019-11-02
3153,Ayaan Rao,user3153@streamflix-mail.com,Female,60,Chennai,India,2020-07-01
3154,Yuki Rossi,user3154@streamflix-mail.com,Other,36,Delhi,India,2024-07-23
3155,Aditya Andersen,user3155@streamflix-mail.com,Male,15,Berlin,Germany,2021-12-14
3156,Hana Gupta,user3156@streamflix-mail.com,Female,69,Delhi,India,2023-09-18
3157,Wei Muller,user3157@streamflix-mail.com,Male,69,Pune,India,2020-01-18
3158,Valentina Miller,user3158@streamflix-mail.com,Male,61,Chicago,United States,2019-06-13
3159,Ethan Lee,user3159@streamflix-mail.com,Male,40,New York,United States,2024-10-11
3160,Min Gupta,user3160@streamflix-mail.com,Male,28,Mumbai,India,2021-03-09
3161,Arjun Zhang,user3161@streamflix-mail.com,Male,22,Kolkata,India,2019-04-29
3162,Jin Zhang,user3162@streamflix-mail.com,Female,34,Dubai,United Arab Emirates,2020-08-14
3163,Reyansh Park,user3163@streamflix-mail.com,Female,32,Chennai,India,2021-06-03
3164,Aadhya Silva,user3164@streamflix-mail.com,Female,28,Seoul,South Korea,2022-01-14
3165,Sai Kowalski,user3165@streamflix-mail.com,Female,67,New York,United States,2025-09-21
3166,Anika Muller,user3166@streamflix-mail.com,Male,50,Mumbai,India,2020-06-27
3167,Mia Li,user3167@streamflix-mail.com,Female,25,Bengaluru,India,2023-07-13
3168,Ananya Tanaka,user3168@streamflix-mail.com,Male,49,Tokyo,Japan,2021-01-22
3169,Chen Zhang,user3169@streamflix-mail.com,Male,53,Los Angeles,United States,2022-09-26
3170,Noah Zhang,user3170@streamflix-mail.com,Male,42,Paris,France,2021-03-21
3171,Ava Wilson,user3171@streamflix-mail.com,Male,66,Dubai,United Arab Emirates,2021-07-31
3172,Lucia Silva,user3172@streamflix-mail.com,Female,68,Mumbai,India,2023-07-01
3173,Navya Gupta,user3173@streamflix-mail.com,Male,37,Kolkata,India,2023-06-03
3174,Myra Davis,user3174@streamflix-mail.com,Male,39,Singapore,Singapore,2020-01-05
3175,Valentina Brown,user3175@streamflix-mail.com,Female,25,Delhi,India,2020-03-04
3176,Liam Andersen,user3176@streamflix-mail.com,Other,57,Paris,France,2020-10-22
3177,Noah Gupta,user3177@streamflix-mail.com,Female,66,Hyderabad,India,2025-09-28
3178,Diya Park,user3178@streamflix-mail.com,Female,50,Dubai,United Arab Emirates,2021-05-18
3179,Krishna Nair,user3179@streamflix-mail.com,Female,24,Tokyo,Japan,2023-05-02
3180,Reyansh Dubois,user3180@streamflix-mail.com,Male,42,London,United Kingdom,2022-05-14
3181,Krishna Muller,user3181@streamflix-mail.com,Male,58,Tokyo,Japan,2021-08-27
3182,Ayaan Singh,user3182@streamflix-mail.com,Male,15,Seoul,South Korea,2019-04-15
3183,Mia Dubois,user3183@streamflix-mail.com,Male,46,Singapore,Singapore,2022-04-22
3184,Aditya Miller,user3184@streamflix-mail.com,Other,50,Singapore,Singapore,2026-06-28
3185,Ava Tanaka,user3185@streamflix-mail.com,Female,43,New York,United States,2026-01-20
3186,Lucia Wang,user3186@streamflix-mail.com,Other,49,Chennai,India,2021-04-02
3187,Wei Verma,user3187@streamflix-mail.com,Female,64,Seoul,South Korea,2022-12-30
3188,Anika Khan,user3188@streamflix-mail.com,Female,20,Pune,India,2021-02-25
3189,Aditya Brown,user3189@streamflix-mail.com,Female,45,Los Angeles,United States,2025-11-28
3190,Hana Khan,user3190@streamflix-mail.com,Female,58,London,United Kingdom,2023-02-28
3191,Aarav Reddy,user3191@streamflix-mail.com,Male,59,New York,United States,2025-11-24
3192,Sophia Tanaka,user3192@streamflix-mail.com,Male,39,New York,United States,2025-05-27
3193,Ethan Dubois,user3193@streamflix-mail.com,Female,69,Manchester,United Kingdom,2021-06-15
3194,Ayaan Garcia,user3194@streamflix-mail.com,Male,31,Kolkata,India,2022-06-04
3195,Mia Khan,user3195@streamflix-mail.com,Female,38,Paris,France,2023-04-09
3196,Ayaan Nair,user3196@streamflix-mail.com,Male,59,Hyderabad,India,2020-11-12
3197,Ishaan Andersen,user3197@streamflix-mail.com,Female,38,New York,United States,2025-03-26
3198,Chen Rao,user3198@streamflix-mail.com,Male,32,Tokyo,Japan,2023-03-30
3199,Valentina Sharma,user3199@streamflix-mail.com,Male,44,Chicago,United States,2020-07-21
3200,Ananya Johnson,user3200@streamflix-mail.com,Female,48,Singapore,Singapore,2022-08-15
3201,Sofia Garcia,user3201@streamflix-mail.com,Male,68,Toronto,Canada,2025-02-27
3202,Sofia Kim,user3202@streamflix-mail.com,Other,48,Kolkata,India,2022-03-04
3203,Wei Smith,user3203@streamflix-mail.com,Male,23,Singapore,Singapore,2024-04-28
3204,Sai Andersen,user3204@streamflix-mail.com,Male,16,Pune,India,2026-05-17
3205,Diya Park,user3205@streamflix-mail.com,Male,68,Singapore,Singapore,2021-07-06
3206,Sophia Tanaka,user3206@streamflix-mail.com,Female,37,Bengaluru,India,2026-06-19
3207,Valentina Johnson,user3207@streamflix-mail.com,Female,24,Sydney,Australia,2022-02-08
3208,Chen Park,user3208@streamflix-mail.com,Male,25,Bengaluru,India,2023-03-19
3209,Anika Smith,user3209@streamflix-mail.com,Male,19,Seoul,South Korea,2024-10-17
3210,Ishaan Zhang,user3210@streamflix-mail.com,Female,24,Toronto,Canada,2019-07-06
3211,Mateo Li,user3211@streamflix-mail.com,Female,57,Mumbai,India,2024-04-04
3212,Diya Rao,user3212@streamflix-mail.com,Male,50,Bengaluru,India,2023-04-02
3213,Myra Kowalski,user3213@streamflix-mail.com,Male,47,Hyderabad,India,2023-11-30
3214,Mateo Muller,user3214@streamflix-mail.com,Male,13,Paris,France,2026-02-20
3215,Liam Dubois,user3215@streamflix-mail.com,Male,51,Manchester,United Kingdom,2022-08-21
3216,Ananya Khan,user3216@streamflix-mail.com,Female,68,Chennai,India,2025-12-09
3217,Aarav Wang,user3217@streamflix-mail.com,Other,65,Chennai,India,2023-04-04
3218,Navya Reddy,user3218@streamflix-mail.com,Other,35,Mumbai,India,2020-08-13
3219,Valentina Reddy,user3219@streamflix-mail.com,Female,47,Pune,India,2023-11-22
3220,Navya Tanaka,user3220@streamflix-mail.com,Male,30,Seoul,South Korea,2020-06-04
3221,Sophia Iyer,user3221@streamflix-mail.com,Other,63,Manchester,United Kingdom,2025-09-28
3222,Ananya Muller,user3222@streamflix-mail.com,Male,65,New York,United States,2020-02-21
3223,Yuki Brown,user3223@streamflix-mail.com,Male,25,Mumbai,India,2022-09-27
3224,Yuki Rao,user3224@streamflix-mail.com,Female,40,Kolkata,India,2025-02-22
3225,Noah Gupta,user3225@streamflix-mail.com,Male,26,New York,United States,2019-01-26
3226,Wei Zhang,user3226@streamflix-mail.com,Female,48,Bengaluru,India,2022-09-03
3227,Olivia Wang,user3227@streamflix-mail.com,Other,29,Toronto,Canada,2022-10-18
3228,Ira Miller,user3228@streamflix-mail.com,Female,52,Sydney,Australia,2021-07-14
3229,Mia Rossi,user3229@streamflix-mail.com,Female,68,Paris,France,2024-01-17
3230,Hana Rao,user3230@streamflix-mail.com,Male,62,New York,United States,2021-06-08
3231,Hana Wilson,user3231@streamflix-mail.com,Male,23,Chennai,India,2021-10-22
3232,Krishna Patel,user3232@streamflix-mail.com,Female,20,Tokyo,Japan,2021-01-24
3233,Sophia Lee,user3233@streamflix-mail.com,Female,59,New York,United States,2023-09-06
3234,Aarav Iyer,user3234@streamflix-mail.com,Female,17,Toronto,Canada,2025-08-13
3235,Liam Miller,user3235@streamflix-mail.com,Male,35,Singapore,Singapore,2020-05-01
3236,Liam Wilson,user3236@streamflix-mail.com,Male,69,Seoul,South Korea,2022-01-26
3237,Sara Wilson,user3237@streamflix-mail.com,Male,38,Kolkata,India,2020-09-10
3238,Valentina Garcia,user3238@streamflix-mail.com,Female,13,Toronto,Canada,2020-10-30
3239,Jin Park,user3239@streamflix-mail.com,Female,68,Bengaluru,India,2026-04-14
3240,Vivaan Davis,user3240@streamflix-mail.com,Other,53,Dubai,United Arab Emirates,2024-04-29
3241,Krishna Patel,user3241@streamflix-mail.com,Male,31,Mumbai,India,2026-01-29
3242,Krishna Khan,user3242@streamflix-mail.com,Female,47,Sydney,Australia,2023-10-06
3243,Jin Park,user3243@streamflix-mail.com,Male,47,Pune,India,2023-12-30
3244,James Kowalski,user3244@streamflix-mail.com,Male,44,Chicago,United States,2024-05-12
3245,Mia Li,user3245@streamflix-mail.com,Male,67,Delhi,India,2023-11-23
3246,Chen Park,user3246@streamflix-mail.com,Female,57,Sydney,Australia,2025-02-28
3247,Wei Andersen,user3247@streamflix-mail.com,Male,27,Chicago,United States,2021-06-11
3248,Vihaan Dubois,user3248@streamflix-mail.com,Male,69,Sydney,Australia,2019-10-05
3249,Sai Davis,user3249@streamflix-mail.com,Female,67,Kolkata,India,2022-08-30
3250,Ira Reddy,user3250@streamflix-mail.com,Female,15,Mumbai,India,2019-01-06
3251,Myra Park,user3251@streamflix-mail.com,Male,29,Manchester,United Kingdom,2019-05-10
3252,Mia Kim,user3252@streamflix-mail.com,Male,48,Sydney,Australia,2019-05-19
3253,Reyansh Patel,user3253@streamflix-mail.com,Female,63,Sydney,Australia,2019-07-31
3254,Sara Muller,user3254@streamflix-mail.com,Female,53,Chennai,India,2024-04-19
3255,Ishaan Dubois,user3255@streamflix-mail.com,Female,45,Singapore,Singapore,2023-06-25
3256,Ayaan Rao,user3256@streamflix-mail.com,Male,30,London,United Kingdom,2026-01-02
3257,Reyansh Miller,user3257@streamflix-mail.com,Female,18,Pune,India,2021-03-04
3258,Ayaan Nair,user3258@streamflix-mail.com,Female,63,Bengaluru,India,2021-06-25
3259,Liam Nair,user3259@streamflix-mail.com,Male,43,Kolkata,India,2022-09-03
3260,Anika Singh,user3260@streamflix-mail.com,Male,39,Mumbai,India,2024-11-08
3261,Navya Smith,user3261@streamflix-mail.com,Other,68,Singapore,Singapore,2025-12-23
3262,Aarohi Patel,user3262@streamflix-mail.com,Male,22,Mumbai,India,2024-06-19
3263,Mia Iyer,user3263@streamflix-mail.com,Female,27,Mumbai,India,2022-10-20
3264,Min Garcia,user3264@streamflix-mail.com,Female,61,Hyderabad,India,2026-05-01
3265,Emma Kim,user3265@streamflix-mail.com,Male,29,Kolkata,India,2020-05-11
3266,Ava Rao,user3266@streamflix-mail.com,Female,66,Mumbai,India,2022-07-13
3267,Mia Wilson,user3267@streamflix-mail.com,Male,61,Toronto,Canada,2020-11-06
3268,Sophia Patel,user3268@streamflix-mail.com,Female,18,Bengaluru,India,2020-03-30
3269,Sai Wang,user3269@streamflix-mail.com,Female,39,Tokyo,Japan,2021-12-21
3270,Valentina Park,user3270@streamflix-mail.com,Female,55,Manchester,United Kingdom,2024-09-26
3271,Reyansh Kowalski,user3271@streamflix-mail.com,Male,40,Delhi,India,2021-05-26
3272,Anika Verma,user3272@streamflix-mail.com,Female,25,Los Angeles,United States,2025-02-19
3273,Ethan Muller,user3273@streamflix-mail.com,Female,15,Bengaluru,India,2023-07-31
3274,Anika Smith,user3274@streamflix-mail.com,Female,13,Paris,France,2024-04-20
3275,Ishaan Verma,user3275@streamflix-mail.com,Female,23,Manchester,United Kingdom,2020-10-27
3276,Sofia Zhang,user3276@streamflix-mail.com,Male,27,Tokyo,Japan,2025-06-21
3277,Aditya Nair,user3277@streamflix-mail.com,Female,30,New York,United States,2020-07-11
3278,Ishaan Nair,user3278@streamflix-mail.com,Male,61,Bengaluru,India,2021-10-13
3279,Valentina Tanaka,user3279@streamflix-mail.com,Male,41,Pune,India,2024-11-14
3280,Mia Khan,user3280@streamflix-mail.com,Female,21,Los Angeles,United States,2024-03-05
3281,Vihaan Wilson,user3281@streamflix-mail.com,Female,17,Dubai,United Arab Emirates,2021-03-30
3282,Wei Khan,user3282@streamflix-mail.com,Other,20,Los Angeles,United States,2020-12-23
3283,Mateo Reddy,user3283@streamflix-mail.com,Male,30,Berlin,Germany,2022-03-31
3284,Vihaan Sharma,user3284@streamflix-mail.com,Male,55,New York,United States,2022-05-07
3285,Anika Sharma,user3285@streamflix-mail.com,Female,15,Pune,India,2019-06-12
3286,Kiara Miller,user3286@streamflix-mail.com,Male,36,Chicago,United States,2020-10-25
3287,Sai Garcia,user3287@streamflix-mail.com,Female,38,Bengaluru,India,2020-02-28
3288,Krishna Verma,user3288@streamflix-mail.com,Female,21,Sydney,Australia,2020-02-28
3289,Reyansh Smith,user3289@streamflix-mail.com,Male,16,Bengaluru,India,2021-08-25
3290,Ayaan Patel,user3290@streamflix-mail.com,Male,26,Toronto,Canada,2019-04-09
3291,Anika Lee,user3291@streamflix-mail.com,Male,21,New York,United States,2024-01-28
3292,Kiara Tanaka,user3292@streamflix-mail.com,Female,58,New York,United States,2024-01-13
3293,Ishaan Zhang,user3293@streamflix-mail.com,Female,65,Toronto,Canada,2020-08-26
3294,Diya Andersen,user3294@streamflix-mail.com,Male,48,Singapore,Singapore,2025-07-24
3295,Ayaan Nair,user3295@streamflix-mail.com,Male,56,Berlin,Germany,2023-06-14
3296,Yuki Khan,user3296@streamflix-mail.com,Male,56,Chennai,India,2021-05-10
3297,Krishna Li,user3297@streamflix-mail.com,Male,63,Tokyo,Japan,2020-06-15
3298,Sofia Rao,user3298@streamflix-mail.com,Female,18,Tokyo,Japan,2022-03-21
3299,Emma Muller,user3299@streamflix-mail.com,Female,69,Paris,France,2026-03-13
3300,Chen Garcia,user3300@streamflix-mail.com,Male,39,Paris,France,2019-01-10
3301,Ava Khan,user3301@streamflix-mail.com,Female,43,Dubai,United Arab Emirates,2019-02-25
3302,Ananya Muller,user3302@streamflix-mail.com,Male,58,Chennai,India,2022-02-04
3303,Noah Wilson,user3303@streamflix-mail.com,Male,41,Sydney,Australia,2025-11-21
3304,Ananya Rossi,user3304@streamflix-mail.com,Female,28,Dubai,United Arab Emirates,2021-02-09
3305,Arjun Garcia,user3305@streamflix-mail.com,Male,14,Chennai,India,2024-08-08
3306,Ananya Reddy,user3306@streamflix-mail.com,Male,22,Tokyo,Japan,2023-04-22
3307,Diya Zhang,user3307@streamflix-mail.com,Female,17,Singapore,Singapore,2020-06-29
3308,Sai Reddy,user3308@streamflix-mail.com,Female,34,Chicago,United States,2025-10-23
3309,Aarav Park,user3309@streamflix-mail.com,Male,57,Seoul,South Korea,2020-03-23
3310,Lucia Brown,user3310@streamflix-mail.com,Female,32,Delhi,India,2022-10-17
3311,James Silva,user3311@streamflix-mail.com,Male,47,Sydney,Australia,2023-12-20
3312,Anika Dubois,user3312@streamflix-mail.com,Female,23,Dubai,United Arab Emirates,2024-01-24
3313,Lucia Brown,user3313@streamflix-mail.com,Male,46,Mumbai,India,2025-05-28
3314,Krishna Dubois,user3314@streamflix-mail.com,Female,67,Los Angeles,United States,2024-04-15
3315,Anika Reddy,user3315@streamflix-mail.com,Male,30,London,United Kingdom,2023-12-05
3316,Hana Reddy,user3316@streamflix-mail.com,Female,40,Pune,India,2020-02-22
3317,Ava Tanaka,user3317@streamflix-mail.com,Female,67,Seoul,South Korea,2021-04-19
3318,Ira Lee,user3318@streamflix-mail.com,Male,47,Toronto,Canada,2021-08-06
3319,Ananya Garcia,user3319@streamflix-mail.com,Female,35,Chennai,India,2021-10-12
3320,Vivaan Iyer,user3320@streamflix-mail.com,Male,19,Los Angeles,United States,2019-11-06
3321,Vihaan Patel,user3321@streamflix-mail.com,Female,66,Bengaluru,India,2019-09-18
3322,Reyansh Zhang,user3322@streamflix-mail.com,Male,47,Delhi,India,2022-04-21
3323,Yuki Rossi,user3323@streamflix-mail.com,Male,16,Singapore,Singapore,2024-06-02
3324,Ava Andersen,user3324@streamflix-mail.com,Female,44,Paris,France,2025-08-26
3325,Navya Brown,user3325@streamflix-mail.com,Male,68,Chennai,India,2026-01-18
3326,Yuki Garcia,user3326@streamflix-mail.com,Female,66,Pune,India,2022-08-09
3327,Reyansh Iyer,user3327@streamflix-mail.com,Female,24,Sydney,Australia,2025-09-25
3328,Krishna Gupta,user3328@streamflix-mail.com,Male,36,London,United Kingdom,2022-06-02
3329,Ira Garcia,user3329@streamflix-mail.com,Male,69,Bengaluru,India,2022-07-20
3330,Sofia Lee,user3330@streamflix-mail.com,Female,57,Sydney,Australia,2020-07-27
3331,Noah Reddy,user3331@streamflix-mail.com,Female,44,Pune,India,2023-09-16
3332,Min Brown,user3332@streamflix-mail.com,Male,30,Bengaluru,India,2021-04-29
3333,Ishaan Park,user3333@streamflix-mail.com,Male,56,Chicago,United States,2022-08-20
3334,Hana Rossi,user3334@streamflix-mail.com,Female,45,Singapore,Singapore,2026-01-08
3335,Aditya Kowalski,user3335@streamflix-mail.com,Female,42,London,United Kingdom,2023-02-05
3336,Ishaan Smith,user3336@streamflix-mail.com,Female,65,Toronto,Canada,2021-04-09
3337,James Johnson,user3337@streamflix-mail.com,Male,34,Pune,India,2024-01-10
3338,Aditya Dubois,user3338@streamflix-mail.com,Female,48,Chicago,United States,2024-06-25
3339,Min Zhang,user3339@streamflix-mail.com,Female,15,Singapore,Singapore,2023-07-20
3340,Min Patel,user3340@streamflix-mail.com,Male,53,London,United Kingdom,2019-04-26
3341,Emma Zhang,user3341@streamflix-mail.com,Male,44,Pune,India,2020-09-11
3342,Aadhya Iyer,user3342@streamflix-mail.com,Male,62,Paris,France,2019-12-18
3343,Vihaan Garcia,user3343@streamflix-mail.com,Female,31,Delhi,India,2026-03-01
3344,Noah Rao,user3344@streamflix-mail.com,Male,65,Berlin,Germany,2021-05-02
3345,Emma Tanaka,user3345@streamflix-mail.com,Female,45,Singapore,Singapore,2022-07-22
3346,Wei Verma,user3346@streamflix-mail.com,Female,24,Bengaluru,India,2025-10-04
3347,Noah Muller,user3347@streamflix-mail.com,Male,22,Chennai,India,2026-06-07
3348,Sai Patel,user3348@streamflix-mail.com,Female,24,New York,United States,2020-08-23
3349,Arjun Verma,user3349@streamflix-mail.com,Female,30,Paris,France,2025-06-10
3350,Yuki Park,user3350@streamflix-mail.com,Male,44,London,United Kingdom,2024-06-12
3351,Reyansh Zhang,user3351@streamflix-mail.com,Female,62,Chennai,India,2023-08-09
3352,Lucia Iyer,user3352@streamflix-mail.com,Female,69,Berlin,Germany,2020-04-03
3353,Arjun Verma,user3353@streamflix-mail.com,Male,51,Bengaluru,India,2024-03-07
3354,Mia Reddy,user3354@streamflix-mail.com,Female,40,Tokyo,Japan,2023-08-05
3355,Valentina Brown,user3355@streamflix-mail.com,Female,47,Tokyo,Japan,2022-05-06
3356,Navya Reddy,user3356@streamflix-mail.com,Male,31,New York,United States,2023-05-26
3357,Aditya Wang,user3357@streamflix-mail.com,Other,26,Mumbai,India,2020-07-30
3358,Jin Gupta,user3358@streamflix-mail.com,Female,43,Seoul,South Korea,2023-08-30
3359,Ayaan Silva,user3359@streamflix-mail.com,Female,60,Paris,France,2020-02-24
3360,Emma Dubois,user3360@streamflix-mail.com,Male,16,New York,United States,2021-02-22
3361,Valentina Wang,user3361@streamflix-mail.com,Male,19,Hyderabad,India,2022-09-17
3362,Mia Kowalski,user3362@streamflix-mail.com,Male,23,Chennai,India,2020-03-19
3363,Vivaan Kowalski,user3363@streamflix-mail.com,Female,24,Bengaluru,India,2025-11-06
3364,Chen Verma,user3364@streamflix-mail.com,Female,21,Toronto,Canada,2025-08-24
3365,Reyansh Smith,user3365@streamflix-mail.com,Female,20,London,United Kingdom,2022-07-22
3366,Mia Li,user3366@streamflix-mail.com,Male,14,New York,United States,2023-04-09
3367,Noah Smith,user3367@streamflix-mail.com,Female,32,Sydney,Australia,2021-03-09
3368,Diya Li,user3368@streamflix-mail.com,Female,54,Toronto,Canada,2020-08-03
3369,Anika Silva,user3369@streamflix-mail.com,Female,21,Mumbai,India,2026-03-16
3370,Arjun Tanaka,user3370@streamflix-mail.com,Female,31,Los Angeles,United States,2022-02-05
3371,Valentina Rao,user3371@streamflix-mail.com,Female,68,Seoul,South Korea,2026-02-23
3372,Ishaan Smith,user3372@streamflix-mail.com,Male,22,Dubai,United Arab Emirates,2019-07-03
3373,Aadhya Sharma,user3373@streamflix-mail.com,Female,69,Seoul,South Korea,2019-10-20
3374,James Patel,user3374@streamflix-mail.com,Other,42,Paris,France,2022-07-25
3375,Ethan Patel,user3375@streamflix-mail.com,Female,54,Delhi,India,2024-11-10
3376,James Garcia,user3376@streamflix-mail.com,Male,31,Chennai,India,2022-03-06
3377,James Brown,user3377@streamflix-mail.com,Other,31,Chicago,United States,2025-04-18
3378,Olivia Muller,user3378@streamflix-mail.com,Male,35,London,United Kingdom,2019-12-30
3379,Min Silva,user3379@streamflix-mail.com,Male,20,Dubai,United Arab Emirates,2025-06-02
3380,Ira Wang,user3380@streamflix-mail.com,Male,30,Singapore,Singapore,2022-05-01
3381,Hana Sharma,user3381@streamflix-mail.com,Male,63,Singapore,Singapore,2021-02-19
3382,Yuki Miller,user3382@streamflix-mail.com,Male,13,Hyderabad,India,2023-10-18
3383,Mateo Wang,user3383@streamflix-mail.com,Female,45,Sydney,Australia,2024-11-01
3384,Sofia Singh,user3384@streamflix-mail.com,Female,52,Dubai,United Arab Emirates,2025-12-17
3385,Yuki Brown,user3385@streamflix-mail.com,Male,21,Dubai,United Arab Emirates,2019-08-28
3386,Ishaan Wang,user3386@streamflix-mail.com,Female,19,Manchester,United Kingdom,2024-04-09
3387,Wei Silva,user3387@streamflix-mail.com,Female,44,Delhi,India,2021-05-11
3388,Mia Muller,user3388@streamflix-mail.com,Female,25,Bengaluru,India,2022-10-07
3389,Diya Brown,user3389@streamflix-mail.com,Male,68,Singapore,Singapore,2022-06-18
3390,Sophia Johnson,user3390@streamflix-mail.com,Male,23,Seoul,South Korea,2024-10-09
3391,Ananya Johnson,user3391@streamflix-mail.com,Female,20,Tokyo,Japan,2021-12-26
3392,James Zhang,user3392@streamflix-mail.com,Female,31,Los Angeles,United States,2021-02-05
3393,Yuki Brown,user3393@streamflix-mail.com,Female,31,Manchester,United Kingdom,2022-08-27
3394,Ayaan Brown,user3394@streamflix-mail.com,Male,22,Hyderabad,India,2024-01-06
3395,Myra Nair,user3395@streamflix-mail.com,Female,50,Manchester,United Kingdom,2025-05-06
3396,Yuki Miller,user3396@streamflix-mail.com,Female,32,Hyderabad,India,2019-01-14
3397,Kiara Singh,user3397@streamflix-mail.com,Female,43,Dubai,United Arab Emirates,2023-04-06
3398,Mateo Davis,user3398@streamflix-mail.com,Female,26,Dubai,United Arab Emirates,2019-07-18
3399,Aarav Dubois,user3399@streamflix-mail.com,Female,18,Delhi,India,2023-08-25
3400,Lucas Silva,user3400@streamflix-mail.com,Female,16,Berlin,Germany,2023-09-06
3401,Chen Miller,user3401@streamflix-mail.com,Female,16,Dubai,United Arab Emirates,2025-05-30
3402,Sofia Tanaka,user3402@streamflix-mail.com,Female,62,New York,United States,2020-06-11
3403,Reyansh Tanaka,user3403@streamflix-mail.com,Female,28,Chicago,United States,2024-12-15
3404,Valentina Garcia,user3404@streamflix-mail.com,Male,30,Delhi,India,2024-02-29
3405,Ira Li,user3405@streamflix-mail.com,Female,46,Berlin,Germany,2023-12-27
3406,Sara Smith,user3406@streamflix-mail.com,Female,18,Bengaluru,India,2023-10-10
3407,Sara Dubois,user3407@streamflix-mail.com,Female,47,Berlin,Germany,2023-02-13
3408,Ava Johnson,user3408@streamflix-mail.com,Male,42,Sydney,Australia,2019-06-24
3409,Ethan Singh,user3409@streamflix-mail.com,Female,58,Berlin,Germany,2025-02-04
3410,Kiara Iyer,user3410@streamflix-mail.com,Female,20,New York,United States,2021-12-10
3411,Aditya Muller,user3411@streamflix-mail.com,Male,13,Seoul,South Korea,2019-10-14
3412,Valentina Patel,user3412@streamflix-mail.com,Male,57,Los Angeles,United States,2023-08-06
3413,Krishna Rossi,user3413@streamflix-mail.com,Male,34,New York,United States,2026-02-06
3414,Vihaan Gupta,user3414@streamflix-mail.com,Other,16,Kolkata,India,2024-05-07
3415,Olivia Davis,user3415@streamflix-mail.com,Female,44,Paris,France,2020-11-04
3416,Anika Brown,user3416@streamflix-mail.com,Female,39,Chicago,United States,2025-02-12
3417,Noah Garcia,user3417@streamflix-mail.com,Male,67,Chicago,United States,2025-05-07
3418,Jin Nair,user3418@streamflix-mail.com,Female,66,Toronto,Canada,2021-06-23
3419,Vihaan Gupta,user3419@streamflix-mail.com,Female,43,Manchester,United Kingdom,2022-12-02
3420,Diya Smith,user3420@streamflix-mail.com,Other,22,London,United Kingdom,2025-04-09
3421,James Miller,user3421@streamflix-mail.com,Male,55,New York,United States,2020-03-07
3422,Yuki Silva,user3422@streamflix-mail.com,Male,24,Hyderabad,India,2021-08-27
3423,Noah Garcia,user3423@streamflix-mail.com,Female,60,Paris,France,2022-06-03
3424,Ira Singh,user3424@streamflix-mail.com,Male,47,Chicago,United States,2019-01-20
3425,Noah Singh,user3425@streamflix-mail.com,Female,33,Paris,France,2020-04-02
3426,Valentina Kim,user3426@streamflix-mail.com,Female,68,Chicago,United States,2023-07-29
3427,Aarohi Garcia,user3427@streamflix-mail.com,Male,42,Manchester,United Kingdom,2020-12-22
3428,Jin Andersen,user3428@streamflix-mail.com,Male,34,London,United Kingdom,2020-10-23
3429,Yuki Garcia,user3429@streamflix-mail.com,Female,23,Paris,France,2021-03-21
3430,Aadhya Lee,user3430@streamflix-mail.com,Female,49,Bengaluru,India,2019-12-07
3431,Ishaan Verma,user3431@streamflix-mail.com,Female,28,London,United Kingdom,2023-10-10
3432,Wei Nair,user3432@streamflix-mail.com,Male,21,Hyderabad,India,2020-12-08
3433,Krishna Muller,user3433@streamflix-mail.com,Female,19,Seoul,South Korea,2023-11-20
3434,Myra Smith,user3434@streamflix-mail.com,Male,49,London,United Kingdom,2025-03-16
3435,Ishaan Brown,user3435@streamflix-mail.com,Female,65,Berlin,Germany,2022-08-03
3436,Noah Lee,user3436@streamflix-mail.com,Female,27,Chennai,India,2025-11-07
3437,Diya Verma,user3437@streamflix-mail.com,Male,25,Hyderabad,India,2020-06-21
3438,Ethan Davis,user3438@streamflix-mail.com,Female,47,Toronto,Canada,2026-03-18
3439,Lucia Smith,user3439@streamflix-mail.com,Female,21,Bengaluru,India,2021-05-31
3440,Hana Iyer,user3440@streamflix-mail.com,Male,18,New York,United States,2021-04-09
3441,Lucia Brown,user3441@streamflix-mail.com,Female,49,Kolkata,India,2026-05-05
3442,Aarav Garcia,user3442@streamflix-mail.com,Female,42,Pune,India,2022-06-02
3443,Kiara Nair,user3443@streamflix-mail.com,Female,14,Bengaluru,India,2024-08-08
3444,Krishna Wilson,user3444@streamflix-mail.com,Male,26,Sydney,Australia,2025-01-06
3445,Sofia Li,user3445@streamflix-mail.com,Female,24,Dubai,United Arab Emirates,2022-05-12
3446,Lucas Patel,user3446@streamflix-mail.com,Male,51,New York,United States,2021-05-20
3447,Aadhya Kowalski,user3447@streamflix-mail.com,Female,50,Chennai,India,2022-09-07
3448,Liam Kim,user3448@streamflix-mail.com,Female,55,Hyderabad,India,2021-11-20
3449,Noah Silva,user3449@streamflix-mail.com,Male,18,Sydney,Australia,2022-02-14
3450,Aarohi Gupta,user3450@streamflix-mail.com,Male,61,Tokyo,Japan,2020-10-11
3451,Kiara Silva,user3451@streamflix-mail.com,Female,24,London,United Kingdom,2025-11-09
3452,Aditya Smith,user3452@streamflix-mail.com,Male,69,Los Angeles,United States,2023-04-17
3453,Kiara Wang,user3453@streamflix-mail.com,Female,62,Toronto,Canada,2024-12-21
3454,Myra Rossi,user3454@streamflix-mail.com,Female,39,Berlin,Germany,2023-12-11
3455,Chen Singh,user3455@streamflix-mail.com,Female,57,Paris,France,2021-08-24
3456,Min Singh,user3456@streamflix-mail.com,Male,51,Hyderabad,India,2021-05-21
3457,Wei Verma,user3457@streamflix-mail.com,Male,57,Chicago,United States,2026-05-13
3458,Vivaan Kim,user3458@streamflix-mail.com,Male,14,Seoul,South Korea,2019-03-08
3459,Hana Silva,user3459@streamflix-mail.com,Female,17,Toronto,Canada,2021-03-18
3460,Ira Brown,user3460@streamflix-mail.com,Other,64,Tokyo,Japan,2024-07-07
3461,Anika Iyer,user3461@streamflix-mail.com,Female,57,Paris,France,2023-02-03
3462,Lucia Rao,user3462@streamflix-mail.com,Male,48,Bengaluru,India,2023-08-16
3463,Min Brown,user3463@streamflix-mail.com,Male,30,Toronto,Canada,2019-03-01
3464,Aditya Andersen,user3464@streamflix-mail.com,Male,37,London,United Kingdom,2020-08-22
3465,Sara Reddy,user3465@streamflix-mail.com,Other,35,Chennai,India,2023-06-30
3466,Mia Smith,user3466@streamflix-mail.com,Male,37,Sydney,Australia,2021-05-11
3467,Emma Park,user3467@streamflix-mail.com,Male,48,Bengaluru,India,2022-07-12
3468,Ananya Singh,user3468@streamflix-mail.com,Female,56,Chicago,United States,2026-03-05
3469,James Dubois,user3469@streamflix-mail.com,Female,34,Los Angeles,United States,2023-10-14
3470,Min Andersen,user3470@streamflix-mail.com,Male,60,New York,United States,2023-09-22
3471,Krishna Johnson,user3471@streamflix-mail.com,Female,18,Toronto,Canada,2020-06-21
3472,Mia Li,user3472@streamflix-mail.com,Male,59,Berlin,Germany,2023-06-19
3473,Mia Li,user3473@streamflix-mail.com,Male,51,Berlin,Germany,2026-03-13
3474,Jin Zhang,user3474@streamflix-mail.com,Male,42,Singapore,Singapore,2023-10-18
3475,Diya Nair,user3475@streamflix-mail.com,Male,34,Kolkata,India,2024-11-19
3476,Krishna Verma,user3476@streamflix-mail.com,Other,34,Paris,France,2026-02-26
3477,Emma Smith,user3477@streamflix-mail.com,Female,33,Paris,France,2025-10-03
3478,Emma Reddy,user3478@streamflix-mail.com,Female,66,Tokyo,Japan,2021-07-19
3479,Anika Patel,user3479@streamflix-mail.com,Male,14,Seoul,South Korea,2021-03-20
3480,Yuki Park,user3480@streamflix-mail.com,Female,49,Tokyo,Japan,2021-02-08
3481,Yuki Lee,user3481@streamflix-mail.com,Other,69,Dubai,United Arab Emirates,2024-10-09
3482,Ishaan Khan,user3482@streamflix-mail.com,Male,43,Singapore,Singapore,2021-10-28
3483,Yuki Sharma,user3483@streamflix-mail.com,Other,49,Toronto,Canada,2025-03-02
3484,Ishaan Khan,user3484@streamflix-mail.com,Female,47,Toronto,Canada,2025-01-01
3485,Anika Garcia,user3485@streamflix-mail.com,Female,41,New York,United States,2023-12-29
3486,Vivaan Silva,user3486@streamflix-mail.com,Male,48,Seoul,South Korea,2019-11-28
3487,Myra Smith,user3487@streamflix-mail.com,Female,64,Toronto,Canada,2024-05-03
3488,Mateo Patel,user3488@streamflix-mail.com,Female,53,Toronto,Canada,2020-07-20
3489,Navya Wilson,user3489@streamflix-mail.com,Female,61,Singapore,Singapore,2023-02-22
3490,Lucas Gupta,user3490@streamflix-mail.com,Female,44,Delhi,India,2020-09-16
3491,Arjun Khan,user3491@streamflix-mail.com,Male,57,Berlin,Germany,2019-06-19
3492,Ava Verma,user3492@streamflix-mail.com,Female,62,Manchester,United Kingdom,2023-10-09
3493,Sara Davis,user3493@streamflix-mail.com,Female,25,Berlin,Germany,2022-05-20
3494,Mia Garcia,user3494@streamflix-mail.com,Female,62,Bengaluru,India,2023-10-23
3495,Lucia Lee,user3495@streamflix-mail.com,Male,52,Pune,India,2022-09-05
3496,Emma Kim,user3496@streamflix-mail.com,Male,38,Berlin,Germany,2021-10-15
3497,Arjun Johnson,user3497@streamflix-mail.com,Male,57,Sydney,Australia,2019-02-12
3498,Aarohi Dubois,user3498@streamflix-mail.com,Male,22,Toronto,Canada,2021-01-26
3499,Arjun Andersen,user3499@streamflix-mail.com,Other,52,Los Angeles,United States,2025-08-07
3500,Navya Reddy,user3500@streamflix-mail.com,Male,45,Manchester,United Kingdom,2024-08-28
3501,Aditya Andersen,user3501@streamflix-mail.com,Female,63,London,United Kingdom,2022-06-24
3502,Ava Nair,user3502@streamflix-mail.com,Female,48,Hyderabad,India,2019-03-28
3503,Aadhya Singh,user3503@streamflix-mail.com,Female,42,Manchester,United Kingdom,2026-05-20
3504,Krishna Davis,user3504@streamflix-mail.com,Male,42,London,United Kingdom,2024-07-15
3505,Aarav Sharma,user3505@streamflix-mail.com,Female,44,Kolkata,India,2019-03-02
3506,Jin Smith,user3506@streamflix-mail.com,Female,63,Kolkata,India,2020-07-29
3507,Hana Nair,user3507@streamflix-mail.com,Female,57,Dubai,United Arab Emirates,2020-04-10
3508,Chen Miller,user3508@streamflix-mail.com,Male,18,Sydney,Australia,2025-10-07
3509,Aditya Rossi,user3509@streamflix-mail.com,Female,43,Chicago,United States,2026-02-26
3510,Myra Andersen,user3510@streamflix-mail.com,Male,29,Toronto,Canada,2022-02-06
3511,Mateo Khan,user3511@streamflix-mail.com,Female,22,Pune,India,2020-05-02
3512,Olivia Wilson,user3512@streamflix-mail.com,Male,62,Chicago,United States,2023-10-25
3513,Sai Miller,user3513@streamflix-mail.com,Male,61,Manchester,United Kingdom,2021-01-16
3514,Sai Brown,user3514@streamflix-mail.com,Female,66,Chennai,India,2019-11-28
3515,Ananya Kim,user3515@streamflix-mail.com,Male,35,Hyderabad,India,2020-12-10
3516,Mateo Tanaka,user3516@streamflix-mail.com,Female,37,London,United Kingdom,2020-11-26
3517,Reyansh Brown,user3517@streamflix-mail.com,Female,57,Berlin,Germany,2019-05-27
3518,Sofia Verma,user3518@streamflix-mail.com,Male,23,Chicago,United States,2024-04-02
3519,Sophia Andersen,user3519@streamflix-mail.com,Male,16,Berlin,Germany,2021-08-22
3520,Sofia Andersen,user3520@streamflix-mail.com,Male,36,Seoul,South Korea,2023-02-15
3521,Hana Rao,user3521@streamflix-mail.com,Female,48,Singapore,Singapore,2023-02-16
3522,Myra Davis,user3522@streamflix-mail.com,Female,39,Seoul,South Korea,2024-10-10
3523,Hana Muller,user3523@streamflix-mail.com,Male,25,Los Angeles,United States,2024-09-18
3524,Reyansh Davis,user3524@streamflix-mail.com,Female,42,Dubai,United Arab Emirates,2023-03-23
3525,Diya Miller,user3525@streamflix-mail.com,Male,66,Bengaluru,India,2025-04-13
3526,Krishna Andersen,user3526@streamflix-mail.com,Female,28,Kolkata,India,2023-04-08
3527,Sai Rossi,user3527@streamflix-mail.com,Female,35,Manchester,United Kingdom,2019-03-13
3528,Vihaan Davis,user3528@streamflix-mail.com,Male,30,Mumbai,India,2025-06-07
3529,Ayaan Iyer,user3529@streamflix-mail.com,Female,29,Dubai,United Arab Emirates,2024-10-07
3530,Arjun Garcia,user3530@streamflix-mail.com,Male,50,Berlin,Germany,2022-03-08
3531,Ira Zhang,user3531@streamflix-mail.com,Female,34,Bengaluru,India,2021-11-24
3532,Aditya Patel,user3532@streamflix-mail.com,Female,48,Paris,France,2025-09-16
3533,Aditya Wilson,user3533@streamflix-mail.com,Other,14,Delhi,India,2022-03-11
3534,Valentina Park,user3534@streamflix-mail.com,Female,50,Bengaluru,India,2021-10-16
3535,Vihaan Gupta,user3535@streamflix-mail.com,Female,19,Dubai,United Arab Emirates,2024-06-28
3536,Aditya Lee,user3536@streamflix-mail.com,Male,34,Sydney,Australia,2021-06-18
3537,Vivaan Li,user3537@streamflix-mail.com,Female,62,Berlin,Germany,2022-01-10
3538,Sai Khan,user3538@streamflix-mail.com,Male,32,Los Angeles,United States,2024-11-04
3539,Emma Wilson,user3539@streamflix-mail.com,Female,52,Manchester,United Kingdom,2020-09-03
3540,Hana Wang,user3540@streamflix-mail.com,Male,33,Bengaluru,India,2019-02-01
3541,Mia Verma,user3541@streamflix-mail.com,Other,64,Sydney,Australia,2021-07-10
3542,Olivia Park,user3542@streamflix-mail.com,Female,67,Paris,France,2020-04-16
3543,Vihaan Singh,user3543@streamflix-mail.com,Male,64,Manchester,United Kingdom,2021-09-17
3544,Wei Johnson,user3544@streamflix-mail.com,Female,35,Berlin,Germany,2019-07-16
3545,Vivaan Park,user3545@streamflix-mail.com,Female,31,New York,United States,2023-06-02
3546,Ava Sharma,user3546@streamflix-mail.com,Male,47,Paris,France,2022-11-03
3547,Anika Sharma,user3547@streamflix-mail.com,Female,59,London,United Kingdom,2021-01-15
3548,Jin Garcia,user3548@streamflix-mail.com,Female,42,Bengaluru,India,2023-09-16
3549,Aadhya Kowalski,user3549@streamflix-mail.com,Female,55,New York,United States,2020-01-31
3550,Ava Sharma,user3550@streamflix-mail.com,Male,62,Chicago,United States,2019-01-29
3551,Navya Silva,user3551@streamflix-mail.com,Female,55,Delhi,India,2022-07-29
3552,James Gupta,user3552@streamflix-mail.com,Male,34,Seoul,South Korea,2020-03-18
3553,Lucia Miller,user3553@streamflix-mail.com,Female,27,Pune,India,2025-06-01
3554,Lucas Brown,user3554@streamflix-mail.com,Male,37,Sydney,Australia,2021-04-08
3555,Anika Miller,user3555@streamflix-mail.com,Male,45,Berlin,Germany,2022-03-19
3556,Navya Gupta,user3556@streamflix-mail.com,Male,61,Los Angeles,United States,2021-03-16
3557,Lucas Li,user3557@streamflix-mail.com,Male,30,Toronto,Canada,2022-04-02
3558,Myra Patel,user3558@streamflix-mail.com,Female,22,London,United Kingdom,2019-09-23
3559,Reyansh Silva,user3559@streamflix-mail.com,Female,30,Dubai,United Arab Emirates,2025-12-31
3560,Kiara Park,user3560@streamflix-mail.com,Female,46,Mumbai,India,2020-04-18
3561,Aditya Wilson,user3561@streamflix-mail.com,Female,26,New York,United States,2021-12-18
3562,Reyansh Rao,user3562@streamflix-mail.com,Male,35,Toronto,Canada,2025-05-08
3563,Anika Park,user3563@streamflix-mail.com,Male,27,Delhi,India,2022-03-13
3564,Yuki Tanaka,user3564@streamflix-mail.com,Female,69,Seoul,South Korea,2024-04-02
3565,Yuki Andersen,user3565@streamflix-mail.com,Female,42,Toronto,Canada,2019-07-07
3566,Ananya Andersen,user3566@streamflix-mail.com,Female,54,Mumbai,India,2021-03-21
3567,Anika Khan,user3567@streamflix-mail.com,Male,42,Mumbai,India,2024-09-11
3568,Reyansh Lee,user3568@streamflix-mail.com,Female,13,Hyderabad,India,2020-12-22
3569,Wei Johnson,user3569@streamflix-mail.com,Male,28,Sydney,Australia,2022-02-07
3570,Ishaan Tanaka,user3570@streamflix-mail.com,Female,60,London,United Kingdom,2019-08-08
3571,Yuki Kowalski,user3571@streamflix-mail.com,Male,42,Chicago,United States,2022-10-13
3572,Hana Dubois,user3572@streamflix-mail.com,Female,53,Manchester,United Kingdom,2021-08-13
3573,Sophia Iyer,user3573@streamflix-mail.com,Male,56,Chicago,United States,2025-06-13
3574,Myra Rao,user3574@streamflix-mail.com,Female,44,Kolkata,India,2021-12-25
3575,Mateo Wang,user3575@streamflix-mail.com,Male,45,Mumbai,India,2025-03-14
3576,Sophia Li,user3576@streamflix-mail.com,Female,26,Mumbai,India,2025-10-11
3577,Ava Smith,user3577@streamflix-mail.com,Male,27,Sydney,Australia,2025-04-16
3578,Min Iyer,user3578@streamflix-mail.com,Female,21,Singapore,Singapore,2024-07-27
3579,Jin Iyer,user3579@streamflix-mail.com,Male,29,Pune,India,2023-05-18
3580,Vihaan Zhang,user3580@streamflix-mail.com,Male,48,Pune,India,2022-08-04
3581,Jin Garcia,user3581@streamflix-mail.com,Female,65,Los Angeles,United States,2019-08-11
3582,Wei Miller,user3582@streamflix-mail.com,Male,38,Toronto,Canada,2020-01-05
3583,Krishna Rossi,user3583@streamflix-mail.com,Male,47,Manchester,United Kingdom,2021-11-07
3584,Aadhya Sharma,user3584@streamflix-mail.com,Female,62,Manchester,United Kingdom,2023-12-02
3585,Wei Li,user3585@streamflix-mail.com,Female,51,Mumbai,India,2019-01-14
3586,Krishna Patel,user3586@streamflix-mail.com,Female,27,Los Angeles,United States,2026-01-06
3587,Kiara Andersen,user3587@streamflix-mail.com,Male,29,Dubai,United Arab Emirates,2026-06-11
3588,Sophia Kowalski,user3588@streamflix-mail.com,Female,49,Manchester,United Kingdom,2019-08-02
3589,Ethan Davis,user3589@streamflix-mail.com,Female,29,Tokyo,Japan,2019-09-21
3590,Sofia Rao,user3590@streamflix-mail.com,Male,27,Sydney,Australia,2025-05-12
3591,Arjun Khan,user3591@streamflix-mail.com,Female,46,Seoul,South Korea,2020-07-01
3592,Diya Nair,user3592@streamflix-mail.com,Male,49,Manchester,United Kingdom,2020-05-08
3593,Valentina Tanaka,user3593@streamflix-mail.com,Female,27,Manchester,United Kingdom,2020-05-27
3594,Liam Nair,user3594@streamflix-mail.com,Female,15,Manchester,United Kingdom,2024-04-04
3595,Ishaan Garcia,user3595@streamflix-mail.com,Female,56,Chennai,India,2019-12-30
3596,Diya Miller,user3596@streamflix-mail.com,Female,35,Los Angeles,United States,2020-05-18
3597,Myra Zhang,user3597@streamflix-mail.com,Male,49,Hyderabad,India,2021-12-24
3598,Liam Muller,user3598@streamflix-mail.com,Male,22,Los Angeles,United States,2023-07-01
3599,Diya Wilson,user3599@streamflix-mail.com,Female,30,Bengaluru,India,2026-06-03
3600,Noah Li,user3600@streamflix-mail.com,Female,47,Chicago,United States,2020-10-12
3601,Navya Lee,user3601@streamflix-mail.com,Female,20,Paris,France,2020-11-28
3602,Noah Garcia,user3602@streamflix-mail.com,Male,31,Chicago,United States,2023-01-23
3603,Reyansh Iyer,user3603@streamflix-mail.com,Female,53,Singapore,Singapore,2022-02-17
3604,Noah Khan,user3604@streamflix-mail.com,Male,56,Los Angeles,United States,2023-07-02
3605,Sofia Brown,user3605@streamflix-mail.com,Male,33,Berlin,Germany,2020-11-05
3606,Sai Verma,user3606@streamflix-mail.com,Female,19,Pune,India,2023-08-21
3607,Myra Rao,user3607@streamflix-mail.com,Female,14,Tokyo,Japan,2025-12-08
3608,Sophia Garcia,user3608@streamflix-mail.com,Female,44,Singapore,Singapore,2024-02-13
3609,Noah Miller,user3609@streamflix-mail.com,Other,52,Seoul,South Korea,2024-07-05
3610,Ethan Rossi,user3610@streamflix-mail.com,Male,46,Bengaluru,India,2019-07-09
3611,Liam Tanaka,user3611@streamflix-mail.com,Female,36,Seoul,South Korea,2025-10-06
3612,Sophia Wang,user3612@streamflix-mail.com,Female,14,Berlin,Germany,2024-04-09
3613,Noah Gupta,user3613@streamflix-mail.com,Female,25,Chennai,India,2023-09-14
3614,Aditya Brown,user3614@streamflix-mail.com,Male,15,Toronto,Canada,2020-02-28
3615,Wei Wang,user3615@streamflix-mail.com,Male,39,Manchester,United Kingdom,2023-02-25
3616,Navya Lee,user3616@streamflix-mail.com,Male,30,Mumbai,India,2024-01-28
3617,Aditya Garcia,user3617@streamflix-mail.com,Male,17,London,United Kingdom,2023-09-04
3618,Anika Garcia,user3618@streamflix-mail.com,Male,47,Sydney,Australia,2019-12-06
3619,Navya Brown,user3619@streamflix-mail.com,Female,34,Pune,India,2019-04-23
3620,Vihaan Lee,user3620@streamflix-mail.com,Female,67,New York,United States,2022-08-05
3621,Valentina Nair,user3621@streamflix-mail.com,Male,36,Manchester,United Kingdom,2024-05-17
3622,Krishna Davis,user3622@streamflix-mail.com,Female,18,Berlin,Germany,2021-11-24
3623,Myra Khan,user3623@streamflix-mail.com,Female,53,Delhi,India,2024-02-26
3624,Navya Zhang,user3624@streamflix-mail.com,Female,53,Berlin,Germany,2026-04-02
3625,Hana Muller,user3625@streamflix-mail.com,Female,65,Tokyo,Japan,2025-09-01
3626,Mia Davis,user3626@streamflix-mail.com,Female,52,Tokyo,Japan,2023-09-24
3627,Wei Johnson,user3627@streamflix-mail.com,Male,33,Mumbai,India,2024-06-16
3628,Ishaan Kowalski,user3628@streamflix-mail.com,Male,51,Manchester,United Kingdom,2019-08-30
3629,Hana Park,user3629@streamflix-mail.com,Female,58,New York,United States,2019-08-22
3630,Hana Brown,user3630@streamflix-mail.com,Female,42,Berlin,Germany,2024-04-03
3631,Kiara Sharma,user3631@streamflix-mail.com,Female,58,Singapore,Singapore,2025-01-02
3632,Emma Sharma,user3632@streamflix-mail.com,Other,68,Toronto,Canada,2020-06-15
3633,Vivaan Khan,user3633@streamflix-mail.com,Male,56,Mumbai,India,2023-06-11
3634,Wei Singh,user3634@streamflix-mail.com,Male,41,Seoul,South Korea,2021-02-22
3635,Mateo Wang,user3635@streamflix-mail.com,Female,41,Chicago,United States,2019-10-25
3636,Kiara Davis,user3636@streamflix-mail.com,Male,60,Hyderabad,India,2021-11-02
3637,Emma Tanaka,user3637@streamflix-mail.com,Female,62,Seoul,South Korea,2022-05-11
3638,Aarohi Wilson,user3638@streamflix-mail.com,Female,27,Berlin,Germany,2024-10-26
3639,Vihaan Andersen,user3639@streamflix-mail.com,Female,13,Chicago,United States,2025-06-25
3640,Noah Wilson,user3640@streamflix-mail.com,Male,58,Sydney,Australia,2026-01-28
3641,Lucas Smith,user3641@streamflix-mail.com,Female,26,Toronto,Canada,2019-10-14
3642,Lucia Wang,user3642@streamflix-mail.com,Male,69,Kolkata,India,2025-12-05
3643,Lucia Garcia,user3643@streamflix-mail.com,Female,15,Singapore,Singapore,2022-11-18
3644,Aarohi Patel,user3644@streamflix-mail.com,Male,64,Paris,France,2020-04-12
3645,Mateo Miller,user3645@streamflix-mail.com,Female,51,Berlin,Germany,2023-11-08
3646,Emma Park,user3646@streamflix-mail.com,Female,30,Sydney,Australia,2019-06-15
3647,Ava Johnson,user3647@streamflix-mail.com,Male,14,New York,United States,2022-06-17
3648,Noah Wang,user3648@streamflix-mail.com,Female,61,Berlin,Germany,2025-03-18
3649,Valentina Tanaka,user3649@streamflix-mail.com,Male,19,Berlin,Germany,2026-04-13
3650,Mia Brown,user3650@streamflix-mail.com,Male,18,Mumbai,India,2021-02-28
3651,Arjun Patel,user3651@streamflix-mail.com,Female,58,Kolkata,India,2020-04-22
3652,Aditya Brown,user3652@streamflix-mail.com,Female,51,Manchester,United Kingdom,2023-05-15
3653,Anika Muller,user3653@streamflix-mail.com,Male,20,Manchester,United Kingdom,2020-03-06
3654,James Nair,user3654@streamflix-mail.com,Female,32,Singapore,Singapore,2026-05-03
3655,Ethan Tanaka,user3655@streamflix-mail.com,Female,50,London,United Kingdom,2021-06-16
3656,Aarohi Brown,user3656@streamflix-mail.com,Female,50,Mumbai,India,2020-05-25
3657,James Muller,user3657@streamflix-mail.com,Male,33,Hyderabad,India,2020-10-13
3658,Sofia Silva,user3658@streamflix-mail.com,Male,36,Dubai,United Arab Emirates,2021-10-23
3659,Myra Silva,user3659@streamflix-mail.com,Female,17,Sydney,Australia,2024-07-23
3660,Aarohi Andersen,user3660@streamflix-mail.com,Male,13,Sydney,Australia,2025-07-03
3661,Liam Nair,user3661@streamflix-mail.com,Male,68,Los Angeles,United States,2024-07-09
3662,Kiara Lee,user3662@streamflix-mail.com,Female,26,Chennai,India,2023-11-15
3663,Mateo Gupta,user3663@streamflix-mail.com,Male,65,Kolkata,India,2021-01-09
3664,Mateo Patel,user3664@streamflix-mail.com,Female,15,Sydney,Australia,2026-01-11
3665,James Verma,user3665@streamflix-mail.com,Male,69,London,United Kingdom,2026-06-30
3666,Kiara Zhang,user3666@streamflix-mail.com,Female,37,Bengaluru,India,2023-09-26
3667,Olivia Kim,user3667@streamflix-mail.com,Other,58,New York,United States,2024-11-14
3668,Ayaan Li,user3668@streamflix-mail.com,Other,60,Tokyo,Japan,2021-04-11
3669,Navya Nair,user3669@streamflix-mail.com,Female,33,Manchester,United Kingdom,2022-05-09
3670,Krishna Rao,user3670@streamflix-mail.com,Female,55,Seoul,South Korea,2025-01-13
3671,Sai Zhang,user3671@streamflix-mail.com,Male,32,London,United Kingdom,2022-03-07
3672,Vihaan Rossi,user3672@streamflix-mail.com,Other,57,Chicago,United States,2024-09-09
3673,Olivia Dubois,user3673@streamflix-mail.com,Female,67,Berlin,Germany,2025-06-12
3674,Aarav Gupta,user3674@streamflix-mail.com,Female,59,London,United Kingdom,2025-12-31
3675,Ava Brown,user3675@streamflix-mail.com,Male,54,Bengaluru,India,2021-03-09
3676,Navya Sharma,user3676@streamflix-mail.com,Male,34,Los Angeles,United States,2022-07-27
3677,Sara Rossi,user3677@streamflix-mail.com,Female,19,Toronto,Canada,2021-11-22
3678,Wei Reddy,user3678@streamflix-mail.com,Female,41,Kolkata,India,2022-10-08
3679,Emma Rossi,user3679@streamflix-mail.com,Male,20,Los Angeles,United States,2024-07-26
3680,Mia Iyer,user3680@streamflix-mail.com,Male,41,Seoul,South Korea,2021-06-05
3681,Lucas Sharma,user3681@streamflix-mail.com,Female,62,Los Angeles,United States,2020-09-29
3682,Vivaan Dubois,user3682@streamflix-mail.com,Male,19,Kolkata,India,2021-01-05
3683,Krishna Garcia,user3683@streamflix-mail.com,Female,64,Bengaluru,India,2024-09-28
3684,Liam Brown,user3684@streamflix-mail.com,Male,47,Los Angeles,United States,2026-06-21
3685,Valentina Park,user3685@streamflix-mail.com,Male,15,Dubai,United Arab Emirates,2019-10-10
3686,Reyansh Patel,user3686@streamflix-mail.com,Male,54,Chennai,India,2026-04-29
3687,Arjun Zhang,user3687@streamflix-mail.com,Female,13,Chicago,United States,2019-03-29
3688,Lucia Brown,user3688@streamflix-mail.com,Female,47,Sydney,Australia,2022-12-21
3689,Mateo Patel,user3689@streamflix-mail.com,Male,41,Berlin,Germany,2020-01-02
3690,Reyansh Johnson,user3690@streamflix-mail.com,Male,55,Tokyo,Japan,2026-02-28
3691,Anika Sharma,user3691@streamflix-mail.com,Male,34,Chennai,India,2024-09-17
3692,Ava Rao,user3692@streamflix-mail.com,Male,19,Hyderabad,India,2021-09-02
3693,Ayaan Lee,user3693@streamflix-mail.com,Female,35,Sydney,Australia,2024-02-23
3694,Myra Iyer,user3694@streamflix-mail.com,Male,56,Chennai,India,2025-05-16
3695,Ira Reddy,user3695@streamflix-mail.com,Female,67,New York,United States,2020-08-18
3696,Ava Park,user3696@streamflix-mail.com,Male,24,Bengaluru,India,2023-10-05
3697,Aadhya Brown,user3697@streamflix-mail.com,Male,33,Dubai,United Arab Emirates,2021-03-31
3698,Anika Iyer,user3698@streamflix-mail.com,Male,62,Hyderabad,India,2024-05-17
3699,Diya Li,user3699@streamflix-mail.com,Male,30,New York,United States,2023-04-03
3700,Wei Silva,user3700@streamflix-mail.com,Male,26,Los Angeles,United States,2024-05-20
3701,Reyansh Verma,user3701@streamflix-mail.com,Male,60,Mumbai,India,2023-10-10
3702,Ishaan Khan,user3702@streamflix-mail.com,Male,41,Dubai,United Arab Emirates,2023-10-07
3703,Ishaan Johnson,user3703@streamflix-mail.com,Other,46,Toronto,Canada,2019-08-20
3704,Sofia Wang,user3704@streamflix-mail.com,Male,40,London,United Kingdom,2025-05-22
3705,Lucia Gupta,user3705@streamflix-mail.com,Male,47,Hyderabad,India,2020-04-14
3706,James Rossi,user3706@streamflix-mail.com,Male,28,Delhi,India,2021-12-09
3707,Reyansh Rao,user3707@streamflix-mail.com,Female,54,Delhi,India,2022-10-31
3708,Wei Reddy,user3708@streamflix-mail.com,Female,33,Toronto,Canada,2025-05-14
3709,Aarohi Muller,user3709@streamflix-mail.com,Female,42,Singapore,Singapore,2023-09-19
3710,Hana Gupta,user3710@streamflix-mail.com,Female,23,Dubai,United Arab Emirates,2020-05-17
3711,Sara Reddy,user3711@streamflix-mail.com,Female,13,Tokyo,Japan,2021-02-23
3712,Valentina Kowalski,user3712@streamflix-mail.com,Male,45,New York,United States,2020-07-01
3713,Chen Davis,user3713@streamflix-mail.com,Female,20,Mumbai,India,2023-06-07
3714,Krishna Garcia,user3714@streamflix-mail.com,Female,65,Pune,India,2024-05-18
3715,Mia Zhang,user3715@streamflix-mail.com,Male,67,Dubai,United Arab Emirates,2024-04-25
3716,Diya Kim,user3716@streamflix-mail.com,Female,31,Dubai,United Arab Emirates,2024-08-15
3717,Myra Kim,user3717@streamflix-mail.com,Male,29,London,United Kingdom,2024-04-05
3718,Ananya Sharma,user3718@streamflix-mail.com,Male,41,Mumbai,India,2025-10-06
3719,Sophia Wilson,user3719@streamflix-mail.com,Female,24,Dubai,United Arab Emirates,2025-10-18
3720,Ananya Patel,user3720@streamflix-mail.com,Male,62,Tokyo,Japan,2021-01-22
3721,Ava Rossi,user3721@streamflix-mail.com,Female,18,Pune,India,2021-04-13
3722,Olivia Davis,user3722@streamflix-mail.com,Other,38,Tokyo,Japan,2019-06-03
3723,Wei Reddy,user3723@streamflix-mail.com,Female,23,Toronto,Canada,2021-01-01
3724,Valentina Dubois,user3724@streamflix-mail.com,Male,60,Seoul,South Korea,2022-10-21
3725,Aarav Patel,user3725@streamflix-mail.com,Female,21,Toronto,Canada,2023-12-09
3726,Valentina Patel,user3726@streamflix-mail.com,Female,38,Delhi,India,2025-07-24
3727,Arjun Kowalski,user3727@streamflix-mail.com,Male,60,Toronto,Canada,2023-06-15
3728,Emma Silva,user3728@streamflix-mail.com,Male,38,Bengaluru,India,2026-04-13
3729,Myra Muller,user3729@streamflix-mail.com,Female,23,Chennai,India,2023-02-23
3730,Ava Park,user3730@streamflix-mail.com,Female,21,Seoul,South Korea,2025-06-06
3731,Lucas Andersen,user3731@streamflix-mail.com,Male,47,Paris,France,2025-01-21
3732,Min Reddy,user3732@streamflix-mail.com,Male,20,Chicago,United States,2022-09-03
3733,Anika Lee,user3733@streamflix-mail.com,Other,33,Chennai,India,2025-07-16
3734,Lucia Patel,user3734@streamflix-mail.com,Male,47,New York,United States,2025-06-21
3735,Aadhya Johnson,user3735@streamflix-mail.com,Male,34,Pune,India,2021-05-05
3736,Krishna Singh,user3736@streamflix-mail.com,Female,60,Manchester,United Kingdom,2020-08-08
3737,Ira Khan,user3737@streamflix-mail.com,Male,52,Los Angeles,United States,2019-11-29
3738,Emma Garcia,user3738@streamflix-mail.com,Male,20,Delhi,India,2025-11-27
3739,Ethan Andersen,user3739@streamflix-mail.com,Female,59,Toronto,Canada,2022-04-25
3740,Hana Park,user3740@streamflix-mail.com,Female,64,Toronto,Canada,2023-04-02
3741,Krishna Smith,user3741@streamflix-mail.com,Female,24,Sydney,Australia,2021-01-18
3742,Aadhya Garcia,user3742@streamflix-mail.com,Male,33,Berlin,Germany,2021-12-02
3743,Lucia Davis,user3743@streamflix-mail.com,Female,35,Singapore,Singapore,2022-01-07
3744,Navya Singh,user3744@streamflix-mail.com,Female,37,Sydney,Australia,2023-05-12
3745,Ishaan Davis,user3745@streamflix-mail.com,Female,39,Pune,India,2020-04-24
3746,Valentina Zhang,user3746@streamflix-mail.com,Female,63,Chicago,United States,2024-11-16
3747,Navya Singh,user3747@streamflix-mail.com,Female,50,Los Angeles,United States,2021-12-05
3748,Valentina Lee,user3748@streamflix-mail.com,Female,64,Paris,France,2020-10-19
3749,Sofia Wang,user3749@streamflix-mail.com,Female,32,Chicago,United States,2019-02-10
3750,Sofia Davis,user3750@streamflix-mail.com,Male,42,Sydney,Australia,2019-10-06
3751,Olivia Patel,user3751@streamflix-mail.com,Female,19,London,United Kingdom,2021-01-07
3752,Yuki Wilson,user3752@streamflix-mail.com,Female,28,Delhi,India,2024-06-30
3753,Mateo Silva,user3753@streamflix-mail.com,Male,46,Berlin,Germany,2025-05-29
3754,Ananya Khan,user3754@streamflix-mail.com,Male,22,Sydney,Australia,2026-02-20
3755,Vivaan Lee,user3755@streamflix-mail.com,Female,67,Pune,India,2021-03-26
3756,Aadhya Zhang,user3756@streamflix-mail.com,Male,28,Delhi,India,2023-10-11
3757,Ava Rao,user3757@streamflix-mail.com,Female,22,Berlin,Germany,2021-01-04
3758,Emma Johnson,user3758@streamflix-mail.com,Female,57,Kolkata,India,2020-01-26
3759,Vihaan Dubois,user3759@streamflix-mail.com,Male,18,Mumbai,India,2023-01-26
3760,Liam Smith,user3760@streamflix-mail.com,Male,31,Toronto,Canada,2023-10-28
3761,Reyansh Lee,user3761@streamflix-mail.com,Female,24,Mumbai,India,2024-09-14
3762,James Iyer,user3762@streamflix-mail.com,Male,52,Pune,India,2019-11-16
3763,Olivia Andersen,user3763@streamflix-mail.com,Female,61,Seoul,South Korea,2024-08-07
3764,Ava Lee,user3764@streamflix-mail.com,Male,24,Mumbai,India,2021-04-11
3765,Anika Li,user3765@streamflix-mail.com,Male,36,Dubai,United Arab Emirates,2021-02-01
3766,Anika Kim,user3766@streamflix-mail.com,Female,40,Toronto,Canada,2019-03-28
3767,Sophia Smith,user3767@streamflix-mail.com,Male,52,Kolkata,India,2020-07-13
3768,Mia Smith,user3768@streamflix-mail.com,Female,33,Chennai,India,2022-08-27
3769,Chen Wang,user3769@streamflix-mail.com,Female,42,Chicago,United States,2020-06-01
3770,Myra Muller,user3770@streamflix-mail.com,Male,41,London,United Kingdom,2021-05-29
3771,Anika Reddy,user3771@streamflix-mail.com,Male,13,Seoul,South Korea,2022-12-22
3772,Myra Muller,user3772@streamflix-mail.com,Female,45,Chennai,India,2019-09-25
3773,Emma Rossi,user3773@streamflix-mail.com,Female,45,Manchester,United Kingdom,2025-07-24
3774,Sai Reddy,user3774@streamflix-mail.com,Female,69,Sydney,Australia,2021-04-26
3775,Navya Reddy,user3775@streamflix-mail.com,Female,42,Mumbai,India,2024-09-09
3776,Ayaan Zhang,user3776@streamflix-mail.com,Male,64,Seoul,South Korea,2023-11-09
3777,Emma Muller,user3777@streamflix-mail.com,Male,32,Paris,France,2024-08-19
3778,Min Johnson,user3778@streamflix-mail.com,Female,52,Delhi,India,2021-03-02
3779,Valentina Park,user3779@streamflix-mail.com,Female,64,Chennai,India,2020-04-16
3780,Navya Tanaka,user3780@streamflix-mail.com,Female,21,Dubai,United Arab Emirates,2020-01-27
3781,Aditya Rao,user3781@streamflix-mail.com,Male,45,Tokyo,Japan,2020-09-20
3782,Ishaan Khan,user3782@streamflix-mail.com,Female,65,Hyderabad,India,2023-01-31
3783,Arjun Tanaka,user3783@streamflix-mail.com,Female,44,Berlin,Germany,2023-09-06
3784,Wei Patel,user3784@streamflix-mail.com,Male,63,Kolkata,India,2024-08-24
3785,Valentina Miller,user3785@streamflix-mail.com,Female,36,Chennai,India,2026-03-23
3786,Liam Garcia,user3786@streamflix-mail.com,Female,63,New York,United States,2025-03-22
3787,Ayaan Davis,user3787@streamflix-mail.com,Male,48,Sydney,Australia,2021-09-04
3788,Aarav Patel,user3788@streamflix-mail.com,Male,40,Pune,India,2022-07-16
3789,Valentina Zhang,user3789@streamflix-mail.com,Male,25,London,United Kingdom,2026-02-27
3790,Aadhya Zhang,user3790@streamflix-mail.com,Female,22,Delhi,India,2024-04-30
3791,Arjun Khan,user3791@streamflix-mail.com,Male,29,Bengaluru,India,2022-02-15
3792,Ayaan Miller,user3792@streamflix-mail.com,Male,56,Dubai,United Arab Emirates,2025-03-31
3793,Ananya Verma,user3793@streamflix-mail.com,Male,39,New York,United States,2020-01-08
3794,Ethan Khan,user3794@streamflix-mail.com,Male,35,Dubai,United Arab Emirates,2024-01-17
3795,Jin Tanaka,user3795@streamflix-mail.com,Male,39,Singapore,Singapore,2026-02-10
3796,Diya Davis,user3796@streamflix-mail.com,Female,32,Paris,France,2022-12-14
3797,Sophia Kim,user3797@streamflix-mail.com,Male,59,Bengaluru,India,2023-08-06
3798,Aditya Dubois,user3798@streamflix-mail.com,Male,35,Berlin,Germany,2019-06-14
3799,Aarav Wang,user3799@streamflix-mail.com,Male,39,Seoul,South Korea,2023-07-15
3800,Aditya Silva,user3800@streamflix-mail.com,Male,44,Los Angeles,United States,2021-03-05
3801,Sofia Wang,user3801@streamflix-mail.com,Male,49,Bengaluru,India,2026-06-15
3802,Olivia Miller,user3802@streamflix-mail.com,Female,32,Bengaluru,India,2021-05-25
3803,Chen Kim,user3803@streamflix-mail.com,Female,17,London,United Kingdom,2021-05-09
3804,Aarav Patel,user3804@streamflix-mail.com,Female,52,Mumbai,India,2021-12-17
3805,Aarav Dubois,user3805@streamflix-mail.com,Male,44,Delhi,India,2024-03-23
3806,Hana Nair,user3806@streamflix-mail.com,Female,49,London,United Kingdom,2026-02-16
3807,Arjun Dubois,user3807@streamflix-mail.com,Female,43,Manchester,United Kingdom,2021-08-06
3808,Reyansh Dubois,user3808@streamflix-mail.com,Male,42,Seoul,South Korea,2020-07-25
3809,James Iyer,user3809@streamflix-mail.com,Male,67,Paris,France,2024-09-24
3810,Noah Wang,user3810@streamflix-mail.com,Female,16,Chennai,India,2023-01-22
3811,Ishaan Tanaka,user3811@streamflix-mail.com,Male,18,Kolkata,India,2022-05-30
3812,Navya Lee,user3812@streamflix-mail.com,Male,66,Hyderabad,India,2026-06-06
3813,Ethan Smith,user3813@streamflix-mail.com,Female,63,Pune,India,2022-09-18
3814,Navya Dubois,user3814@streamflix-mail.com,Male,36,Los Angeles,United States,2023-08-22
3815,Ira Davis,user3815@streamflix-mail.com,Other,43,Paris,France,2026-05-11
3816,Aditya Reddy,user3816@streamflix-mail.com,Male,38,Seoul,South Korea,2020-07-25
3817,Kiara Singh,user3817@streamflix-mail.com,Male,69,Berlin,Germany,2025-10-07
3818,Chen Zhang,user3818@streamflix-mail.com,Male,38,Chicago,United States,2026-03-14
3819,Ava Garcia,user3819@streamflix-mail.com,Male,56,Sydney,Australia,2022-07-12
3820,Jin Khan,user3820@streamflix-mail.com,Female,33,Singapore,Singapore,2021-07-09
3821,Sai Silva,user3821@streamflix-mail.com,Female,34,Pune,India,2020-03-20
3822,Aarav Reddy,user3822@streamflix-mail.com,Female,51,Chicago,United States,2019-05-12
3823,Emma Khan,user3823@streamflix-mail.com,Female,35,Manchester,United Kingdom,2026-05-18
3824,Ayaan Garcia,user3824@streamflix-mail.com,Male,13,New York,United States,2022-03-27
3825,Olivia Verma,user3825@streamflix-mail.com,Male,22,Chicago,United States,2024-01-03
3826,Sofia Johnson,user3826@streamflix-mail.com,Male,62,Los Angeles,United States,2020-10-20
3827,Myra Andersen,user3827@streamflix-mail.com,Female,33,Delhi,India,2021-06-05
3828,Emma Kowalski,user3828@streamflix-mail.com,Female,18,Dubai,United Arab Emirates,2025-02-20
3829,Sophia Dubois,user3829@streamflix-mail.com,Male,66,Berlin,Germany,2023-12-03
3830,Reyansh Rao,user3830@streamflix-mail.com,Female,69,Dubai,United Arab Emirates,2020-08-25
3831,Jin Verma,user3831@streamflix-mail.com,Female,41,Berlin,Germany,2019-01-15
3832,Krishna Rossi,user3832@streamflix-mail.com,Male,48,Los Angeles,United States,2025-02-22
3833,Chen Johnson,user3833@streamflix-mail.com,Female,56,Delhi,India,2019-08-08
3834,Ethan Li,user3834@streamflix-mail.com,Female,16,Chennai,India,2019-04-10
3835,Sai Reddy,user3835@streamflix-mail.com,Female,29,Seoul,South Korea,2021-04-02
3836,Lucas Zhang,user3836@streamflix-mail.com,Male,45,Bengaluru,India,2025-12-19
3837,Ayaan Lee,user3837@streamflix-mail.com,Male,44,London,United Kingdom,2023-10-31
3838,Olivia Andersen,user3838@streamflix-mail.com,Male,31,Mumbai,India,2019-04-26
3839,Mateo Reddy,user3839@streamflix-mail.com,Female,13,Kolkata,India,2025-11-15
3840,Mateo Brown,user3840@streamflix-mail.com,Other,67,Bengaluru,India,2026-01-13
3841,Min Tanaka,user3841@streamflix-mail.com,Female,48,Bengaluru,India,2024-03-22
3842,Aarohi Johnson,user3842@streamflix-mail.com,Male,56,Hyderabad,India,2019-07-21
3843,Liam Park,user3843@streamflix-mail.com,Male,37,London,United Kingdom,2019-02-09
3844,Aadhya Iyer,user3844@streamflix-mail.com,Female,41,Sydney,Australia,2025-07-17
3845,Sofia Wang,user3845@streamflix-mail.com,Male,38,Chennai,India,2025-03-02
3846,Aarohi Patel,user3846@streamflix-mail.com,Female,37,Tokyo,Japan,2025-03-26
3847,Wei Lee,user3847@streamflix-mail.com,Female,51,New York,United States,2022-08-25
3848,Sara Dubois,user3848@streamflix-mail.com,Male,69,Singapore,Singapore,2023-06-16
3849,Mia Park,user3849@streamflix-mail.com,Male,57,London,United Kingdom,2020-04-19
3850,Krishna Miller,user3850@streamflix-mail.com,Male,51,Singapore,Singapore,2019-04-09
3851,Mia Nair,user3851@streamflix-mail.com,Male,13,Paris,France,2020-08-28
3852,Vivaan Smith,user3852@streamflix-mail.com,Female,42,Paris,France,2023-08-28
3853,Arjun Muller,user3853@streamflix-mail.com,Male,67,Manchester,United Kingdom,2022-01-05
3854,Sara Khan,user3854@streamflix-mail.com,Male,35,Paris,France,2023-08-19
3855,Aarohi Park,user3855@streamflix-mail.com,Male,44,Singapore,Singapore,2022-04-21
3856,Lucas Miller,user3856@streamflix-mail.com,Male,31,Chennai,India,2023-03-06
3857,Sara Rao,user3857@streamflix-mail.com,Female,23,Berlin,Germany,2026-02-17
3858,Aarav Wang,user3858@streamflix-mail.com,Female,53,Bengaluru,India,2023-09-26
3859,Myra Smith,user3859@streamflix-mail.com,Female,30,Chicago,United States,2026-02-25
3860,Navya Patel,user3860@streamflix-mail.com,Female,46,Hyderabad,India,2026-04-04
3861,Emma Davis,user3861@streamflix-mail.com,Male,46,Dubai,United Arab Emirates,2023-08-19
3862,Ava Li,user3862@streamflix-mail.com,Female,61,Seoul,South Korea,2026-06-18
3863,Ishaan Muller,user3863@streamflix-mail.com,Male,66,Tokyo,Japan,2020-11-12
3864,Noah Kim,user3864@streamflix-mail.com,Female,44,Bengaluru,India,2022-11-26
3865,Ava Park,user3865@streamflix-mail.com,Male,15,Chennai,India,2019-07-24
3866,Yuki Silva,user3866@streamflix-mail.com,Male,46,Kolkata,India,2019-09-09
3867,James Patel,user3867@streamflix-mail.com,Male,63,Bengaluru,India,2019-12-29
3868,Chen Singh,user3868@streamflix-mail.com,Female,40,London,United Kingdom,2020-01-02
3869,Krishna Miller,user3869@streamflix-mail.com,Male,45,Mumbai,India,2022-01-28
3870,Lucas Kim,user3870@streamflix-mail.com,Female,56,Toronto,Canada,2024-05-26
3871,Vivaan Park,user3871@streamflix-mail.com,Male,38,Manchester,United Kingdom,2026-05-23
3872,Arjun Iyer,user3872@streamflix-mail.com,Female,36,Manchester,United Kingdom,2026-05-12
3873,Min Silva,user3873@streamflix-mail.com,Female,40,Berlin,Germany,2020-05-04
3874,Aarohi Smith,user3874@streamflix-mail.com,Male,61,Dubai,United Arab Emirates,2022-04-08
3875,Noah Dubois,user3875@streamflix-mail.com,Male,40,Chennai,India,2022-03-27
3876,Noah Wang,user3876@streamflix-mail.com,Male,31,Manchester,United Kingdom,2019-09-26
3877,Sophia Tanaka,user3877@streamflix-mail.com,Female,47,Tokyo,Japan,2019-04-19
3878,Ishaan Kim,user3878@streamflix-mail.com,Female,52,Seoul,South Korea,2021-08-24
3879,Ayaan Davis,user3879@streamflix-mail.com,Male,65,Toronto,Canada,2025-06-03
3880,Vivaan Nair,user3880@streamflix-mail.com,Male,63,Delhi,India,2021-11-20
3881,Min Johnson,user3881@streamflix-mail.com,Male,57,Los Angeles,United States,2021-11-15
3882,Krishna Muller,user3882@streamflix-mail.com,Male,56,Seoul,South Korea,2026-06-21
3883,Olivia Johnson,user3883@streamflix-mail.com,Female,38,Delhi,India,2021-10-30
3884,Kiara Verma,user3884@streamflix-mail.com,Male,32,Manchester,United Kingdom,2024-02-23
3885,Reyansh Singh,user3885@streamflix-mail.com,Male,45,London,United Kingdom,2026-05-11
3886,Anika Lee,user3886@streamflix-mail.com,Female,53,Pune,India,2019-11-19
3887,Vihaan Kim,user3887@streamflix-mail.com,Female,42,Kolkata,India,2022-10-30
3888,Ayaan Tanaka,user3888@streamflix-mail.com,Female,24,Paris,France,2021-07-11
3889,Sai Kowalski,user3889@streamflix-mail.com,Male,13,Manchester,United Kingdom,2019-11-22
3890,Chen Davis,user3890@streamflix-mail.com,Female,16,Berlin,Germany,2019-05-13
3891,Liam Wilson,user3891@streamflix-mail.com,Female,37,Chicago,United States,2023-11-09
3892,Lucia Rossi,user3892@streamflix-mail.com,Female,58,Tokyo,Japan,2023-11-24
3893,Navya Verma,user3893@streamflix-mail.com,Male,58,Toronto,Canada,2023-03-19
3894,Krishna Lee,user3894@streamflix-mail.com,Female,59,Berlin,Germany,2024-01-16
3895,Noah Miller,user3895@streamflix-mail.com,Female,53,Kolkata,India,2024-05-22
3896,Lucia Silva,user3896@streamflix-mail.com,Female,14,New York,United States,2019-06-07
3897,Emma Rossi,user3897@streamflix-mail.com,Female,63,Mumbai,India,2019-04-04
3898,Aarav Park,user3898@streamflix-mail.com,Female,67,Pune,India,2021-07-07
3899,Aadhya Park,user3899@streamflix-mail.com,Female,61,Bengaluru,India,2023-04-06
3900,Sofia Zhang,user3900@streamflix-mail.com,Female,38,Hyderabad,India,2025-10-07
3901,James Lee,user3901@streamflix-mail.com,Male,25,Kolkata,India,2026-05-06
3902,Mateo Khan,user3902@streamflix-mail.com,Male,64,Seoul,South Korea,2025-03-13
3903,James Patel,user3903@streamflix-mail.com,Female,23,New York,United States,2021-03-08
3904,Aarav Li,user3904@streamflix-mail.com,Female,57,Tokyo,Japan,2023-04-22
3905,Min Kim,user3905@streamflix-mail.com,Female,68,Tokyo,Japan,2019-11-14
3906,Wei Singh,user3906@streamflix-mail.com,Female,64,Paris,France,2022-08-19
3907,Lucas Dubois,user3907@streamflix-mail.com,Female,42,London,United Kingdom,2019-09-28
3908,Mateo Tanaka,user3908@streamflix-mail.com,Female,60,Tokyo,Japan,2026-06-11
3909,Ayaan Kim,user3909@streamflix-mail.com,Male,60,Los Angeles,United States,2022-05-20
3910,Sofia Khan,user3910@streamflix-mail.com,Female,68,Toronto,Canada,2024-05-31
3911,Ishaan Kowalski,user3911@streamflix-mail.com,Male,33,Tokyo,Japan,2019-10-12
3912,Mateo Singh,user3912@streamflix-mail.com,Female,48,Bengaluru,India,2026-02-21
3913,Ayaan Brown,user3913@streamflix-mail.com,Female,59,Delhi,India,2022-12-05
3914,Liam Muller,user3914@streamflix-mail.com,Male,25,Hyderabad,India,2019-07-16
3915,Yuki Davis,user3915@streamflix-mail.com,Male,25,Singapore,Singapore,2021-10-06
3916,Vihaan Singh,user3916@streamflix-mail.com,Male,35,Chicago,United States,2020-08-03
3917,Aditya Gupta,user3917@streamflix-mail.com,Female,33,Chennai,India,2019-07-08
3918,Hana Smith,user3918@streamflix-mail.com,Male,55,Dubai,United Arab Emirates,2019-03-27
3919,Aditya Zhang,user3919@streamflix-mail.com,Male,66,Mumbai,India,2024-05-04
3920,Noah Wang,user3920@streamflix-mail.com,Female,21,Hyderabad,India,2025-07-04
3921,Lucia Khan,user3921@streamflix-mail.com,Male,31,Chicago,United States,2023-12-13
3922,Noah Iyer,user3922@streamflix-mail.com,Female,66,Berlin,Germany,2024-03-15
3923,Aarohi Wang,user3923@streamflix-mail.com,Female,46,Singapore,Singapore,2019-04-13
3924,Anika Iyer,user3924@streamflix-mail.com,Male,24,Sydney,Australia,2020-05-01
3925,Ava Verma,user3925@streamflix-mail.com,Male,47,Singapore,Singapore,2019-04-04
3926,Liam Miller,user3926@streamflix-mail.com,Other,62,Kolkata,India,2026-04-21
3927,James Lee,user3927@streamflix-mail.com,Female,34,Los Angeles,United States,2024-07-13
3928,Reyansh Singh,user3928@streamflix-mail.com,Male,40,Seoul,South Korea,2026-03-01
3929,Ethan Khan,user3929@streamflix-mail.com,Female,47,Singapore,Singapore,2025-10-13
3930,Mia Singh,user3930@streamflix-mail.com,Female,60,Manchester,United Kingdom,2020-09-06
3931,Lucas Smith,user3931@streamflix-mail.com,Male,45,Delhi,India,2022-11-01
3932,Vihaan Sharma,user3932@streamflix-mail.com,Female,67,Singapore,Singapore,2023-11-07
3933,Lucas Sharma,user3933@streamflix-mail.com,Female,56,New York,United States,2024-07-23
3934,Mia Johnson,user3934@streamflix-mail.com,Male,37,New York,United States,2024-01-04
3935,Ayaan Sharma,user3935@streamflix-mail.com,Female,40,Sydney,Australia,2022-05-25
3936,Hana Rao,user3936@streamflix-mail.com,Male,52,New York,United States,2019-01-11
3937,James Lee,user3937@streamflix-mail.com,Male,17,Manchester,United Kingdom,2026-01-14
3938,Kiara Sharma,user3938@streamflix-mail.com,Male,25,Mumbai,India,2024-02-29
3939,Lucas Kim,user3939@streamflix-mail.com,Female,26,Hyderabad,India,2025-04-08
3940,James Kim,user3940@streamflix-mail.com,Female,58,London,United Kingdom,2020-08-29
3941,Emma Lee,user3941@streamflix-mail.com,Female,59,Paris,France,2019-10-19
3942,Aadhya Kim,user3942@streamflix-mail.com,Male,59,Dubai,United Arab Emirates,2025-10-03
3943,Lucia Rossi,user3943@streamflix-mail.com,Female,19,Los Angeles,United States,2025-01-15
3944,Mateo Gupta,user3944@streamflix-mail.com,Female,29,Paris,France,2025-04-14
3945,Sai Nair,user3945@streamflix-mail.com,Male,30,Chennai,India,2022-04-20
3946,Mia Rao,user3946@streamflix-mail.com,Male,14,Seoul,South Korea,2025-10-14
3947,Aarav Zhang,user3947@streamflix-mail.com,Female,27,Los Angeles,United States,2020-09-05
3948,Sara Dubois,user3948@streamflix-mail.com,Male,37,Delhi,India,2024-09-05
3949,Mateo Andersen,user3949@streamflix-mail.com,Female,63,Mumbai,India,2022-09-15
3950,Reyansh Lee,user3950@streamflix-mail.com,Female,22,Paris,France,2020-03-27
3951,Ira Brown,user3951@streamflix-mail.com,Male,62,Toronto,Canada,2024-05-18
3952,Krishna Brown,user3952@streamflix-mail.com,Other,59,Bengaluru,India,2021-09-14
3953,Mia Verma,user3953@streamflix-mail.com,Female,22,Paris,France,2020-03-10
3954,Kiara Garcia,user3954@streamflix-mail.com,Female,27,Mumbai,India,2024-04-25
3955,Olivia Davis,user3955@streamflix-mail.com,Female,39,Kolkata,India,2024-10-14
3956,Lucia Khan,user3956@streamflix-mail.com,Male,66,Singapore,Singapore,2021-06-04
3957,James Silva,user3957@streamflix-mail.com,Female,57,Delhi,India,2026-04-01
3958,Mia Rossi,user3958@streamflix-mail.com,Male,68,Berlin,Germany,2024-04-28
3959,Vihaan Rao,user3959@streamflix-mail.com,Male,30,Sydney,Australia,2019-03-03
3960,Krishna Andersen,user3960@streamflix-mail.com,Male,64,Berlin,Germany,2021-07-09
3961,Lucia Reddy,user3961@streamflix-mail.com,Male,67,Tokyo,Japan,2026-04-21
3962,Min Andersen,user3962@streamflix-mail.com,Male,47,Tokyo,Japan,2020-05-01
3963,Ethan Silva,user3963@streamflix-mail.com,Male,21,Pune,India,2026-02-23
3964,Ira Khan,user3964@streamflix-mail.com,Other,28,Pune,India,2022-11-19
3965,Ayaan Park,user3965@streamflix-mail.com,Male,20,Pune,India,2024-01-23
3966,Min Rao,user3966@streamflix-mail.com,Male,59,Hyderabad,India,2024-02-22
3967,Yuki Silva,user3967@streamflix-mail.com,Male,30,Sydney,Australia,2022-11-02
3968,Ishaan Iyer,user3968@streamflix-mail.com,Female,52,Delhi,India,2022-11-17
3969,Olivia Singh,user3969@streamflix-mail.com,Male,28,Los Angeles,United States,2023-04-03
3970,Noah Rao,user3970@streamflix-mail.com,Female,68,Manchester,United Kingdom,2023-10-24
3971,Aarohi Nair,user3971@streamflix-mail.com,Female,57,London,United Kingdom,2024-07-12
3972,Lucia Rao,user3972@streamflix-mail.com,Male,34,Chicago,United States,2022-04-14
3973,Arjun Kim,user3973@streamflix-mail.com,Other,40,Pune,India,2022-04-07
3974,Ananya Kim,user3974@streamflix-mail.com,Male,16,Bengaluru,India,2024-11-01
3975,Vihaan Wilson,user3975@streamflix-mail.com,Female,20,Paris,France,2024-09-04
3976,Sophia Nair,user3976@streamflix-mail.com,Male,69,Chicago,United States,2023-11-15
3977,Ava Khan,user3977@streamflix-mail.com,Female,59,Manchester,United Kingdom,2022-06-16
3978,Valentina Andersen,user3978@streamflix-mail.com,Female,60,Manchester,United Kingdom,2023-04-23
3979,Emma Singh,user3979@streamflix-mail.com,Male,49,New York,United States,2023-04-13
3980,Reyansh Reddy,user3980@streamflix-mail.com,Male,25,Singapore,Singapore,2022-04-07
3981,Kiara Garcia,user3981@streamflix-mail.com,Male,19,New York,United States,2020-05-03
3982,Vihaan Sharma,user3982@streamflix-mail.com,Male,54,Los Angeles,United States,2023-01-06
3983,Ethan Smith,user3983@streamflix-mail.com,Other,31,Tokyo,Japan,2022-04-27
3984,Ethan Muller,user3984@streamflix-mail.com,Female,13,Kolkata,India,2019-05-20
3985,Min Patel,user3985@streamflix-mail.com,Female,14,Sydney,Australia,2026-03-01
3986,Myra Wang,user3986@streamflix-mail.com,Female,44,Sydney,Australia,2023-12-31
3987,Aadhya Miller,user3987@streamflix-mail.com,Female,60,Mumbai,India,2019-11-08
3988,Aditya Smith,user3988@streamflix-mail.com,Female,33,Sydney,Australia,2020-07-13
3989,Anika Park,user3989@streamflix-mail.com,Male,69,Tokyo,Japan,2023-04-14
3990,Aarohi Lee,user3990@streamflix-mail.com,Male,34,Chennai,India,2025-06-13
3991,Wei Rao,user3991@streamflix-mail.com,Male,54,Berlin,Germany,2022-08-21
3992,Wei Khan,user3992@streamflix-mail.com,Male,26,Mumbai,India,2025-02-02
3993,Sai Andersen,user3993@streamflix-mail.com,Male,47,Hyderabad,India,2019-12-17
3994,Diya Nair,user3994@streamflix-mail.com,Male,28,Berlin,Germany,2022-12-16
3995,James Kowalski,user3995@streamflix-mail.com,Male,57,Seoul,South Korea,2025-03-15
3996,Myra Miller,user3996@streamflix-mail.com,Male,38,Dubai,United Arab Emirates,2025-05-08
3997,Vivaan Tanaka,user3997@streamflix-mail.com,Male,15,Toronto,Canada,2020-10-19
3998,Hana Smith,user3998@streamflix-mail.com,Male,27,Pune,India,2024-01-11
3999,Mia Wilson,user3999@streamflix-mail.com,Male,33,Chicago,United States,2019-04-19
4000,James Kim,user4000@streamflix-mail.com,Female,39,Manchester,United Kingdom,2020-01-22
4001,Aadhya Smith,user4001@streamflix-mail.com,Female,28,Delhi,India,2025-09-30
4002,Hana Khan,user4002@streamflix-mail.com,Female,45,Manchester,United Kingdom,2024-07-21
4003,Vivaan Davis,user4003@streamflix-mail.com,Male,67,Delhi,India,2020-07-20
4004,Navya Park,user4004@streamflix-mail.com,Male,53,Bengaluru,India,2026-06-19
4005,Chen Singh,user4005@streamflix-mail.com,Male,30,Hyderabad,India,2026-06-10
4006,Mateo Silva,user4006@streamflix-mail.com,Male,51,Hyderabad,India,2019-04-23
4007,Ananya Park,user4007@streamflix-mail.com,Male,68,Delhi,India,2019-03-12
4008,Ethan Iyer,user4008@streamflix-mail.com,Other,26,Paris,France,2020-11-01
4009,Ayaan Kowalski,user4009@streamflix-mail.com,Male,26,Tokyo,Japan,2024-12-13
4010,Arjun Verma,user4010@streamflix-mail.com,Male,15,London,United Kingdom,2023-06-25
4011,Sara Park,user4011@streamflix-mail.com,Female,61,New York,United States,2022-11-04
4012,Jin Garcia,user4012@streamflix-mail.com,Female,60,Hyderabad,India,2022-02-10
4013,Sophia Park,user4013@streamflix-mail.com,Male,36,Berlin,Germany,2022-08-06
4014,Aarohi Silva,user4014@streamflix-mail.com,Male,62,Dubai,United Arab Emirates,2023-10-12
4015,Diya Zhang,user4015@streamflix-mail.com,Female,50,Dubai,United Arab Emirates,2019-06-24
4016,Sai Park,user4016@streamflix-mail.com,Male,68,Chicago,United States,2023-05-25
4017,Ananya Muller,user4017@streamflix-mail.com,Female,65,Mumbai,India,2020-08-27
4018,Reyansh Wang,user4018@streamflix-mail.com,Female,67,Toronto,Canada,2024-11-27
4019,Ayaan Rossi,user4019@streamflix-mail.com,Male,35,Chicago,United States,2020-06-19
4020,Sophia Brown,user4020@streamflix-mail.com,Female,49,Chennai,India,2019-07-14
4021,Sai Khan,user4021@streamflix-mail.com,Male,22,Kolkata,India,2022-04-05
4022,Vivaan Singh,user4022@streamflix-mail.com,Male,63,Delhi,India,2022-04-21
4023,Emma Kim,user4023@streamflix-mail.com,Male,31,Seoul,South Korea,2022-11-20
4024,Diya Davis,user4024@streamflix-mail.com,Other,38,Hyderabad,India,2025-06-12
4025,Kiara Gupta,user4025@streamflix-mail.com,Male,46,Tokyo,Japan,2024-03-31
4026,Sai Khan,user4026@streamflix-mail.com,Male,57,Paris,France,2021-09-20
4027,Krishna Tanaka,user4027@streamflix-mail.com,Female,54,Mumbai,India,2024-06-12
4028,Navya Wang,user4028@streamflix-mail.com,Male,67,Toronto,Canada,2022-10-11
4029,Sophia Li,user4029@streamflix-mail.com,Female,53,Delhi,India,2020-09-04
4030,Anika Nair,user4030@streamflix-mail.com,Female,58,Tokyo,Japan,2019-03-01
4031,Emma Verma,user4031@streamflix-mail.com,Female,45,London,United Kingdom,2019-01-11
4032,James Patel,user4032@streamflix-mail.com,Female,36,Mumbai,India,2020-09-05
4033,Ananya Muller,user4033@streamflix-mail.com,Female,65,Dubai,United Arab Emirates,2025-02-20
4034,Diya Davis,user4034@streamflix-mail.com,Male,34,Dubai,United Arab Emirates,2022-06-23
4035,Navya Silva,user4035@streamflix-mail.com,Other,48,Berlin,Germany,2022-05-21
4036,Vivaan Miller,user4036@streamflix-mail.com,Female,29,Chicago,United States,2021-12-28
4037,Sophia Miller,user4037@streamflix-mail.com,Female,40,Berlin,Germany,2020-12-01
4038,Noah Kim,user4038@streamflix-mail.com,Female,33,Sydney,Australia,2024-05-10
4039,Aadhya Kowalski,user4039@streamflix-mail.com,Female,27,London,United Kingdom,2019-02-04
4040,Sara Garcia,user4040@streamflix-mail.com,Female,59,New York,United States,2023-08-03
4041,Myra Lee,user4041@streamflix-mail.com,Male,56,Chennai,India,2026-01-09
4042,Ethan Andersen,user4042@streamflix-mail.com,Female,52,Toronto,Canada,2025-08-07
4043,Wei Johnson,user4043@streamflix-mail.com,Female,17,Singapore,Singapore,2021-10-08
4044,Arjun Muller,user4044@streamflix-mail.com,Female,27,Mumbai,India,2025-05-29
4045,Anika Wilson,user4045@streamflix-mail.com,Male,25,Los Angeles,United States,2020-10-12
4046,Aarav Dubois,user4046@streamflix-mail.com,Male,53,Mumbai,India,2020-10-22
4047,Kiara Miller,user4047@streamflix-mail.com,Female,63,New York,United States,2021-07-29
4048,Ishaan Kim,user4048@streamflix-mail.com,Male,34,Dubai,United Arab Emirates,2019-02-18
4049,Myra Rao,user4049@streamflix-mail.com,Other,31,Sydney,Australia,2020-12-28
4050,Kiara Park,user4050@streamflix-mail.com,Female,44,Bengaluru,India,2025-05-28
4051,Aadhya Rao,user4051@streamflix-mail.com,Male,69,Singapore,Singapore,2024-09-18
4052,Ira Kim,user4052@streamflix-mail.com,Male,34,Mumbai,India,2021-06-20
4053,Wei Silva,user4053@streamflix-mail.com,Female,28,Mumbai,India,2021-05-05
4054,Chen Garcia,user4054@streamflix-mail.com,Male,42,Berlin,Germany,2021-08-08
4055,Aarav Brown,user4055@streamflix-mail.com,Female,65,Mumbai,India,2019-11-22
4056,Ira Rao,user4056@streamflix-mail.com,Male,54,Chennai,India,2020-03-09
4057,Hana Wang,user4057@streamflix-mail.com,Male,42,Bengaluru,India,2026-06-11
4058,Emma Lee,user4058@streamflix-mail.com,Male,54,Manchester,United Kingdom,2024-03-12
4059,Krishna Davis,user4059@streamflix-mail.com,Female,13,London,United Kingdom,2024-01-30
4060,Olivia Sharma,user4060@streamflix-mail.com,Other,55,Tokyo,Japan,2021-02-05
4061,Sai Reddy,user4061@streamflix-mail.com,Female,18,Paris,France,2025-06-01
4062,Aarav Sharma,user4062@streamflix-mail.com,Female,35,Singapore,Singapore,2020-04-28
4063,Ava Muller,user4063@streamflix-mail.com,Female,32,Chicago,United States,2026-04-06
4064,James Muller,user4064@streamflix-mail.com,Male,52,Mumbai,India,2022-10-10
4065,Wei Gupta,user4065@streamflix-mail.com,Female,26,Berlin,Germany,2021-06-24
4066,Myra Verma,user4066@streamflix-mail.com,Female,26,Manchester,United Kingdom,2024-08-16
4067,Min Silva,user4067@streamflix-mail.com,Male,63,Pune,India,2022-02-16
4068,Anika Davis,user4068@streamflix-mail.com,Other,40,London,United Kingdom,2021-01-08
4069,Mia Rao,user4069@streamflix-mail.com,Male,55,New York,United States,2024-02-15
4070,Arjun Kim,user4070@streamflix-mail.com,Male,46,New York,United States,2024-05-30
4071,Vihaan Singh,user4071@streamflix-mail.com,Female,48,Chicago,United States,2023-07-10
4072,Yuki Nair,user4072@streamflix-mail.com,Female,52,Dubai,United Arab Emirates,2022-06-18
4073,Hana Johnson,user4073@streamflix-mail.com,Male,51,Hyderabad,India,2021-06-19
4074,Lucia Dubois,user4074@streamflix-mail.com,Female,64,Paris,France,2022-01-10
4075,Aadhya Silva,user4075@streamflix-mail.com,Male,57,Delhi,India,2025-07-22
4076,Aarav Nair,user4076@streamflix-mail.com,Female,30,Bengaluru,India,2021-09-11
4077,Valentina Wilson,user4077@streamflix-mail.com,Female,22,Sydney,Australia,2026-04-02
4078,Noah Dubois,user4078@streamflix-mail.com,Male,61,Bengaluru,India,2020-02-03
4079,Ishaan Kowalski,user4079@streamflix-mail.com,Female,34,Dubai,United Arab Emirates,2020-03-21
4080,Wei Li,user4080@streamflix-mail.com,Female,30,Singapore,Singapore,2021-06-29
4081,Sofia Reddy,user4081@streamflix-mail.com,Female,19,Los Angeles,United States,2019-01-09
4082,Diya Singh,user4082@streamflix-mail.com,Male,44,Chicago,United States,2025-08-04
4083,Wei Khan,user4083@streamflix-mail.com,Male,42,Paris,France,2021-07-21
4084,Yuki Iyer,user4084@streamflix-mail.com,Female,60,Dubai,United Arab Emirates,2019-10-07
4085,James Nair,user4085@streamflix-mail.com,Female,55,Toronto,Canada,2023-08-21
4086,Ava Rao,user4086@streamflix-mail.com,Female,54,Bengaluru,India,2026-03-08
4087,Ananya Wilson,user4087@streamflix-mail.com,Female,43,Manchester,United Kingdom,2026-06-13
4088,Lucia Johnson,user4088@streamflix-mail.com,Female,62,Mumbai,India,2019-10-22
4089,Valentina Brown,user4089@streamflix-mail.com,Male,69,Chennai,India,2024-12-10
4090,Valentina Singh,user4090@streamflix-mail.com,Female,59,Sydney,Australia,2021-09-18
4091,Mia Iyer,user4091@streamflix-mail.com,Female,32,Los Angeles,United States,2025-04-08
4092,Vivaan Tanaka,user4092@streamflix-mail.com,Male,28,Paris,France,2023-07-19
4093,Sara Lee,user4093@streamflix-mail.com,Male,13,Berlin,Germany,2024-06-26
4094,Navya Khan,user4094@streamflix-mail.com,Female,69,Delhi,India,2025-04-13
4095,Mateo Rossi,user4095@streamflix-mail.com,Female,54,Seoul,South Korea,2025-09-17
4096,Emma Rossi,user4096@streamflix-mail.com,Female,66,Seoul,South Korea,2020-01-29
4097,Emma Tanaka,user4097@streamflix-mail.com,Male,57,Bengaluru,India,2024-06-04
4098,Sai Iyer,user4098@streamflix-mail.com,Other,37,New York,United States,2020-01-22
4099,Yuki Park,user4099@streamflix-mail.com,Male,21,Berlin,Germany,2026-01-28
4100,Myra Tanaka,user4100@streamflix-mail.com,Male,15,Mumbai,India,2023-09-17
4101,Vihaan Rossi,user4101@streamflix-mail.com,Other,58,Delhi,India,2020-06-11
4102,Valentina Khan,user4102@streamflix-mail.com,Female,30,London,United Kingdom,2021-03-12
4103,Ayaan Dubois,user4103@streamflix-mail.com,Female,34,Paris,France,2025-09-18
4104,Aarav Brown,user4104@streamflix-mail.com,Female,60,Chennai,India,2023-10-31
4105,Vihaan Miller,user4105@streamflix-mail.com,Female,40,Dubai,United Arab Emirates,2020-09-19
4106,Kiara Wilson,user4106@streamflix-mail.com,Male,67,Sydney,Australia,2025-02-24
4107,Arjun Silva,user4107@streamflix-mail.com,Male,44,Bengaluru,India,2024-05-20
4108,Hana Reddy,user4108@streamflix-mail.com,Female,60,Chennai,India,2019-07-30
4109,James Wilson,user4109@streamflix-mail.com,Female,20,Toronto,Canada,2021-02-14
4110,Aadhya Rossi,user4110@streamflix-mail.com,Male,35,Chicago,United States,2025-05-01
4111,Aarav Wilson,user4111@streamflix-mail.com,Male,23,Pune,India,2021-08-18
4112,Aarohi Patel,user4112@streamflix-mail.com,Male,16,Pune,India,2019-04-13
4113,Reyansh Verma,user4113@streamflix-mail.com,Male,69,Manchester,United Kingdom,2023-07-12
4114,Valentina Wilson,user4114@streamflix-mail.com,Female,42,Tokyo,Japan,2025-09-26
4115,Diya Wang,user4115@streamflix-mail.com,Male,33,Los Angeles,United States,2023-03-04
4116,Kiara Wilson,user4116@streamflix-mail.com,Male,34,Berlin,Germany,2026-04-25
4117,Aarav Tanaka,user4117@streamflix-mail.com,Female,26,Sydney,Australia,2019-11-09
4118,Sai Kim,user4118@streamflix-mail.com,Female,20,Los Angeles,United States,2024-01-02
4119,Krishna Davis,user4119@streamflix-mail.com,Male,65,Singapore,Singapore,2023-11-14
4120,Aditya Verma,user4120@streamflix-mail.com,Male,19,Los Angeles,United States,2026-05-18
4121,Mia Wilson,user4121@streamflix-mail.com,Male,34,Dubai,United Arab Emirates,2022-11-27
4122,Lucia Nair,user4122@streamflix-mail.com,Male,21,Paris,France,2025-02-28
4123,Valentina Wang,user4123@streamflix-mail.com,Male,65,Dubai,United Arab Emirates,2020-02-03
4124,Ananya Iyer,user4124@streamflix-mail.com,Male,24,Bengaluru,India,2019-05-02
4125,Yuki Andersen,user4125@streamflix-mail.com,Male,35,Delhi,India,2024-05-15
4126,James Rao,user4126@streamflix-mail.com,Male,55,Tokyo,Japan,2019-01-11
4127,Vivaan Garcia,user4127@streamflix-mail.com,Male,45,Tokyo,Japan,2025-07-23
4128,Vihaan Iyer,user4128@streamflix-mail.com,Female,34,Manchester,United Kingdom,2019-02-26
4129,Emma Khan,user4129@streamflix-mail.com,Male,45,Pune,India,2024-02-29
4130,Anika Andersen,user4130@streamflix-mail.com,Male,37,Seoul,South Korea,2022-05-22
4131,Aarav Patel,user4131@streamflix-mail.com,Female,29,Los Angeles,United States,2023-11-03
4132,Lucia Davis,user4132@streamflix-mail.com,Male,47,Chennai,India,2023-09-03
4133,Mia Tanaka,user4133@streamflix-mail.com,Female,33,New York,United States,2022-05-01
4134,James Kim,user4134@streamflix-mail.com,Female,67,Chennai,India,2022-08-11
4135,Valentina Verma,user4135@streamflix-mail.com,Female,39,Chennai,India,2022-10-10
4136,Mateo Smith,user4136@streamflix-mail.com,Male,56,Kolkata,India,2024-01-28
4137,Mateo Johnson,user4137@streamflix-mail.com,Female,26,Sydney,Australia,2024-04-28
4138,Ananya Patel,user4138@streamflix-mail.com,Female,49,Mumbai,India,2022-05-16
4139,Jin Singh,user4139@streamflix-mail.com,Male,44,New York,United States,2021-08-23
4140,James Davis,user4140@streamflix-mail.com,Male,55,Hyderabad,India,2019-04-27
4141,Mia Johnson,user4141@streamflix-mail.com,Male,39,Toronto,Canada,2024-11-03
4142,Min Patel,user4142@streamflix-mail.com,Female,53,Paris,France,2020-09-11
4143,Reyansh Brown,user4143@streamflix-mail.com,Male,16,Dubai,United Arab Emirates,2022-04-03
4144,Navya Smith,user4144@streamflix-mail.com,Male,52,Pune,India,2026-06-10
4145,Sai Khan,user4145@streamflix-mail.com,Female,55,London,United Kingdom,2024-11-18
4146,Diya Garcia,user4146@streamflix-mail.com,Female,41,Mumbai,India,2021-08-04
4147,Anika Kowalski,user4147@streamflix-mail.com,Male,14,Los Angeles,United States,2022-07-24
4148,Min Davis,user4148@streamflix-mail.com,Male,45,Chennai,India,2021-06-08
4149,Min Lee,user4149@streamflix-mail.com,Male,57,London,United Kingdom,2023-09-11
4150,Ira Tanaka,user4150@streamflix-mail.com,Female,39,Los Angeles,United States,2020-02-23
4151,Myra Kim,user4151@streamflix-mail.com,Male,18,Sydney,Australia,2026-02-21
4152,Emma Khan,user4152@streamflix-mail.com,Female,35,London,United Kingdom,2026-05-26
4153,Sofia Johnson,user4153@streamflix-mail.com,Male,69,Berlin,Germany,2021-03-28
4154,Valentina Miller,user4154@streamflix-mail.com,Male,28,Delhi,India,2020-09-22
4155,Ishaan Miller,user4155@streamflix-mail.com,Male,43,Berlin,Germany,2023-01-16
4156,Ayaan Iyer,user4156@streamflix-mail.com,Male,33,Dubai,United Arab Emirates,2023-11-07
4157,Lucas Reddy,user4157@streamflix-mail.com,Female,53,Singapore,Singapore,2023-10-29
4158,Aadhya Smith,user4158@streamflix-mail.com,Female,37,Tokyo,Japan,2019-04-26
4159,Ayaan Andersen,user4159@streamflix-mail.com,Male,34,Delhi,India,2024-04-30
4160,Vivaan Wang,user4160@streamflix-mail.com,Female,46,Pune,India,2019-07-02
4161,Anika Muller,user4161@streamflix-mail.com,Male,45,Mumbai,India,2021-07-25
4162,Ira Nair,user4162@streamflix-mail.com,Female,41,Dubai,United Arab Emirates,2024-05-16
4163,Liam Brown,user4163@streamflix-mail.com,Male,27,New York,United States,2025-08-25
4164,Krishna Lee,user4164@streamflix-mail.com,Female,19,New York,United States,2023-10-06
4165,Lucas Garcia,user4165@streamflix-mail.com,Male,52,Toronto,Canada,2020-03-13
4166,Sophia Brown,user4166@streamflix-mail.com,Female,32,Los Angeles,United States,2024-02-06
4167,Kiara Smith,user4167@streamflix-mail.com,Female,47,Toronto,Canada,2019-04-12
4168,Ayaan Verma,user4168@streamflix-mail.com,Female,34,Berlin,Germany,2020-09-24
4169,James Muller,user4169@streamflix-mail.com,Female,61,Kolkata,India,2019-12-05
4170,Ethan Andersen,user4170@streamflix-mail.com,Male,53,Seoul,South Korea,2026-05-20
4171,Sara Gupta,user4171@streamflix-mail.com,Female,36,London,United Kingdom,2021-10-05
4172,Ananya Brown,user4172@streamflix-mail.com,Male,31,New York,United States,2023-03-09
4173,James Davis,user4173@streamflix-mail.com,Female,55,Berlin,Germany,2024-12-04
4174,Sara Silva,user4174@streamflix-mail.com,Male,13,Chicago,United States,2026-04-08
4175,Anika Tanaka,user4175@streamflix-mail.com,Male,16,Bengaluru,India,2026-06-18
4176,Myra Brown,user4176@streamflix-mail.com,Female,17,Chennai,India,2020-03-25
4177,Aadhya Li,user4177@streamflix-mail.com,Male,32,Tokyo,Japan,2021-12-14
4178,Lucas Kowalski,user4178@streamflix-mail.com,Female,41,London,United Kingdom,2022-01-14
4179,Kiara Rossi,user4179@streamflix-mail.com,Male,29,Manchester,United Kingdom,2024-12-20
4180,Kiara Patel,user4180@streamflix-mail.com,Female,23,Sydney,Australia,2021-07-08
4181,Ethan Rossi,user4181@streamflix-mail.com,Female,30,Hyderabad,India,2020-09-25
4182,Sara Brown,user4182@streamflix-mail.com,Female,41,Delhi,India,2024-08-29
4183,Arjun Sharma,user4183@streamflix-mail.com,Male,29,Los Angeles,United States,2022-09-17
4184,Min Li,user4184@streamflix-mail.com,Male,45,Berlin,Germany,2024-08-08
4185,Aditya Muller,user4185@streamflix-mail.com,Male,34,Bengaluru,India,2021-11-06
4186,Liam Smith,user4186@streamflix-mail.com,Male,66,Singapore,Singapore,2022-08-25
4187,Ananya Garcia,user4187@streamflix-mail.com,Female,69,Paris,France,2019-01-25
4188,Krishna Smith,user4188@streamflix-mail.com,Male,50,Delhi,India,2019-02-14
4189,Vivaan Reddy,user4189@streamflix-mail.com,Male,44,Bengaluru,India,2019-01-01
4190,Sofia Tanaka,user4190@streamflix-mail.com,Male,14,Seoul,South Korea,2020-04-24
4191,Navya Sharma,user4191@streamflix-mail.com,Female,48,Bengaluru,India,2021-08-09
4192,Myra Wilson,user4192@streamflix-mail.com,Male,34,Singapore,Singapore,2019-05-18
4193,Mia Sharma,user4193@streamflix-mail.com,Male,29,Dubai,United Arab Emirates,2020-03-16
4194,Vivaan Zhang,user4194@streamflix-mail.com,Male,58,Kolkata,India,2025-05-08
4195,Liam Andersen,user4195@streamflix-mail.com,Male,15,Chennai,India,2025-05-28
4196,Aarohi Park,user4196@streamflix-mail.com,Female,27,London,United Kingdom,2021-03-04
4197,Liam Kim,user4197@streamflix-mail.com,Male,57,London,United Kingdom,2026-02-04
4198,Arjun Rossi,user4198@streamflix-mail.com,Female,65,Seoul,South Korea,2019-11-19
4199,Mateo Tanaka,user4199@streamflix-mail.com,Female,42,Manchester,United Kingdom,2019-03-27
4200,Ishaan Muller,user4200@streamflix-mail.com,Female,43,Paris,France,2021-08-27
4201,Sophia Khan,user4201@streamflix-mail.com,Female,68,Pune,India,2020-12-25
4202,Mia Wilson,user4202@streamflix-mail.com,Female,18,Chennai,India,2019-07-31
4203,Myra Rossi,user4203@streamflix-mail.com,Male,40,Pune,India,2025-05-09
4204,Sai Patel,user4204@streamflix-mail.com,Female,26,Sydney,Australia,2026-05-04
4205,Diya Zhang,user4205@streamflix-mail.com,Female,40,Mumbai,India,2021-01-10
4206,Chen Sharma,user4206@streamflix-mail.com,Female,64,Seoul,South Korea,2021-05-12
4207,Sofia Dubois,user4207@streamflix-mail.com,Female,46,Dubai,United Arab Emirates,2024-05-20
4208,Lucia Kim,user4208@streamflix-mail.com,Male,69,Paris,France,2025-12-29
4209,Ishaan Li,user4209@streamflix-mail.com,Male,41,Paris,France,2021-02-24
4210,Noah Rossi,user4210@streamflix-mail.com,Male,62,Delhi,India,2024-02-13
4211,Reyansh Khan,user4211@streamflix-mail.com,Male,22,Singapore,Singapore,2019-03-05
4212,Lucas Garcia,user4212@streamflix-mail.com,Male,31,London,United Kingdom,2023-03-31
4213,Anika Muller,user4213@streamflix-mail.com,Male,28,Singapore,Singapore,2026-05-26
4214,Lucas Iyer,user4214@streamflix-mail.com,Female,56,Seoul,South Korea,2022-07-25
4215,Sophia Rossi,user4215@streamflix-mail.com,Female,42,Manchester,United Kingdom,2023-10-23
4216,Valentina Patel,user4216@streamflix-mail.com,Female,25,Mumbai,India,2024-02-26
4217,Aarohi Lee,user4217@streamflix-mail.com,Female,22,Seoul,South Korea,2023-09-28
4218,Myra Davis,user4218@streamflix-mail.com,Male,34,Los Angeles,United States,2024-02-23
4219,Emma Zhang,user4219@streamflix-mail.com,Male,21,Chicago,United States,2025-08-24
4220,Reyansh Muller,user4220@streamflix-mail.com,Female,52,Manchester,United Kingdom,2019-01-29
4221,Arjun Smith,user4221@streamflix-mail.com,Female,61,Berlin,Germany,2025-08-19
4222,James Nair,user4222@streamflix-mail.com,Female,68,London,United Kingdom,2025-10-21
4223,Hana Brown,user4223@streamflix-mail.com,Female,26,Pune,India,2025-10-11
4224,Emma Kim,user4224@streamflix-mail.com,Female,38,Singapore,Singapore,2021-10-04
4225,Yuki Li,user4225@streamflix-mail.com,Female,41,Toronto,Canada,2023-05-16
4226,Ayaan Li,user4226@streamflix-mail.com,Female,41,Delhi,India,2021-08-25
4227,Navya Smith,user4227@streamflix-mail.com,Female,38,London,United Kingdom,2025-04-19
4228,Noah Kowalski,user4228@streamflix-mail.com,Male,25,Dubai,United Arab Emirates,2022-01-18
4229,Myra Gupta,user4229@streamflix-mail.com,Male,19,Seoul,South Korea,2021-05-07
4230,Aarav Reddy,user4230@streamflix-mail.com,Male,35,Chennai,India,2024-02-20
4231,Aditya Sharma,user4231@streamflix-mail.com,Female,18,London,United Kingdom,2019-05-16
4232,Lucia Andersen,user4232@streamflix-mail.com,Female,16,Tokyo,Japan,2021-10-26
4233,Noah Nair,user4233@streamflix-mail.com,Male,42,Manchester,United Kingdom,2020-07-18
4234,Ananya Kim,user4234@streamflix-mail.com,Male,61,Los Angeles,United States,2021-10-20
4235,Ananya Rossi,user4235@streamflix-mail.com,Female,43,Hyderabad,India,2022-05-13
4236,Vivaan Silva,user4236@streamflix-mail.com,Male,14,Mumbai,India,2019-06-23
4237,Lucia Kowalski,user4237@streamflix-mail.com,Female,60,Sydney,Australia,2025-06-25
4238,Arjun Verma,user4238@streamflix-mail.com,Male,51,Paris,France,2022-02-14
4239,Wei Brown,user4239@streamflix-mail.com,Male,30,Toronto,Canada,2021-09-09
4240,Ishaan Davis,user4240@streamflix-mail.com,Male,28,Dubai,United Arab Emirates,2020-02-14
4241,Myra Zhang,user4241@streamflix-mail.com,Male,64,Sydney,Australia,2026-06-19
4242,Ananya Kim,user4242@streamflix-mail.com,Male,40,Kolkata,India,2025-05-31
4243,Chen Wilson,user4243@streamflix-mail.com,Male,21,London,United Kingdom,2022-08-12
4244,Vivaan Rao,user4244@streamflix-mail.com,Male,29,Chennai,India,2021-07-04
4245,Sara Reddy,user4245@streamflix-mail.com,Male,28,Pune,India,2022-07-03
4246,Diya Brown,user4246@streamflix-mail.com,Female,35,Manchester,United Kingdom,2026-03-15
4247,Ananya Singh,user4247@streamflix-mail.com,Male,32,Toronto,Canada,2020-08-29
4248,Ayaan Wilson,user4248@streamflix-mail.com,Male,44,Paris,France,2024-02-18
4249,Sofia Silva,user4249@streamflix-mail.com,Male,31,Pune,India,2025-10-09
4250,Ira Wilson,user4250@streamflix-mail.com,Female,49,Chennai,India,2024-09-01
4251,Anika Lee,user4251@streamflix-mail.com,Female,41,Hyderabad,India,2025-07-10
4252,Ira Verma,user4252@streamflix-mail.com,Other,66,Berlin,Germany,2026-02-07
4253,Valentina Park,user4253@streamflix-mail.com,Female,60,Dubai,United Arab Emirates,2019-06-14
4254,Myra Garcia,user4254@streamflix-mail.com,Male,31,Kolkata,India,2020-10-16
4255,Myra Reddy,user4255@streamflix-mail.com,Female,15,Paris,France,2020-01-31
4256,Myra Khan,user4256@streamflix-mail.com,Male,46,Singapore,Singapore,2023-04-03
4257,Myra Silva,user4257@streamflix-mail.com,Female,32,Chicago,United States,2022-01-20
4258,Vihaan Andersen,user4258@streamflix-mail.com,Male,64,New York,United States,2019-04-22
4259,Noah Davis,user4259@streamflix-mail.com,Male,36,Manchester,United Kingdom,2023-03-07
4260,Vivaan Tanaka,user4260@streamflix-mail.com,Female,29,Delhi,India,2019-10-03
4261,Ishaan Nair,user4261@streamflix-mail.com,Female,32,Hyderabad,India,2022-01-20
4262,Krishna Patel,user4262@streamflix-mail.com,Other,62,Berlin,Germany,2021-09-30
4263,Diya Andersen,user4263@streamflix-mail.com,Male,19,Pune,India,2025-09-12
4264,Wei Nair,user4264@streamflix-mail.com,Male,67,Hyderabad,India,2024-02-12
4265,Olivia Park,user4265@streamflix-mail.com,Male,26,Seoul,South Korea,2023-09-06
4266,Valentina Khan,user4266@streamflix-mail.com,Male,61,Berlin,Germany,2025-03-27
4267,Sara Rao,user4267@streamflix-mail.com,Male,44,Tokyo,Japan,2020-05-09
4268,Lucia Miller,user4268@streamflix-mail.com,Male,45,Bengaluru,India,2020-12-03
4269,Vivaan Smith,user4269@streamflix-mail.com,Female,24,Tokyo,Japan,2024-08-21
4270,James Dubois,user4270@streamflix-mail.com,Male,54,Chennai,India,2024-08-12
4271,Yuki Tanaka,user4271@streamflix-mail.com,Female,49,Mumbai,India,2019-02-28
4272,Emma Davis,user4272@streamflix-mail.com,Female,40,Berlin,Germany,2020-09-06
4273,Lucia Davis,user4273@streamflix-mail.com,Female,39,Chennai,India,2020-09-13
4274,Aadhya Verma,user4274@streamflix-mail.com,Male,47,Sydney,Australia,2019-01-17
4275,Vivaan Singh,user4275@streamflix-mail.com,Male,39,Delhi,India,2023-12-16
4276,Wei Verma,user4276@streamflix-mail.com,Male,68,Hyderabad,India,2019-05-29
4277,Aditya Muller,user4277@streamflix-mail.com,Female,15,Seoul,South Korea,2025-04-22
4278,Wei Khan,user4278@streamflix-mail.com,Male,27,Manchester,United Kingdom,2023-05-23
4279,Mia Smith,user4279@streamflix-mail.com,Male,61,Paris,France,2024-09-16
4280,Hana Muller,user4280@streamflix-mail.com,Other,58,Hyderabad,India,2022-09-23
4281,Aarohi Wang,user4281@streamflix-mail.com,Female,32,Seoul,South Korea,2026-04-10
4282,Jin Kim,user4282@streamflix-mail.com,Female,41,Seoul,South Korea,2021-01-10
4283,Reyansh Verma,user4283@streamflix-mail.com,Male,14,Berlin,Germany,2023-03-08
4284,Navya Wilson,user4284@streamflix-mail.com,Female,23,Mumbai,India,2019-01-18
4285,Arjun Wilson,user4285@streamflix-mail.com,Male,66,Bengaluru,India,2025-03-30
4286,Wei Rao,user4286@streamflix-mail.com,Male,49,London,United Kingdom,2023-04-05
4287,Lucas Li,user4287@streamflix-mail.com,Female,15,Bengaluru,India,2020-04-26
4288,Chen Andersen,user4288@streamflix-mail.com,Female,58,Delhi,India,2025-02-16
4289,Wei Singh,user4289@streamflix-mail.com,Female,36,Tokyo,Japan,2026-06-01
4290,Aadhya Rao,user4290@streamflix-mail.com,Male,45,Sydney,Australia,2019-07-07
4291,Aditya Rao,user4291@streamflix-mail.com,Male,61,Tokyo,Japan,2025-05-04
4292,Lucia Muller,user4292@streamflix-mail.com,Female,60,Berlin,Germany,2024-07-09
4293,Aarohi Gupta,user4293@streamflix-mail.com,Female,20,Bengaluru,India,2021-08-28
4294,Vihaan Dubois,user4294@streamflix-mail.com,Male,33,Tokyo,Japan,2023-10-04
4295,Lucia Silva,user4295@streamflix-mail.com,Male,28,Mumbai,India,2024-11-20
4296,Valentina Miller,user4296@streamflix-mail.com,Female,65,New York,United States,2022-08-05
4297,Navya Lee,user4297@streamflix-mail.com,Female,57,Chennai,India,2023-12-30
4298,Wei Dubois,user4298@streamflix-mail.com,Male,49,Pune,India,2019-05-13
4299,Vivaan Silva,user4299@streamflix-mail.com,Female,16,Singapore,Singapore,2025-12-08
4300,Vihaan Patel,user4300@streamflix-mail.com,Other,58,Bengaluru,India,2025-12-03
4301,Diya Verma,user4301@streamflix-mail.com,Male,44,Tokyo,Japan,2020-07-29
4302,Ethan Park,user4302@streamflix-mail.com,Female,28,Seoul,South Korea,2022-07-31
4303,Sai Iyer,user4303@streamflix-mail.com,Female,38,Sydney,Australia,2020-10-15
4304,Vivaan Gupta,user4304@streamflix-mail.com,Female,38,Delhi,India,2021-12-30
4305,Ethan Tanaka,user4305@streamflix-mail.com,Female,29,Manchester,United Kingdom,2021-01-23
4306,Wei Miller,user4306@streamflix-mail.com,Female,64,Toronto,Canada,2025-06-16
4307,Mia Park,user4307@streamflix-mail.com,Female,65,New York,United States,2024-03-17
4308,Yuki Khan,user4308@streamflix-mail.com,Male,15,New York,United States,2025-05-04
4309,Chen Reddy,user4309@streamflix-mail.com,Female,66,Chicago,United States,2024-12-10
4310,Noah Verma,user4310@streamflix-mail.com,Male,36,Paris,France,2024-06-14
4311,James Smith,user4311@streamflix-mail.com,Male,58,Mumbai,India,2020-04-01
4312,Min Sharma,user4312@streamflix-mail.com,Female,57,London,United Kingdom,2025-03-20
4313,Myra Brown,user4313@streamflix-mail.com,Female,47,Kolkata,India,2024-11-14
4314,Vihaan Rao,user4314@streamflix-mail.com,Other,55,London,United Kingdom,2019-12-07
4315,Wei Davis,user4315@streamflix-mail.com,Female,51,Mumbai,India,2019-08-29
4316,Diya Lee,user4316@streamflix-mail.com,Female,61,Berlin,Germany,2024-09-14
4317,Valentina Rao,user4317@streamflix-mail.com,Male,37,Chicago,United States,2021-12-04
4318,Anika Garcia,user4318@streamflix-mail.com,Female,55,Paris,France,2021-06-17
4319,Min Gupta,user4319@streamflix-mail.com,Other,68,Hyderabad,India,2021-12-21
4320,Vivaan Rao,user4320@streamflix-mail.com,Male,66,Manchester,United Kingdom,2025-07-03
4321,Ethan Tanaka,user4321@streamflix-mail.com,Female,21,Sydney,Australia,2021-09-22
4322,Navya Tanaka,user4322@streamflix-mail.com,Female,41,Dubai,United Arab Emirates,2021-10-10
4323,Kiara Miller,user4323@streamflix-mail.com,Male,42,Mumbai,India,2021-12-29
4324,Ananya Kowalski,user4324@streamflix-mail.com,Female,48,Toronto,Canada,2019-05-29
4325,Mateo Davis,user4325@streamflix-mail.com,Male,49,Bengaluru,India,2019-04-13
4326,Ira Reddy,user4326@streamflix-mail.com,Male,61,Los Angeles,United States,2022-02-08
4327,Min Dubois,user4327@streamflix-mail.com,Male,43,Delhi,India,2019-02-16
4328,Navya Brown,user4328@streamflix-mail.com,Male,52,Delhi,India,2024-09-03
4329,Vivaan Kim,user4329@streamflix-mail.com,Male,64,Dubai,United Arab Emirates,2022-03-07
4330,Jin Park,user4330@streamflix-mail.com,Female,18,Singapore,Singapore,2022-10-03
4331,Ayaan Rao,user4331@streamflix-mail.com,Male,49,Seoul,South Korea,2021-07-09
4332,Ananya Li,user4332@streamflix-mail.com,Female,33,Singapore,Singapore,2024-09-21
4333,Min Davis,user4333@streamflix-mail.com,Female,64,Manchester,United Kingdom,2022-03-16
4334,Jin Smith,user4334@streamflix-mail.com,Male,44,Bengaluru,India,2019-04-07
4335,Sofia Patel,user4335@streamflix-mail.com,Male,47,Dubai,United Arab Emirates,2022-08-29
4336,Navya Li,user4336@streamflix-mail.com,Female,56,Pune,India,2020-04-30
4337,Wei Singh,user4337@streamflix-mail.com,Female,26,Bengaluru,India,2023-06-18
4338,Myra Reddy,user4338@streamflix-mail.com,Female,43,Singapore,Singapore,2023-03-24
4339,Mia Dubois,user4339@streamflix-mail.com,Male,57,Manchester,United Kingdom,2022-07-23
4340,James Rao,user4340@streamflix-mail.com,Female,57,Bengaluru,India,2021-11-20
4341,Aditya Park,user4341@streamflix-mail.com,Female,25,London,United Kingdom,2023-06-20
4342,Anika Wang,user4342@streamflix-mail.com,Other,60,Sydney,Australia,2024-02-06
4343,Kiara Muller,user4343@streamflix-mail.com,Male,22,Chicago,United States,2025-08-02
4344,Ananya Kim,user4344@streamflix-mail.com,Female,28,Singapore,Singapore,2026-03-20
4345,Sara Wang,user4345@streamflix-mail.com,Male,61,London,United Kingdom,2019-08-16
4346,James Muller,user4346@streamflix-mail.com,Female,48,New York,United States,2023-12-12
4347,Vivaan Kowalski,user4347@streamflix-mail.com,Female,43,Pune,India,2019-08-20
4348,Reyansh Verma,user4348@streamflix-mail.com,Female,44,Chennai,India,2022-02-16
4349,Wei Li,user4349@streamflix-mail.com,Male,68,Tokyo,Japan,2024-07-22
4350,Sara Nair,user4350@streamflix-mail.com,Female,25,New York,United States,2023-01-24
4351,Noah Dubois,user4351@streamflix-mail.com,Male,30,Singapore,Singapore,2025-01-20
4352,Liam Verma,user4352@streamflix-mail.com,Female,40,New York,United States,2025-11-04
4353,Liam Singh,user4353@streamflix-mail.com,Female,61,London,United Kingdom,2026-04-20
4354,Anika Nair,user4354@streamflix-mail.com,Female,44,Toronto,Canada,2024-01-17
4355,Aarohi Kim,user4355@streamflix-mail.com,Male,54,Chicago,United States,2024-01-18
4356,Chen Sharma,user4356@streamflix-mail.com,Female,59,Singapore,Singapore,2025-01-08
4357,Mateo Sharma,user4357@streamflix-mail.com,Female,63,Berlin,Germany,2020-09-30
4358,Ananya Davis,user4358@streamflix-mail.com,Female,39,Seoul,South Korea,2021-04-05
4359,Ethan Tanaka,user4359@streamflix-mail.com,Female,39,Berlin,Germany,2021-07-23
4360,Mateo Davis,user4360@streamflix-mail.com,Female,17,Mumbai,India,2024-07-30
4361,Aarav Garcia,user4361@streamflix-mail.com,Female,17,Dubai,United Arab Emirates,2021-08-19
4362,Yuki Park,user4362@streamflix-mail.com,Female,40,Singapore,Singapore,2020-01-17
4363,Aarohi Wilson,user4363@streamflix-mail.com,Male,55,Los Angeles,United States,2024-12-26
4364,Mateo Johnson,user4364@streamflix-mail.com,Female,60,Kolkata,India,2024-08-14
4365,Olivia Lee,user4365@streamflix-mail.com,Male,36,Delhi,India,2023-06-15
4366,Hana Sharma,user4366@streamflix-mail.com,Male,45,Tokyo,Japan,2025-08-10
4367,Reyansh Singh,user4367@streamflix-mail.com,Female,59,Tokyo,Japan,2024-12-08
4368,Sai Zhang,user4368@streamflix-mail.com,Male,31,Delhi,India,2025-09-30
4369,Lucia Smith,user4369@streamflix-mail.com,Female,22,Manchester,United Kingdom,2020-12-12
4370,Emma Verma,user4370@streamflix-mail.com,Other,65,Manchester,United Kingdom,2019-11-16
4371,Liam Reddy,user4371@streamflix-mail.com,Male,44,Hyderabad,India,2021-07-24
4372,Reyansh Muller,user4372@streamflix-mail.com,Male,21,London,United Kingdom,2025-03-22
4373,Ishaan Rao,user4373@streamflix-mail.com,Male,27,Tokyo,Japan,2025-12-06
4374,Chen Sharma,user4374@streamflix-mail.com,Male,31,Kolkata,India,2019-10-29
4375,Aadhya Wang,user4375@streamflix-mail.com,Female,24,Singapore,Singapore,2025-05-31
4376,Olivia Davis,user4376@streamflix-mail.com,Female,37,Paris,France,2022-08-02
4377,Aadhya Garcia,user4377@streamflix-mail.com,Female,59,Chicago,United States,2025-02-17
4378,Ananya Dubois,user4378@streamflix-mail.com,Male,55,Bengaluru,India,2024-02-12
4379,Reyansh Rao,user4379@streamflix-mail.com,Female,65,Chennai,India,2019-06-14
4380,Lucia Lee,user4380@streamflix-mail.com,Male,60,Bengaluru,India,2022-08-18
4381,Lucia Li,user4381@streamflix-mail.com,Female,30,New York,United States,2019-09-01
4382,Arjun Kim,user4382@streamflix-mail.com,Female,16,Toronto,Canada,2021-07-19
4383,Sara Khan,user4383@streamflix-mail.com,Male,21,Pune,India,2024-09-05
4384,Liam Zhang,user4384@streamflix-mail.com,Female,58,London,United Kingdom,2024-02-16
4385,Ira Li,user4385@streamflix-mail.com,Female,32,Paris,France,2024-04-13
4386,Lucas Reddy,user4386@streamflix-mail.com,Male,54,Chennai,India,2023-12-15
4387,Ananya Iyer,user4387@streamflix-mail.com,Female,39,Seoul,South Korea,2019-02-10
4388,Aditya Zhang,user4388@streamflix-mail.com,Female,63,Kolkata,India,2023-05-15
4389,Myra Reddy,user4389@streamflix-mail.com,Male,41,Toronto,Canada,2022-08-20
4390,Olivia Dubois,user4390@streamflix-mail.com,Male,64,Hyderabad,India,2022-12-17
4391,Ayaan Reddy,user4391@streamflix-mail.com,Female,27,Chennai,India,2020-08-05
4392,Chen Tanaka,user4392@streamflix-mail.com,Female,57,Seoul,South Korea,2024-04-16
4393,Aarav Zhang,user4393@streamflix-mail.com,Female,42,Manchester,United Kingdom,2023-07-22
4394,Aditya Garcia,user4394@streamflix-mail.com,Female,23,Manchester,United Kingdom,2022-01-08
4395,James Patel,user4395@streamflix-mail.com,Female,26,London,United Kingdom,2019-06-04
4396,James Smith,user4396@streamflix-mail.com,Male,30,Pune,India,2019-07-08
4397,Diya Li,user4397@streamflix-mail.com,Male,21,Berlin,Germany,2021-09-09
4398,Ananya Li,user4398@streamflix-mail.com,Male,66,New York,United States,2023-01-11
4399,Aditya Khan,user4399@streamflix-mail.com,Female,25,Mumbai,India,2026-06-22
4400,Ethan Wilson,user4400@streamflix-mail.com,Female,47,Berlin,Germany,2024-06-03
4401,Ira Tanaka,user4401@streamflix-mail.com,Female,45,Mumbai,India,2022-08-21
4402,Arjun Singh,user4402@streamflix-mail.com,Male,43,Seoul,South Korea,2021-03-30
4403,Ira Zhang,user4403@streamflix-mail.com,Female,48,Chennai,India,2020-04-06
4404,Lucia Nair,user4404@streamflix-mail.com,Female,65,Delhi,India,2020-01-21
4405,Ananya Muller,user4405@streamflix-mail.com,Male,68,Pune,India,2019-07-16
4406,Jin Nair,user4406@streamflix-mail.com,Male,62,Sydney,Australia,2025-11-01
4407,Ananya Patel,user4407@streamflix-mail.com,Female,39,London,United Kingdom,2019-02-13
4408,Ayaan Garcia,user4408@streamflix-mail.com,Female,54,Hyderabad,India,2025-06-22
4409,Ananya Johnson,user4409@streamflix-mail.com,Female,23,Kolkata,India,2023-05-17
4410,Aadhya Nair,user4410@streamflix-mail.com,Male,63,Pune,India,2023-08-21
4411,Arjun Park,user4411@streamflix-mail.com,Female,24,Sydney,Australia,2026-03-09
4412,Olivia Sharma,user4412@streamflix-mail.com,Male,19,Seoul,South Korea,2024-11-23
4413,Myra Tanaka,user4413@streamflix-mail.com,Male,60,Chennai,India,2020-02-07
4414,Lucas Verma,user4414@streamflix-mail.com,Female,56,Seoul,South Korea,2026-04-06
4415,Aarohi Smith,user4415@streamflix-mail.com,Male,20,Los Angeles,United States,2020-04-27
4416,Navya Andersen,user4416@streamflix-mail.com,Other,68,Delhi,India,2023-04-08
4417,Kiara Iyer,user4417@streamflix-mail.com,Male,19,Kolkata,India,2023-10-21
4418,Reyansh Gupta,user4418@streamflix-mail.com,Male,15,Seoul,South Korea,2020-10-30
4419,Lucas Li,user4419@streamflix-mail.com,Male,67,Tokyo,Japan,2023-09-22
4420,Arjun Gupta,user4420@streamflix-mail.com,Female,25,Singapore,Singapore,2023-10-16
4421,Lucas Dubois,user4421@streamflix-mail.com,Male,26,New York,United States,2026-05-06
4422,Valentina Garcia,user4422@streamflix-mail.com,Male,58,Dubai,United Arab Emirates,2025-11-09
4423,Wei Dubois,user4423@streamflix-mail.com,Male,47,Singapore,Singapore,2021-12-30
4424,Kiara Singh,user4424@streamflix-mail.com,Male,42,Dubai,United Arab Emirates,2024-03-04
4425,Aadhya Iyer,user4425@streamflix-mail.com,Female,69,Manchester,United Kingdom,2025-02-25
4426,Min Kowalski,user4426@streamflix-mail.com,Female,17,London,United Kingdom,2019-03-13
4427,Ananya Li,user4427@streamflix-mail.com,Male,65,Paris,France,2024-02-19
4428,Aarohi Andersen,user4428@streamflix-mail.com,Female,28,Berlin,Germany,2025-11-16
4429,Wei Rao,user4429@streamflix-mail.com,Male,48,London,United Kingdom,2019-11-26
4430,Sofia Brown,user4430@streamflix-mail.com,Female,31,Pune,India,2024-08-25
4431,Sofia Lee,user4431@streamflix-mail.com,Male,29,Los Angeles,United States,2019-06-15
4432,Vihaan Garcia,user4432@streamflix-mail.com,Female,31,London,United Kingdom,2022-01-05
4433,Jin Singh,user4433@streamflix-mail.com,Male,44,Sydney,Australia,2025-02-21
4434,Arjun Johnson,user4434@streamflix-mail.com,Female,63,Kolkata,India,2026-05-27
4435,Olivia Kim,user4435@streamflix-mail.com,Male,19,Mumbai,India,2024-06-15
4436,Lucia Verma,user4436@streamflix-mail.com,Other,50,Tokyo,Japan,2024-05-29
4437,Ethan Smith,user4437@streamflix-mail.com,Male,62,Berlin,Germany,2020-12-10
4438,Lucia Patel,user4438@streamflix-mail.com,Female,54,Delhi,India,2025-03-10
4439,Myra Gupta,user4439@streamflix-mail.com,Female,68,Kolkata,India,2023-12-10
4440,Aadhya Reddy,user4440@streamflix-mail.com,Male,13,Los Angeles,United States,2026-01-26
4441,Myra Miller,user4441@streamflix-mail.com,Male,33,Dubai,United Arab Emirates,2023-07-09
4442,Sara Reddy,user4442@streamflix-mail.com,Male,37,Dubai,United Arab Emirates,2019-04-19
4443,Sophia Smith,user4443@streamflix-mail.com,Other,43,Kolkata,India,2022-10-30
4444,Kiara Wilson,user4444@streamflix-mail.com,Female,31,Kolkata,India,2024-10-21
4445,Mia Dubois,user4445@streamflix-mail.com,Female,27,Los Angeles,United States,2024-11-27
4446,Anika Gupta,user4446@streamflix-mail.com,Male,61,Pune,India,2021-11-23
4447,Aadhya Garcia,user4447@streamflix-mail.com,Female,26,Los Angeles,United States,2020-04-13
4448,Ayaan Reddy,user4448@streamflix-mail.com,Male,67,Chennai,India,2025-07-07
4449,Liam Brown,user4449@streamflix-mail.com,Male,15,Delhi,India,2025-03-03
4450,Jin Miller,user4450@streamflix-mail.com,Male,37,Singapore,Singapore,2025-08-03
4451,Min Silva,user4451@streamflix-mail.com,Male,47,Dubai,United Arab Emirates,2024-01-11
4452,Ananya Garcia,user4452@streamflix-mail.com,Female,68,Chennai,India,2025-03-18
4453,Aarohi Kowalski,user4453@streamflix-mail.com,Female,56,Los Angeles,United States,2022-01-07
4454,Lucas Iyer,user4454@streamflix-mail.com,Male,13,Los Angeles,United States,2024-11-03
4455,Noah Verma,user4455@streamflix-mail.com,Male,55,Mumbai,India,2022-08-29
4456,Aditya Sharma,user4456@streamflix-mail.com,Female,31,London,United Kingdom,2024-12-14
4457,Olivia Smith,user4457@streamflix-mail.com,Female,62,Chicago,United States,2020-02-05
4458,Vivaan Nair,user4458@streamflix-mail.com,Male,57,Berlin,Germany,2021-03-22
4459,Arjun Gupta,user4459@streamflix-mail.com,Male,23,New York,United States,2020-08-10
4460,Ethan Singh,user4460@streamflix-mail.com,Female,33,Dubai,United Arab Emirates,2022-01-18
4461,Arjun Tanaka,user4461@streamflix-mail.com,Other,59,New York,United States,2025-02-08
4462,Myra Rossi,user4462@streamflix-mail.com,Female,65,Hyderabad,India,2019-11-12
4463,Olivia Sharma,user4463@streamflix-mail.com,Male,47,Kolkata,India,2024-06-23
4464,Ethan Andersen,user4464@streamflix-mail.com,Female,25,Seoul,South Korea,2025-03-24
4465,Navya Khan,user4465@streamflix-mail.com,Male,35,Chennai,India,2024-01-12
4466,Vihaan Brown,user4466@streamflix-mail.com,Female,58,Tokyo,Japan,2023-11-04
4467,Yuki Rao,user4467@streamflix-mail.com,Male,47,Sydney,Australia,2020-01-15
4468,Lucia Brown,user4468@streamflix-mail.com,Male,24,Singapore,Singapore,2023-08-05
4469,Jin Li,user4469@streamflix-mail.com,Male,29,Dubai,United Arab Emirates,2020-09-11
4470,Mia Wang,user4470@streamflix-mail.com,Male,24,London,United Kingdom,2020-11-04
4471,Anika Lee,user4471@streamflix-mail.com,Male,39,Toronto,Canada,2025-06-16
4472,Jin Kim,user4472@streamflix-mail.com,Female,38,Delhi,India,2023-08-11
4473,Aarohi Wang,user4473@streamflix-mail.com,Female,43,Sydney,Australia,2026-06-13
4474,Sai Nair,user4474@streamflix-mail.com,Female,66,Singapore,Singapore,2022-05-29
4475,Min Johnson,user4475@streamflix-mail.com,Male,50,Bengaluru,India,2021-09-06
4476,Aadhya Reddy,user4476@streamflix-mail.com,Male,46,London,United Kingdom,2026-06-18
4477,Lucia Wang,user4477@streamflix-mail.com,Female,33,London,United Kingdom,2023-09-01
4478,Sara Garcia,user4478@streamflix-mail.com,Male,49,Kolkata,India,2025-06-21
4479,Min Park,user4479@streamflix-mail.com,Male,67,Delhi,India,2019-05-02
4480,Emma Wilson,user4480@streamflix-mail.com,Female,13,Mumbai,India,2022-12-11
4481,Kiara Patel,user4481@streamflix-mail.com,Other,32,Pune,India,2025-02-14
4482,Diya Iyer,user4482@streamflix-mail.com,Male,16,Pune,India,2025-01-22
4483,Hana Tanaka,user4483@streamflix-mail.com,Female,24,Pune,India,2024-05-11
4484,Aditya Patel,user4484@streamflix-mail.com,Female,16,Toronto,Canada,2020-03-26
4485,Kiara Reddy,user4485@streamflix-mail.com,Male,46,Los Angeles,United States,2023-02-06
4486,Sara Rao,user4486@streamflix-mail.com,Female,59,Bengaluru,India,2019-10-05
4487,Emma Andersen,user4487@streamflix-mail.com,Male,66,Delhi,India,2025-01-04
4488,Ananya Singh,user4488@streamflix-mail.com,Male,26,Sydney,Australia,2023-09-23
4489,Ethan Tanaka,user4489@streamflix-mail.com,Other,52,Berlin,Germany,2020-06-14
4490,Ira Garcia,user4490@streamflix-mail.com,Female,31,Tokyo,Japan,2024-06-12
4491,Ayaan Muller,user4491@streamflix-mail.com,Male,31,Dubai,United Arab Emirates,2024-05-23
4492,Ayaan Park,user4492@streamflix-mail.com,Male,47,Kolkata,India,2019-05-26
4493,Sophia Verma,user4493@streamflix-mail.com,Female,51,Singapore,Singapore,2019-09-02
4494,Ananya Davis,user4494@streamflix-mail.com,Male,46,Delhi,India,2020-07-04
4495,Aadhya Brown,user4495@streamflix-mail.com,Female,18,Hyderabad,India,2019-07-11
4496,Ava Khan,user4496@streamflix-mail.com,Female,36,Bengaluru,India,2023-01-11
4497,Myra Wilson,user4497@streamflix-mail.com,Male,29,Hyderabad,India,2025-08-06
4498,Ira Reddy,user4498@streamflix-mail.com,Female,13,New York,United States,2019-06-21
4499,Ishaan Zhang,user4499@streamflix-mail.com,Female,15,Mumbai,India,2023-08-10
4500,Myra Rossi,user4500@streamflix-mail.com,Female,38,Tokyo,Japan,2022-03-07
4501,Sophia Gupta,user4501@streamflix-mail.com,Male,18,Singapore,Singapore,2025-04-08
4502,Emma Miller,user4502@streamflix-mail.com,Male,55,Toronto,Canada,2022-08-12
4503,Valentina Park,user4503@streamflix-mail.com,Male,16,Hyderabad,India,2024-01-05
4504,Wei Verma,user4504@streamflix-mail.com,Female,26,Seoul,South Korea,2025-11-28
4505,Aarav Johnson,user4505@streamflix-mail.com,Female,69,Mumbai,India,2020-01-08
4506,Ira Singh,user4506@streamflix-mail.com,Female,53,Paris,France,2021-05-14
4507,Diya Verma,user4507@streamflix-mail.com,Female,44,Singapore,Singapore,2021-01-08
4508,Olivia Rossi,user4508@streamflix-mail.com,Male,13,Pune,India,2020-04-06
4509,Ananya Garcia,user4509@streamflix-mail.com,Male,15,Hyderabad,India,2023-11-09
4510,Mateo Li,user4510@streamflix-mail.com,Female,64,Sydney,Australia,2019-01-21
4511,Diya Lee,user4511@streamflix-mail.com,Female,58,Tokyo,Japan,2021-11-22
4512,James Dubois,user4512@streamflix-mail.com,Female,67,Chicago,United States,2019-11-29
4513,Arjun Tanaka,user4513@streamflix-mail.com,Male,59,Delhi,India,2023-08-12
4514,Sofia Kim,user4514@streamflix-mail.com,Male,13,Chicago,United States,2024-08-17
4515,Sofia Smith,user4515@streamflix-mail.com,Female,58,Chicago,United States,2022-07-02
4516,Yuki Brown,user4516@streamflix-mail.com,Male,39,Kolkata,India,2022-05-03
4517,Sara Rossi,user4517@streamflix-mail.com,Male,52,Berlin,Germany,2022-05-16
4518,Aditya Brown,user4518@streamflix-mail.com,Female,36,Kolkata,India,2020-06-28
4519,Lucas Davis,user4519@streamflix-mail.com,Female,54,Pune,India,2021-10-25
4520,Navya Nair,user4520@streamflix-mail.com,Female,60,Sydney,Australia,2025-12-29
4521,Valentina Tanaka,user4521@streamflix-mail.com,Female,68,Toronto,Canada,2019-04-23
4522,Sophia Park,user4522@streamflix-mail.com,Female,43,Toronto,Canada,2024-11-26
4523,Emma Rao,user4523@streamflix-mail.com,Male,28,London,United Kingdom,2020-03-27
4524,Valentina Lee,user4524@streamflix-mail.com,Female,47,Kolkata,India,2019-11-10
4525,Chen Brown,user4525@streamflix-mail.com,Female,41,Chennai,India,2021-02-20
4526,Kiara Iyer,user4526@streamflix-mail.com,Male,24,Bengaluru,India,2021-01-06
4527,Aarav Dubois,user4527@streamflix-mail.com,Other,54,Hyderabad,India,2021-05-15
4528,Vihaan Dubois,user4528@streamflix-mail.com,Female,17,Manchester,United Kingdom,2025-05-14
4529,Navya Muller,user4529@streamflix-mail.com,Male,35,Los Angeles,United States,2025-10-12
4530,Liam Johnson,user4530@streamflix-mail.com,Female,52,Singapore,Singapore,2024-03-10
4531,Vivaan Singh,user4531@streamflix-mail.com,Female,65,Tokyo,Japan,2020-02-05
4532,Sai Verma,user4532@streamflix-mail.com,Male,48,Manchester,United Kingdom,2026-02-01
4533,Lucas Wang,user4533@streamflix-mail.com,Male,68,Bengaluru,India,2025-05-09
4534,Wei Rao,user4534@streamflix-mail.com,Female,60,Mumbai,India,2019-07-28
4535,Vivaan Dubois,user4535@streamflix-mail.com,Male,26,Pune,India,2021-11-26
4536,James Dubois,user4536@streamflix-mail.com,Male,61,Chennai,India,2024-10-24
4537,Vihaan Reddy,user4537@streamflix-mail.com,Female,32,Delhi,India,2019-09-02
4538,Lucas Andersen,user4538@streamflix-mail.com,Female,48,Dubai,United Arab Emirates,2019-07-29
4539,Hana Iyer,user4539@streamflix-mail.com,Female,24,New York,United States,2023-07-18
4540,Min Miller,user4540@streamflix-mail.com,Female,43,Singapore,Singapore,2021-07-10
4541,Olivia Miller,user4541@streamflix-mail.com,Female,51,Pune,India,2022-04-24
4542,Ava Kowalski,user4542@streamflix-mail.com,Male,65,Mumbai,India,2024-08-17
4543,Lucia Park,user4543@streamflix-mail.com,Male,66,Bengaluru,India,2023-01-31
4544,Noah Dubois,user4544@streamflix-mail.com,Female,58,Chicago,United States,2024-04-30
4545,Navya Lee,user4545@streamflix-mail.com,Male,44,Chicago,United States,2019-12-12
4546,Wei Rossi,user4546@streamflix-mail.com,Female,63,Los Angeles,United States,2019-01-06
4547,Olivia Muller,user4547@streamflix-mail.com,Female,19,Paris,France,2020-11-20
4548,Hana Muller,user4548@streamflix-mail.com,Male,69,Sydney,Australia,2020-07-06
4549,James Brown,user4549@streamflix-mail.com,Female,24,Singapore,Singapore,2021-06-06
4550,Min Johnson,user4550@streamflix-mail.com,Female,35,Bengaluru,India,2024-11-01
4551,Vivaan Tanaka,user4551@streamflix-mail.com,Female,64,Chicago,United States,2020-02-21
4552,Vivaan Li,user4552@streamflix-mail.com,Male,53,Toronto,Canada,2019-12-12
4553,Vihaan Andersen,user4553@streamflix-mail.com,Female,61,Manchester,United Kingdom,2020-07-03
4554,Liam Lee,user4554@streamflix-mail.com,Male,52,Berlin,Germany,2021-06-12
4555,Lucas Andersen,user4555@streamflix-mail.com,Female,47,Chicago,United States,2020-06-24
4556,Krishna Wang,user4556@streamflix-mail.com,Female,22,New York,United States,2020-05-18
4557,Reyansh Li,user4557@streamflix-mail.com,Male,69,Berlin,Germany,2023-05-06
4558,Min Nair,user4558@streamflix-mail.com,Male,49,Kolkata,India,2019-11-02
4559,Wei Lee,user4559@streamflix-mail.com,Female,51,Manchester,United Kingdom,2020-02-26
4560,Ava Wang,user4560@streamflix-mail.com,Female,37,Mumbai,India,2025-04-09
4561,Aarohi Li,user4561@streamflix-mail.com,Male,67,Hyderabad,India,2019-02-19
4562,Anika Kowalski,user4562@streamflix-mail.com,Female,38,Delhi,India,2019-06-17
4563,Aarav Rao,user4563@streamflix-mail.com,Female,23,Los Angeles,United States,2019-07-10
4564,Ayaan Rao,user4564@streamflix-mail.com,Male,23,Berlin,Germany,2023-01-07
4565,Jin Tanaka,user4565@streamflix-mail.com,Female,52,Delhi,India,2024-03-17
4566,Myra Tanaka,user4566@streamflix-mail.com,Male,55,Paris,France,2024-03-11
4567,Lucas Nair,user4567@streamflix-mail.com,Male,24,Seoul,South Korea,2024-03-04
4568,Lucas Johnson,user4568@streamflix-mail.com,Female,52,Mumbai,India,2019-06-07
4569,Aadhya Kowalski,user4569@streamflix-mail.com,Male,69,Mumbai,India,2021-08-01
4570,Krishna Nair,user4570@streamflix-mail.com,Female,43,Berlin,Germany,2023-10-01
4571,Sophia Silva,user4571@streamflix-mail.com,Female,68,Manchester,United Kingdom,2024-02-11
4572,Vihaan Reddy,user4572@streamflix-mail.com,Female,21,Hyderabad,India,2021-07-03
4573,Aarohi Nair,user4573@streamflix-mail.com,Male,35,Paris,France,2025-05-07
4574,Jin Silva,user4574@streamflix-mail.com,Male,44,Manchester,United Kingdom,2025-04-01
4575,Lucas Kim,user4575@streamflix-mail.com,Female,33,Toronto,Canada,2024-09-27
4576,Wei Wilson,user4576@streamflix-mail.com,Female,18,Sydney,Australia,2024-12-23
4577,Vihaan Muller,user4577@streamflix-mail.com,Female,39,Pune,India,2026-04-23
4578,Ayaan Rao,user4578@streamflix-mail.com,Male,32,New York,United States,2024-12-13
4579,Diya Davis,user4579@streamflix-mail.com,Male,24,Bengaluru,India,2023-05-22
4580,Diya Kim,user4580@streamflix-mail.com,Male,34,London,United Kingdom,2021-12-27
4581,Ayaan Li,user4581@streamflix-mail.com,Female,36,Paris,France,2021-09-18
4582,Mateo Rao,user4582@streamflix-mail.com,Male,63,Toronto,Canada,2025-03-02
4583,Reyansh Park,user4583@streamflix-mail.com,Female,41,Sydney,Australia,2021-03-21
4584,Lucas Garcia,user4584@streamflix-mail.com,Male,36,Hyderabad,India,2023-09-21
4585,Olivia Wilson,user4585@streamflix-mail.com,Male,35,London,United Kingdom,2022-10-08
4586,Noah Muller,user4586@streamflix-mail.com,Female,47,Paris,France,2021-11-02
4587,Krishna Johnson,user4587@streamflix-mail.com,Female,28,Delhi,India,2022-05-19
4588,Aadhya Zhang,user4588@streamflix-mail.com,Other,62,Pune,India,2019-08-09
4589,Noah Kowalski,user4589@streamflix-mail.com,Male,36,Singapore,Singapore,2024-04-26
4590,Diya Li,user4590@streamflix-mail.com,Female,37,Mumbai,India,2019-07-02
4591,Sophia Tanaka,user4591@streamflix-mail.com,Male,16,Pune,India,2019-07-22
4592,Vivaan Lee,user4592@streamflix-mail.com,Female,63,Berlin,Germany,2020-11-19
4593,Aditya Patel,user4593@streamflix-mail.com,Female,39,Mumbai,India,2022-12-25
4594,Mia Tanaka,user4594@streamflix-mail.com,Male,20,Los Angeles,United States,2021-03-31
4595,Noah Park,user4595@streamflix-mail.com,Female,22,Kolkata,India,2025-08-07
4596,Vivaan Singh,user4596@streamflix-mail.com,Male,33,New York,United States,2025-12-14
4597,Jin Rao,user4597@streamflix-mail.com,Male,57,Chennai,India,2021-12-12
4598,Aarav Singh,user4598@streamflix-mail.com,Male,18,Chennai,India,2026-06-30
4599,Mateo Muller,user4599@streamflix-mail.com,Male,19,Dubai,United Arab Emirates,2019-09-01
4600,Mia Gupta,user4600@streamflix-mail.com,Female,44,Mumbai,India,2020-01-29
4601,Valentina Li,user4601@streamflix-mail.com,Female,41,Bengaluru,India,2021-08-09
4602,Lucia Wilson,user4602@streamflix-mail.com,Female,67,Chennai,India,2026-01-25
4603,Aadhya Gupta,user4603@streamflix-mail.com,Female,55,Tokyo,Japan,2022-10-10
4604,Wei Kim,user4604@streamflix-mail.com,Female,50,New York,United States,2024-04-18
4605,Krishna Li,user4605@streamflix-mail.com,Male,32,Mumbai,India,2023-11-23
4606,Kiara Wang,user4606@streamflix-mail.com,Male,48,London,United Kingdom,2022-09-27
4607,Ishaan Davis,user4607@streamflix-mail.com,Male,46,Toronto,Canada,2025-12-25
4608,Aarohi Smith,user4608@streamflix-mail.com,Female,28,Chicago,United States,2026-02-26
4609,Min Iyer,user4609@streamflix-mail.com,Female,34,Delhi,India,2022-05-12
4610,Navya Sharma,user4610@streamflix-mail.com,Female,66,Seoul,South Korea,2024-05-08
4611,Vihaan Smith,user4611@streamflix-mail.com,Male,43,Seoul,South Korea,2023-09-05
4612,Aadhya Kim,user4612@streamflix-mail.com,Male,39,Berlin,Germany,2023-06-14
4613,Yuki Verma,user4613@streamflix-mail.com,Female,58,Paris,France,2019-10-06
4614,James Tanaka,user4614@streamflix-mail.com,Male,28,Kolkata,India,2020-07-27
4615,Liam Lee,user4615@streamflix-mail.com,Female,25,Los Angeles,United States,2026-06-03
4616,Navya Patel,user4616@streamflix-mail.com,Male,69,Paris,France,2020-10-31
4617,Diya Kowalski,user4617@streamflix-mail.com,Male,58,Los Angeles,United States,2023-11-20
4618,Olivia Nair,user4618@streamflix-mail.com,Female,37,Seoul,South Korea,2025-10-31
4619,Ava Kowalski,user4619@streamflix-mail.com,Female,66,Toronto,Canada,2023-07-08
4620,Jin Patel,user4620@streamflix-mail.com,Female,34,Berlin,Germany,2020-08-11
4621,Noah Johnson,user4621@streamflix-mail.com,Female,51,Mumbai,India,2025-06-11
4622,Valentina Brown,user4622@streamflix-mail.com,Male,14,Singapore,Singapore,2019-03-30
4623,Hana Tanaka,user4623@streamflix-mail.com,Female,52,Tokyo,Japan,2024-06-02
4624,Vihaan Singh,user4624@streamflix-mail.com,Female,23,Hyderabad,India,2020-12-29
4625,Ira Tanaka,user4625@streamflix-mail.com,Female,26,Singapore,Singapore,2023-10-20
4626,Ira Smith,user4626@streamflix-mail.com,Female,59,Hyderabad,India,2022-08-08
4627,Aarav Patel,user4627@streamflix-mail.com,Male,24,Berlin,Germany,2023-04-08
4628,Ayaan Park,user4628@streamflix-mail.com,Male,40,Berlin,Germany,2021-11-11
4629,Wei Zhang,user4629@streamflix-mail.com,Female,65,Mumbai,India,2022-12-19
4630,Sara Smith,user4630@streamflix-mail.com,Female,67,London,United Kingdom,2026-01-06
4631,Sai Iyer,user4631@streamflix-mail.com,Male,38,New York,United States,2025-03-12
4632,Diya Johnson,user4632@streamflix-mail.com,Male,17,Seoul,South Korea,2022-02-20
4633,Ananya Wilson,user4633@streamflix-mail.com,Other,29,Kolkata,India,2026-01-21
4634,Reyansh Verma,user4634@streamflix-mail.com,Female,48,Singapore,Singapore,2025-08-31
4635,Arjun Gupta,user4635@streamflix-mail.com,Female,32,Bengaluru,India,2023-09-14
4636,Wei Andersen,user4636@streamflix-mail.com,Male,54,Pune,India,2023-06-17
4637,Chen Verma,user4637@streamflix-mail.com,Other,69,Paris,France,2019-04-08
4638,Aarohi Brown,user4638@streamflix-mail.com,Female,48,New York,United States,2022-12-06
4639,Noah Li,user4639@streamflix-mail.com,Female,48,Dubai,United Arab Emirates,2020-08-05
4640,Sofia Rao,user4640@streamflix-mail.com,Male,43,Paris,France,2020-03-14
4641,Hana Miller,user4641@streamflix-mail.com,Female,23,Paris,France,2025-06-08
4642,Vivaan Gupta,user4642@streamflix-mail.com,Female,45,Mumbai,India,2021-01-12
4643,Mateo Silva,user4643@streamflix-mail.com,Female,66,Pune,India,2023-08-13
4644,Aditya Park,user4644@streamflix-mail.com,Other,52,Singapore,Singapore,2025-07-02
4645,Vivaan Muller,user4645@streamflix-mail.com,Female,55,Berlin,Germany,2023-06-25
4646,Anika Muller,user4646@streamflix-mail.com,Male,62,Paris,France,2024-11-05
4647,Mia Smith,user4647@streamflix-mail.com,Female,35,Singapore,Singapore,2024-10-23
4648,Vihaan Verma,user4648@streamflix-mail.com,Female,32,Bengaluru,India,2022-05-10
4649,Diya Smith,user4649@streamflix-mail.com,Male,68,Singapore,Singapore,2025-11-28
4650,Ananya Iyer,user4650@streamflix-mail.com,Male,39,Chennai,India,2025-10-24
4651,Ira Davis,user4651@streamflix-mail.com,Female,54,Tokyo,Japan,2021-07-13
4652,Valentina Iyer,user4652@streamflix-mail.com,Male,49,London,United Kingdom,2025-02-20
4653,Myra Andersen,user4653@streamflix-mail.com,Female,20,Hyderabad,India,2020-05-16
4654,Krishna Kim,user4654@streamflix-mail.com,Male,30,Tokyo,Japan,2019-11-03
4655,Arjun Singh,user4655@streamflix-mail.com,Male,31,Paris,France,2022-12-22
4656,Ayaan Andersen,user4656@streamflix-mail.com,Male,23,London,United Kingdom,2023-07-18
4657,Sai Silva,user4657@streamflix-mail.com,Female,57,Tokyo,Japan,2023-05-17
4658,Liam Garcia,user4658@streamflix-mail.com,Female,68,Delhi,India,2024-12-27
4659,Anika Iyer,user4659@streamflix-mail.com,Male,68,Chennai,India,2021-12-06
4660,Aarohi Smith,user4660@streamflix-mail.com,Male,24,Bengaluru,India,2025-01-22
4661,Hana Lee,user4661@streamflix-mail.com,Male,38,Chennai,India,2025-10-05
4662,Olivia Li,user4662@streamflix-mail.com,Female,26,New York,United States,2019-09-08
4663,Reyansh Singh,user4663@streamflix-mail.com,Other,16,Los Angeles,United States,2022-05-14
4664,Ira Li,user4664@streamflix-mail.com,Female,48,Kolkata,India,2020-09-06
4665,Aadhya Patel,user4665@streamflix-mail.com,Male,61,London,United Kingdom,2023-12-03
4666,Hana Singh,user4666@streamflix-mail.com,Female,17,Pune,India,2022-02-04
4667,Aadhya Garcia,user4667@streamflix-mail.com,Male,49,Kolkata,India,2021-02-10
4668,Sai Iyer,user4668@streamflix-mail.com,Male,14,Tokyo,Japan,2020-11-19
4669,Mia Brown,user4669@streamflix-mail.com,Male,61,Manchester,United Kingdom,2021-08-29
4670,Navya Smith,user4670@streamflix-mail.com,Male,16,Mumbai,India,2019-10-26
4671,Vihaan Patel,user4671@streamflix-mail.com,Male,37,Kolkata,India,2019-10-14
4672,Sophia Silva,user4672@streamflix-mail.com,Female,20,Tokyo,Japan,2023-09-18
4673,Krishna Rao,user4673@streamflix-mail.com,Male,36,Hyderabad,India,2026-01-25
4674,Min Zhang,user4674@streamflix-mail.com,Female,37,Berlin,Germany,2022-10-21
4675,Hana Wang,user4675@streamflix-mail.com,Female,43,Chennai,India,2025-12-14
4676,Sara Park,user4676@streamflix-mail.com,Female,60,Toronto,Canada,2020-02-29
4677,Liam Patel,user4677@streamflix-mail.com,Female,69,Chicago,United States,2026-04-18
4678,Liam Rossi,user4678@streamflix-mail.com,Female,32,Toronto,Canada,2023-05-25
4679,Ethan Singh,user4679@streamflix-mail.com,Male,65,Dubai,United Arab Emirates,2024-07-29
4680,Aditya Patel,user4680@streamflix-mail.com,Male,37,Bengaluru,India,2019-06-19
4681,Aadhya Dubois,user4681@streamflix-mail.com,Female,19,New York,United States,2023-07-12
4682,Reyansh Smith,user4682@streamflix-mail.com,Female,47,Manchester,United Kingdom,2021-11-14
4683,Sophia Zhang,user4683@streamflix-mail.com,Female,54,Chennai,India,2025-09-26
4684,Aditya Verma,user4684@streamflix-mail.com,Female,30,New York,United States,2024-12-09
4685,James Kim,user4685@streamflix-mail.com,Female,46,Seoul,South Korea,2025-06-24
4686,Mia Dubois,user4686@streamflix-mail.com,Female,37,Pune,India,2025-09-02
4687,Lucia Wang,user4687@streamflix-mail.com,Female,21,Hyderabad,India,2024-05-27
4688,Diya Lee,user4688@streamflix-mail.com,Female,35,Manchester,United Kingdom,2020-11-02
4689,Aarav Muller,user4689@streamflix-mail.com,Female,37,Delhi,India,2021-02-13
4690,Lucas Patel,user4690@streamflix-mail.com,Other,32,Mumbai,India,2025-06-11
4691,Aarav Johnson,user4691@streamflix-mail.com,Female,65,Seoul,South Korea,2023-07-06
4692,Aditya Gupta,user4692@streamflix-mail.com,Female,35,Chennai,India,2025-09-07
4693,Valentina Zhang,user4693@streamflix-mail.com,Male,48,Bengaluru,India,2024-12-16
4694,Min Wang,user4694@streamflix-mail.com,Male,13,Sydney,Australia,2023-07-20
4695,Lucas Li,user4695@streamflix-mail.com,Female,30,Chicago,United States,2020-02-22
4696,Hana Li,user4696@streamflix-mail.com,Male,63,Chicago,United States,2026-05-13
4697,Vihaan Reddy,user4697@streamflix-mail.com,Male,63,Los Angeles,United States,2020-10-27
4698,Vihaan Park,user4698@streamflix-mail.com,Female,68,Bengaluru,India,2020-11-05
4699,Aadhya Li,user4699@streamflix-mail.com,Female,16,Seoul,South Korea,2020-02-04
4700,Aarav Khan,user4700@streamflix-mail.com,Female,62,Mumbai,India,2019-07-08
4701,Jin Miller,user4701@streamflix-mail.com,Female,28,Chicago,United States,2021-10-23
4702,Aditya Andersen,user4702@streamflix-mail.com,Male,13,Chennai,India,2025-04-28
4703,Emma Brown,user4703@streamflix-mail.com,Male,18,Toronto,Canada,2025-06-28
4704,Min Li,user4704@streamflix-mail.com,Female,55,London,United Kingdom,2022-09-06
4705,Mia Davis,user4705@streamflix-mail.com,Male,46,New York,United States,2021-05-11
4706,Ishaan Park,user4706@streamflix-mail.com,Female,45,London,United Kingdom,2021-08-06
4707,Kiara Kim,user4707@streamflix-mail.com,Other,63,Pune,India,2025-11-20
4708,Emma Park,user4708@streamflix-mail.com,Female,18,Bengaluru,India,2019-06-01
4709,Wei Silva,user4709@streamflix-mail.com,Female,17,Berlin,Germany,2019-06-07
4710,Navya Andersen,user4710@streamflix-mail.com,Female,66,Toronto,Canada,2019-06-26
4711,Diya Patel,user4711@streamflix-mail.com,Female,47,Sydney,Australia,2025-08-28
4712,Yuki Andersen,user4712@streamflix-mail.com,Male,57,Paris,France,2019-09-06
4713,Jin Kim,user4713@streamflix-mail.com,Female,42,Berlin,Germany,2026-01-21
4714,Aarohi Lee,user4714@streamflix-mail.com,Male,21,Manchester,United Kingdom,2020-05-17
4715,Vivaan Rao,user4715@streamflix-mail.com,Female,42,Dubai,United Arab Emirates,2023-02-10
4716,James Brown,user4716@streamflix-mail.com,Male,67,London,United Kingdom,2026-04-10
4717,Jin Park,user4717@streamflix-mail.com,Female,19,Pune,India,2019-11-14
4718,Valentina Smith,user4718@streamflix-mail.com,Female,20,Toronto,Canada,2021-02-09
4719,Anika Patel,user4719@streamflix-mail.com,Male,32,Berlin,Germany,2024-06-15
4720,Reyansh Rossi,user4720@streamflix-mail.com,Female,38,Seoul,South Korea,2025-02-15
4721,Liam Brown,user4721@streamflix-mail.com,Male,48,London,United Kingdom,2025-10-20
4722,Hana Park,user4722@streamflix-mail.com,Male,22,Berlin,Germany,2019-02-23
4723,Lucia Sharma,user4723@streamflix-mail.com,Male,66,Hyderabad,India,2024-10-28
4724,Aditya Gupta,user4724@streamflix-mail.com,Male,21,Mumbai,India,2021-05-31
4725,Diya Muller,user4725@streamflix-mail.com,Other,24,Los Angeles,United States,2023-03-08
4726,Aarohi Iyer,user4726@streamflix-mail.com,Other,68,Pune,India,2025-10-17
4727,Vihaan Silva,user4727@streamflix-mail.com,Female,34,Paris,France,2025-10-06
4728,Jin Andersen,user4728@streamflix-mail.com,Female,45,Bengaluru,India,2020-05-21
4729,Arjun Miller,user4729@streamflix-mail.com,Female,37,London,United Kingdom,2022-07-12
4730,Ethan Dubois,user4730@streamflix-mail.com,Female,27,Dubai,United Arab Emirates,2021-02-16
4731,Sofia Brown,user4731@streamflix-mail.com,Female,41,Bengaluru,India,2023-08-11
4732,Sophia Kowalski,user4732@streamflix-mail.com,Male,57,Mumbai,India,2025-03-12
4733,Wei Singh,user4733@streamflix-mail.com,Female,13,Manchester,United Kingdom,2021-05-20
4734,Ananya Brown,user4734@streamflix-mail.com,Other,62,Berlin,Germany,2019-11-29
4735,Hana Johnson,user4735@streamflix-mail.com,Male,23,Mumbai,India,2019-06-26
4736,Anika Silva,user4736@streamflix-mail.com,Male,65,Mumbai,India,2019-05-26
4737,Aditya Verma,user4737@streamflix-mail.com,Male,67,Berlin,Germany,2021-09-30
4738,Sara Rossi,user4738@streamflix-mail.com,Male,66,Toronto,Canada,2026-03-29
4739,Myra Sharma,user4739@streamflix-mail.com,Female,50,Singapore,Singapore,2020-11-20
4740,James Rao,user4740@streamflix-mail.com,Male,64,Chennai,India,2022-01-13
4741,Ananya Lee,user4741@streamflix-mail.com,Female,61,Kolkata,India,2024-01-23
4742,Kiara Iyer,user4742@streamflix-mail.com,Female,49,Chicago,United States,2023-12-07
4743,Navya Miller,user4743@streamflix-mail.com,Male,63,Pune,India,2021-01-09
4744,Myra Tanaka,user4744@streamflix-mail.com,Female,32,Los Angeles,United States,2019-12-15
4745,Sophia Rossi,user4745@streamflix-mail.com,Female,60,Paris,France,2020-03-04
4746,Aadhya Sharma,user4746@streamflix-mail.com,Female,65,Singapore,Singapore,2020-08-25
4747,Wei Lee,user4747@streamflix-mail.com,Female,49,Seoul,South Korea,2019-08-24
4748,Ananya Lee,user4748@streamflix-mail.com,Female,19,Chicago,United States,2022-06-13
4749,Min Gupta,user4749@streamflix-mail.com,Male,25,Dubai,United Arab Emirates,2023-11-04
4750,Sara Park,user4750@streamflix-mail.com,Male,22,Los Angeles,United States,2024-01-23
4751,Vivaan Davis,user4751@streamflix-mail.com,Male,43,Toronto,Canada,2025-10-24
4752,Sai Zhang,user4752@streamflix-mail.com,Male,37,Singapore,Singapore,2021-03-13
4753,Chen Patel,user4753@streamflix-mail.com,Female,60,Tokyo,Japan,2023-11-28
4754,Min Singh,user4754@streamflix-mail.com,Male,29,Berlin,Germany,2025-08-19
4755,Krishna Li,user4755@streamflix-mail.com,Female,22,Bengaluru,India,2019-03-19
4756,Noah Wang,user4756@streamflix-mail.com,Male,48,Dubai,United Arab Emirates,2024-11-08
4757,Liam Iyer,user4757@streamflix-mail.com,Female,20,Singapore,Singapore,2019-08-30
4758,Sai Khan,user4758@streamflix-mail.com,Female,64,Singapore,Singapore,2023-02-19
4759,Kiara Lee,user4759@streamflix-mail.com,Female,17,Mumbai,India,2025-03-24
4760,Sophia Rossi,user4760@streamflix-mail.com,Female,40,Chicago,United States,2022-06-11
4761,Mateo Khan,user4761@streamflix-mail.com,Male,67,Paris,France,2023-03-13
4762,Hana Khan,user4762@streamflix-mail.com,Female,44,Berlin,Germany,2023-08-24
4763,Vihaan Rossi,user4763@streamflix-mail.com,Male,59,Pune,India,2023-05-02
4764,Ishaan Zhang,user4764@streamflix-mail.com,Female,37,Chicago,United States,2024-06-26
4765,Navya Andersen,user4765@streamflix-mail.com,Female,56,Seoul,South Korea,2025-06-10
4766,Reyansh Silva,user4766@streamflix-mail.com,Male,53,Berlin,Germany,2020-01-05
4767,Liam Kowalski,user4767@streamflix-mail.com,Male,42,Kolkata,India,2022-02-12
4768,Aarav Nair,user4768@streamflix-mail.com,Male,18,Tokyo,Japan,2025-05-23
4769,Arjun Patel,user4769@streamflix-mail.com,Female,68,Tokyo,Japan,2021-11-10
4770,Vivaan Singh,user4770@streamflix-mail.com,Female,15,Hyderabad,India,2022-09-01
4771,Diya Verma,user4771@streamflix-mail.com,Male,33,Mumbai,India,2024-07-25
4772,Wei Silva,user4772@streamflix-mail.com,Male,49,Mumbai,India,2026-01-04
4773,Ayaan Park,user4773@streamflix-mail.com,Male,56,Bengaluru,India,2020-11-19
4774,Valentina Gupta,user4774@streamflix-mail.com,Female,43,Singapore,Singapore,2026-03-01
4775,Ananya Nair,user4775@streamflix-mail.com,Male,35,New York,United States,2024-04-27
4776,Vivaan Nair,user4776@streamflix-mail.com,Male,36,Sydney,Australia,2019-03-26
4777,Myra Brown,user4777@streamflix-mail.com,Female,68,Delhi,India,2025-06-17
4778,Mia Garcia,user4778@streamflix-mail.com,Male,32,Toronto,Canada,2021-11-18
4779,Arjun Patel,user4779@streamflix-mail.com,Female,61,Singapore,Singapore,2021-02-11
4780,Aditya Andersen,user4780@streamflix-mail.com,Female,15,Paris,France,2022-12-11
4781,Hana Khan,user4781@streamflix-mail.com,Male,50,Kolkata,India,2023-04-27
4782,Olivia Wilson,user4782@streamflix-mail.com,Female,51,London,United Kingdom,2023-01-17
4783,Myra Garcia,user4783@streamflix-mail.com,Male,51,Chicago,United States,2019-06-01
4784,Wei Johnson,user4784@streamflix-mail.com,Male,37,Kolkata,India,2025-03-01
4785,Hana Rossi,user4785@streamflix-mail.com,Other,52,Toronto,Canada,2021-07-24
4786,Sara Tanaka,user4786@streamflix-mail.com,Female,38,Manchester,United Kingdom,2020-01-22
4787,Liam Sharma,user4787@streamflix-mail.com,Female,46,Tokyo,Japan,2023-03-30
4788,Aarav Garcia,user4788@streamflix-mail.com,Male,63,Mumbai,India,2023-09-01
4789,Aadhya Reddy,user4789@streamflix-mail.com,Male,51,Pune,India,2019-10-11
4790,Olivia Garcia,user4790@streamflix-mail.com,Male,55,Manchester,United Kingdom,2026-01-24
4791,Ayaan Kim,user4791@streamflix-mail.com,Female,68,Manchester,United Kingdom,2023-07-03
4792,Valentina Brown,user4792@streamflix-mail.com,Female,25,Berlin,Germany,2026-06-21
4793,Mateo Rao,user4793@streamflix-mail.com,Female,46,Sydney,Australia,2024-01-10
4794,Ananya Rao,user4794@streamflix-mail.com,Other,50,Mumbai,India,2019-01-28
4795,Ira Patel,user4795@streamflix-mail.com,Male,52,Chicago,United States,2020-07-24
4796,Ayaan Rao,user4796@streamflix-mail.com,Female,20,Tokyo,Japan,2026-04-16
4797,James Johnson,user4797@streamflix-mail.com,Male,56,Seoul,South Korea,2023-03-13
4798,Arjun Zhang,user4798@streamflix-mail.com,Male,24,Tokyo,Japan,2019-12-01
4799,Ira Gupta,user4799@streamflix-mail.com,Female,36,Chicago,United States,2019-07-23
4800,Liam Verma,user4800@streamflix-mail.com,Female,53,Bengaluru,India,2023-01-10
4801,Noah Davis,user4801@streamflix-mail.com,Male,27,Pune,India,2023-06-15
4802,Olivia Zhang,user4802@streamflix-mail.com,Male,20,Tokyo,Japan,2020-11-05
4803,Krishna Singh,user4803@streamflix-mail.com,Female,51,Kolkata,India,2020-06-17
4804,Yuki Khan,user4804@streamflix-mail.com,Male,28,Dubai,United Arab Emirates,2023-07-19
4805,Sophia Kim,user4805@streamflix-mail.com,Female,60,Mumbai,India,2022-04-07
4806,Wei Johnson,user4806@streamflix-mail.com,Female,64,Chicago,United States,2019-04-12
4807,Kiara Li,user4807@streamflix-mail.com,Male,32,Paris,France,2019-06-07
4808,Jin Iyer,user4808@streamflix-mail.com,Male,55,Pune,India,2020-10-14
4809,Ira Reddy,user4809@streamflix-mail.com,Male,25,Mumbai,India,2023-03-25
4810,Chen Wilson,user4810@streamflix-mail.com,Female,65,Chennai,India,2021-04-02
4811,Krishna Johnson,user4811@streamflix-mail.com,Male,27,Delhi,India,2019-02-10
4812,Ishaan Wang,user4812@streamflix-mail.com,Female,63,Toronto,Canada,2025-11-11
4813,Emma Davis,user4813@streamflix-mail.com,Male,57,Hyderabad,India,2024-03-13
4814,Liam Smith,user4814@streamflix-mail.com,Female,30,Pune,India,2023-05-17
4815,Mia Iyer,user4815@streamflix-mail.com,Male,59,Manchester,United Kingdom,2020-10-30
4816,Diya Iyer,user4816@streamflix-mail.com,Male,49,Kolkata,India,2024-04-23
4817,Min Li,user4817@streamflix-mail.com,Female,51,Sydney,Australia,2026-02-03
4818,Myra Khan,user4818@streamflix-mail.com,Female,34,Berlin,Germany,2024-01-25
4819,Emma Davis,user4819@streamflix-mail.com,Male,26,Berlin,Germany,2021-03-20
4820,Lucia Rossi,user4820@streamflix-mail.com,Male,52,Singapore,Singapore,2021-12-10
4821,Emma Dubois,user4821@streamflix-mail.com,Female,15,Paris,France,2025-12-18
4822,Sophia Patel,user4822@streamflix-mail.com,Male,32,Singapore,Singapore,2019-02-08
4823,Sofia Reddy,user4823@streamflix-mail.com,Male,21,Delhi,India,2020-08-28
4824,Mateo Silva,user4824@streamflix-mail.com,Male,13,Paris,France,2019-10-21
4825,Aarohi Zhang,user4825@streamflix-mail.com,Male,13,Manchester,United Kingdom,2023-10-22
4826,Anika Rao,user4826@streamflix-mail.com,Female,18,Mumbai,India,2022-06-10
4827,Ayaan Lee,user4827@streamflix-mail.com,Female,66,Toronto,Canada,2019-12-31
4828,Emma Nair,user4828@streamflix-mail.com,Female,56,Pune,India,2026-01-21
4829,Sofia Wang,user4829@streamflix-mail.com,Female,69,London,United Kingdom,2023-02-19
4830,Aarohi Wang,user4830@streamflix-mail.com,Male,17,Sydney,Australia,2020-11-12
4831,Myra Patel,user4831@streamflix-mail.com,Female,69,Mumbai,India,2026-02-02
4832,Arjun Miller,user4832@streamflix-mail.com,Male,47,Los Angeles,United States,2024-03-26
4833,Ira Smith,user4833@streamflix-mail.com,Male,58,Delhi,India,2019-12-22
4834,Ishaan Sharma,user4834@streamflix-mail.com,Female,61,Bengaluru,India,2025-03-13
4835,Valentina Reddy,user4835@streamflix-mail.com,Male,27,Pune,India,2019-06-11
4836,Emma Kowalski,user4836@streamflix-mail.com,Male,55,Dubai,United Arab Emirates,2025-10-18
4837,Sai Garcia,user4837@streamflix-mail.com,Male,49,Los Angeles,United States,2021-12-13
4838,Aditya Iyer,user4838@streamflix-mail.com,Female,36,Mumbai,India,2021-03-14
4839,Min Verma,user4839@streamflix-mail.com,Male,41,Singapore,Singapore,2019-05-27
4840,Lucia Smith,user4840@streamflix-mail.com,Female,24,London,United Kingdom,2025-12-24
4841,Wei Tanaka,user4841@streamflix-mail.com,Female,23,Bengaluru,India,2023-03-13
4842,Arjun Johnson,user4842@streamflix-mail.com,Female,65,Manchester,United Kingdom,2023-07-23
4843,Vihaan Tanaka,user4843@streamflix-mail.com,Male,54,Pune,India,2025-05-17
4844,Ayaan Miller,user4844@streamflix-mail.com,Female,45,Toronto,Canada,2022-10-24
4845,Wei Li,user4845@streamflix-mail.com,Male,52,Berlin,Germany,2021-03-04
4846,Wei Silva,user4846@streamflix-mail.com,Female,36,Kolkata,India,2024-11-01
4847,Hana Sharma,user4847@streamflix-mail.com,Female,27,Singapore,Singapore,2022-12-22
4848,Vihaan Sharma,user4848@streamflix-mail.com,Male,66,Mumbai,India,2020-10-15
4849,Reyansh Andersen,user4849@streamflix-mail.com,Female,69,Los Angeles,United States,2025-05-01
4850,Sofia Andersen,user4850@streamflix-mail.com,Female,25,Seoul,South Korea,2025-02-02
4851,Lucia Reddy,user4851@streamflix-mail.com,Male,58,Delhi,India,2020-11-08
4852,Mia Park,user4852@streamflix-mail.com,Male,38,Berlin,Germany,2023-11-15
4853,Arjun Andersen,user4853@streamflix-mail.com,Female,53,Delhi,India,2025-11-26
4854,Aditya Kowalski,user4854@streamflix-mail.com,Female,19,Chicago,United States,2024-12-28
4855,Aditya Patel,user4855@streamflix-mail.com,Female,40,Hyderabad,India,2020-06-28
4856,Sophia Rossi,user4856@streamflix-mail.com,Male,20,Mumbai,India,2025-05-31
4857,Hana Park,user4857@streamflix-mail.com,Female,59,Kolkata,India,2019-06-04
4858,Ava Andersen,user4858@streamflix-mail.com,Female,35,Manchester,United Kingdom,2023-08-18
4859,Ananya Iyer,user4859@streamflix-mail.com,Female,28,Singapore,Singapore,2022-11-01
4860,Wei Kim,user4860@streamflix-mail.com,Female,52,Kolkata,India,2019-04-11
4861,Aditya Sharma,user4861@streamflix-mail.com,Male,67,Chicago,United States,2024-06-10
4862,Hana Smith,user4862@streamflix-mail.com,Female,32,Hyderabad,India,2021-03-26
4863,Jin Sharma,user4863@streamflix-mail.com,Male,53,Singapore,Singapore,2025-05-22
4864,Lucas Garcia,user4864@streamflix-mail.com,Male,52,Hyderabad,India,2025-08-01
4865,Jin Rossi,user4865@streamflix-mail.com,Female,40,Seoul,South Korea,2023-06-05
4866,Olivia Park,user4866@streamflix-mail.com,Male,58,Hyderabad,India,2023-09-13
4867,Kiara Rao,user4867@streamflix-mail.com,Male,20,Sydney,Australia,2019-05-23
4868,Aadhya Brown,user4868@streamflix-mail.com,Male,63,Kolkata,India,2025-09-02
4869,Sofia Johnson,user4869@streamflix-mail.com,Female,36,Paris,France,2024-02-10
4870,Sophia Wang,user4870@streamflix-mail.com,Other,15,Chennai,India,2021-11-18
4871,Ayaan Singh,user4871@streamflix-mail.com,Male,69,Berlin,Germany,2019-08-23
4872,Mateo Gupta,user4872@streamflix-mail.com,Male,57,Tokyo,Japan,2022-10-13
4873,Aditya Davis,user4873@streamflix-mail.com,Female,59,Chicago,United States,2025-10-02
4874,Olivia Rossi,user4874@streamflix-mail.com,Male,21,Chicago,United States,2025-06-19
4875,Ayaan Miller,user4875@streamflix-mail.com,Other,55,New York,United States,2019-09-28
4876,Ethan Khan,user4876@streamflix-mail.com,Female,52,Los Angeles,United States,2024-09-17
4877,Anika Verma,user4877@streamflix-mail.com,Male,64,Chicago,United States,2019-08-13
4878,Navya Kowalski,user4878@streamflix-mail.com,Female,34,Bengaluru,India,2021-10-30
4879,Ethan Li,user4879@streamflix-mail.com,Male,65,Kolkata,India,2022-05-09
4880,Wei Iyer,user4880@streamflix-mail.com,Female,53,Seoul,South Korea,2019-03-03
4881,Ira Gupta,user4881@streamflix-mail.com,Male,27,Paris,France,2020-01-11
4882,Valentina Reddy,user4882@streamflix-mail.com,Female,25,Delhi,India,2025-08-07
4883,Aarohi Johnson,user4883@streamflix-mail.com,Female,64,Singapore,Singapore,2023-09-20
4884,Reyansh Rossi,user4884@streamflix-mail.com,Female,49,Pune,India,2024-11-23
4885,Aarav Iyer,user4885@streamflix-mail.com,Female,19,Sydney,Australia,2023-04-14
4886,Krishna Rossi,user4886@streamflix-mail.com,Male,20,Toronto,Canada,2022-05-14
4887,Sophia Sharma,user4887@streamflix-mail.com,Female,60,Seoul,South Korea,2019-02-19
4888,Emma Li,user4888@streamflix-mail.com,Female,22,Singapore,Singapore,2023-02-04
4889,Myra Patel,user4889@streamflix-mail.com,Male,25,Tokyo,Japan,2024-10-10
4890,Aarohi Kowalski,user4890@streamflix-mail.com,Male,48,Tokyo,Japan,2020-07-13
4891,Hana Miller,user4891@streamflix-mail.com,Male,62,Toronto,Canada,2022-09-06
4892,Liam Patel,user4892@streamflix-mail.com,Male,32,Los Angeles,United States,2022-02-02
4893,Aditya Singh,user4893@streamflix-mail.com,Female,50,Kolkata,India,2025-07-12
4894,Vivaan Rossi,user4894@streamflix-mail.com,Male,53,Kolkata,India,2020-03-22
4895,Aarohi Brown,user4895@streamflix-mail.com,Female,47,New York,United States,2019-10-16
4896,Anika Smith,user4896@streamflix-mail.com,Other,52,Chennai,India,2020-07-30
4897,Min Li,user4897@streamflix-mail.com,Male,25,Kolkata,India,2020-03-03
4898,Olivia Wilson,user4898@streamflix-mail.com,Female,48,Manchester,United Kingdom,2025-05-06
4899,Wei Park,user4899@streamflix-mail.com,Male,13,Chennai,India,2020-12-14
4900,Olivia Garcia,user4900@streamflix-mail.com,Male,54,Kolkata,India,2021-09-19
4901,Myra Verma,user4901@streamflix-mail.com,Male,58,Singapore,Singapore,2020-12-05
4902,Ethan Sharma,user4902@streamflix-mail.com,Male,58,Kolkata,India,2025-02-08
4903,Noah Verma,user4903@streamflix-mail.com,Male,14,Bengaluru,India,2023-12-24
4904,Lucas Lee,user4904@streamflix-mail.com,Male,64,Mumbai,India,2022-07-21
4905,Ayaan Davis,user4905@streamflix-mail.com,Male,37,Dubai,United Arab Emirates,2024-12-27
4906,Ava Li,user4906@streamflix-mail.com,Male,17,Berlin,Germany,2019-07-13
4907,Diya Dubois,user4907@streamflix-mail.com,Female,43,Sydney,Australia,2024-02-01
4908,Yuki Nair,user4908@streamflix-mail.com,Male,45,Delhi,India,2021-09-16
4909,Yuki Kowalski,user4909@streamflix-mail.com,Female,35,Manchester,United Kingdom,2021-11-04
4910,Noah Andersen,user4910@streamflix-mail.com,Female,55,Chennai,India,2020-03-09
4911,Lucia Kim,user4911@streamflix-mail.com,Female,43,Kolkata,India,2019-09-23
4912,Emma Davis,user4912@streamflix-mail.com,Female,25,Berlin,Germany,2024-03-14
4913,Vivaan Nair,user4913@streamflix-mail.com,Female,48,Tokyo,Japan,2025-05-16
4914,Noah Nair,user4914@streamflix-mail.com,Female,28,Singapore,Singapore,2025-10-31
4915,Yuki Sharma,user4915@streamflix-mail.com,Female,19,London,United Kingdom,2020-10-28
4916,Arjun Park,user4916@streamflix-mail.com,Other,28,Manchester,United Kingdom,2024-09-20
4917,Arjun Brown,user4917@streamflix-mail.com,Male,64,Berlin,Germany,2019-11-01
4918,Ananya Nair,user4918@streamflix-mail.com,Female,45,Sydney,Australia,2024-11-01
4919,Hana Iyer,user4919@streamflix-mail.com,Female,31,Manchester,United Kingdom,2023-03-31
4920,Emma Verma,user4920@streamflix-mail.com,Male,33,Delhi,India,2025-06-17
4921,Valentina Park,user4921@streamflix-mail.com,Female,62,Paris,France,2019-07-05
4922,Min Zhang,user4922@streamflix-mail.com,Female,50,Tokyo,Japan,2024-10-27
4923,Liam Kim,user4923@streamflix-mail.com,Female,57,New York,United States,2022-07-02
4924,Sophia Reddy,user4924@streamflix-mail.com,Male,47,Chennai,India,2023-04-06
4925,Myra Verma,user4925@streamflix-mail.com,Male,69,Paris,France,2023-01-15
4926,Vihaan Reddy,user4926@streamflix-mail.com,Male,50,Paris,France,2024-05-09
4927,Ira Li,user4927@streamflix-mail.com,Female,35,Los Angeles,United States,2023-06-29
4928,Olivia Li,user4928@streamflix-mail.com,Female,27,Pune,India,2022-02-12
4929,Ayaan Patel,user4929@streamflix-mail.com,Female,15,Dubai,United Arab Emirates,2022-04-07
4930,Krishna Verma,user4930@streamflix-mail.com,Male,56,Toronto,Canada,2019-07-13
4931,Aarav Rao,user4931@streamflix-mail.com,Male,66,Berlin,Germany,2024-06-05
4932,Mia Rossi,user4932@streamflix-mail.com,Female,50,London,United Kingdom,2024-04-15
4933,Jin Iyer,user4933@streamflix-mail.com,Female,40,Manchester,United Kingdom,2023-04-02
4934,Hana Silva,user4934@streamflix-mail.com,Female,20,Bengaluru,India,2024-05-29
4935,Ira Garcia,user4935@streamflix-mail.com,Male,49,Toronto,Canada,2021-01-06
4936,Olivia Iyer,user4936@streamflix-mail.com,Male,24,New York,United States,2020-09-04
4937,Mateo Kowalski,user4937@streamflix-mail.com,Female,48,Pune,India,2025-12-07
4938,Olivia Davis,user4938@streamflix-mail.com,Female,30,Dubai,United Arab Emirates,2026-02-24
4939,Diya Zhang,user4939@streamflix-mail.com,Male,62,Kolkata,India,2025-05-23
4940,Myra Gupta,user4940@streamflix-mail.com,Female,66,Pune,India,2019-05-24
4941,Mia Johnson,user4941@streamflix-mail.com,Female,26,Paris,France,2023-02-11
4942,Navya Kim,user4942@streamflix-mail.com,Female,31,Paris,France,2024-07-08
4943,Hana Park,user4943@streamflix-mail.com,Male,65,Chicago,United States,2019-04-12
4944,Min Verma,user4944@streamflix-mail.com,Male,14,Chennai,India,2026-04-05
4945,Vivaan Kim,user4945@streamflix-mail.com,Female,42,Hyderabad,India,2024-11-25
4946,Lucas Kowalski,user4946@streamflix-mail.com,Female,21,Toronto,Canada,2021-04-26
4947,Sara Silva,user4947@streamflix-mail.com,Other,37,Toronto,Canada,2022-10-18
4948,James Khan,user4948@streamflix-mail.com,Female,14,Toronto,Canada,2025-11-03
4949,Ananya Andersen,user4949@streamflix-mail.com,Male,21,Dubai,United Arab Emirates,2025-05-26
4950,Sara Zhang,user4950@streamflix-mail.com,Male,35,Chicago,United States,2025-03-12
4951,Myra Verma,user4951@streamflix-mail.com,Male,16,Sydney,Australia,2026-05-18
4952,Aditya Reddy,user4952@streamflix-mail.com,Female,58,Sydney,Australia,2024-07-30
4953,Yuki Andersen,user4953@streamflix-mail.com,Male,45,Dubai,United Arab Emirates,2026-01-04
4954,Sai Khan,user4954@streamflix-mail.com,Female,38,Singapore,Singapore,2026-02-24
4955,Ira Gupta,user4955@streamflix-mail.com,Female,39,Mumbai,India,2019-02-23
4956,Ayaan Garcia,user4956@streamflix-mail.com,Other,60,Toronto,Canada,2023-11-26
4957,Reyansh Davis,user4957@streamflix-mail.com,Female,61,Paris,France,2021-07-03
4958,Sara Lee,user4958@streamflix-mail.com,Female,15,Manchester,United Kingdom,2022-09-16
4959,Sofia Park,user4959@streamflix-mail.com,Female,52,London,United Kingdom,2020-04-04
4960,Lucia Tanaka,user4960@streamflix-mail.com,Other,39,Toronto,Canada,2024-01-25
4961,Ira Li,user4961@streamflix-mail.com,Male,57,Manchester,United Kingdom,2025-04-04
4962,James Sharma,user4962@streamflix-mail.com,Male,57,Los Angeles,United States,2022-02-01
4963,Valentina Gupta,user4963@streamflix-mail.com,Other,53,Paris,France,2024-03-26
4964,Ishaan Sharma,user4964@streamflix-mail.com,Female,51,Delhi,India,2021-06-08
4965,Lucia Johnson,user4965@streamflix-mail.com,Female,25,Tokyo,Japan,2024-08-14
4966,Arjun Smith,user4966@streamflix-mail.com,Male,61,Hyderabad,India,2019-08-14
4967,Ishaan Kowalski,user4967@streamflix-mail.com,Female,52,Pune,India,2025-08-06
4968,Myra Smith,user4968@streamflix-mail.com,Female,28,Toronto,Canada,2021-10-31
4969,Vivaan Sharma,user4969@streamflix-mail.com,Female,26,Toronto,Canada,2022-10-14
4970,Chen Dubois,user4970@streamflix-mail.com,Male,41,Berlin,Germany,2025-01-08
4971,Min Singh,user4971@streamflix-mail.com,Female,32,Chennai,India,2019-03-23
4972,Ira Andersen,user4972@streamflix-mail.com,Female,51,Mumbai,India,2026-02-01
4973,Hana Silva,user4973@streamflix-mail.com,Female,36,Chennai,India,2023-08-10
4974,Wei Dubois,user4974@streamflix-mail.com,Male,22,London,United Kingdom,2026-04-23
4975,Chen Rossi,user4975@streamflix-mail.com,Female,35,New York,United States,2023-02-18
4976,Chen Iyer,user4976@streamflix-mail.com,Male,59,Chennai,India,2020-07-19
4977,Liam Kim,user4977@streamflix-mail.com,Male,60,Berlin,Germany,2023-05-14
4978,Arjun Brown,user4978@streamflix-mail.com,Male,30,Manchester,United Kingdom,2023-04-14
4979,Sofia Kim,user4979@streamflix-mail.com,Female,58,Sydney,Australia,2025-11-25
4980,Noah Li,user4980@streamflix-mail.com,Female,18,Singapore,Singapore,2023-04-26
4981,Sofia Davis,user4981@streamflix-mail.com,Male,69,Los Angeles,United States,2022-01-17
4982,Mateo Rao,user4982@streamflix-mail.com,Male,56,Singapore,Singapore,2020-04-27
4983,Ayaan Andersen,user4983@streamflix-mail.com,Male,15,Paris,France,2021-06-11
4984,Anika Park,user4984@streamflix-mail.com,Male,53,Singapore,Singapore,2023-05-12
4985,Ayaan Dubois,user4985@streamflix-mail.com,Female,41,Chennai,India,2021-10-07
4986,Aditya Singh,user4986@streamflix-mail.com,Male,63,Dubai,United Arab Emirates,2021-09-20
4987,Mateo Muller,user4987@streamflix-mail.com,Male,26,Pune,India,2019-02-09
4988,Sofia Rao,user4988@streamflix-mail.com,Other,63,Delhi,India,2026-01-24
4989,Lucia Garcia,user4989@streamflix-mail.com,Male,62,Los Angeles,United States,2025-04-09
4990,Jin Muller,user4990@streamflix-mail.com,Female,28,London,United Kingdom,2020-11-29
4991,Ava Smith,user4991@streamflix-mail.com,Female,37,Chicago,United States,2020-01-12
4992,James Singh,user4992@streamflix-mail.com,Female,49,Chennai,India,2025-04-05
4993,Valentina Andersen,user4993@streamflix-mail.com,Female,26,Chennai,India,2025-04-09
4994,Liam Kowalski,user4994@streamflix-mail.com,Male,69,Berlin,Germany,2025-09-21
4995,Ava Rao,user4995@streamflix-mail.com,Female,23,Chennai,India,2023-02-07
4996,Krishna Rao,user4996@streamflix-mail.com,Female,26,Dubai,United Arab Emirates,2024-07-07
4997,Mia Khan,user4997@streamflix-mail.com,Male,41,Chennai,India,2024-06-20
4998,Chen Sharma,user4998@streamflix-mail.com,Female,39,Bengaluru,India,2020-08-10
4999,Sophia Wilson,user4999@streamflix-mail.com,Female,15,Delhi,India,2022-12-05
5000,Aarohi Singh,user5000@streamflix-mail.com,Female,64,Pune,India,2020-12-13
5001,Ayaan Muller,user5001@streamflix-mail.com,Female,26,Tokyo,Japan,2024-08-26
5002,Vivaan Nair,user5002@streamflix-mail.com,Male,18,Chicago,United States,2026-04-12
5003,Ava Park,user5003@streamflix-mail.com,Female,42,Sydney,Australia,2019-07-29
5004,Sophia Davis,user5004@streamflix-mail.com,Other,65,Paris,France,2019-07-27
5005,Wei Kim,user5005@streamflix-mail.com,Female,13,Mumbai,India,2020-12-24
5006,Mateo Reddy,user5006@streamflix-mail.com,Male,40,Bengaluru,India,2019-11-17
5007,Aarohi Garcia,user5007@streamflix-mail.com,Female,64,Berlin,Germany,2019-01-25
5008,Hana Kim,user5008@streamflix-mail.com,Female,63,Manchester,United Kingdom,2026-05-03
5009,Lucas Smith,user5009@streamflix-mail.com,Male,22,Toronto,Canada,2023-05-14
5010,Diya Dubois,user5010@streamflix-mail.com,Female,48,Kolkata,India,2024-10-28
5011,Hana Davis,user5011@streamflix-mail.com,Female,60,Tokyo,Japan,2023-03-31
5012,Aditya Smith,user5012@streamflix-mail.com,Female,51,Toronto,Canada,2024-08-05
5013,Olivia Sharma,user5013@streamflix-mail.com,Female,50,Chennai,India,2024-02-22
5014,Lucia Nair,user5014@streamflix-mail.com,Male,57,Toronto,Canada,2020-03-14
5015,Ethan Miller,user5015@streamflix-mail.com,Other,38,Mumbai,India,2020-02-16
5016,Lucia Brown,user5016@streamflix-mail.com,Female,16,Pune,India,2022-08-31
5017,Aditya Dubois,user5017@streamflix-mail.com,Female,49,Pune,India,2021-10-12
5018,Emma Silva,user5018@streamflix-mail.com,Male,48,Dubai,United Arab Emirates,2025-04-21
5019,Yuki Iyer,user5019@streamflix-mail.com,Male,61,Singapore,Singapore,2021-04-18
5020,Ava Lee,user5020@streamflix-mail.com,Female,65,Delhi,India,2021-06-19
5021,Jin Garcia,user5021@streamflix-mail.com,Male,32,Berlin,Germany,2022-12-19
5022,Kiara Reddy,user5022@streamflix-mail.com,Female,67,Tokyo,Japan,2020-06-11
5023,Sophia Park,user5023@streamflix-mail.com,Other,13,Los Angeles,United States,2025-06-08
5024,Anika Wilson,user5024@streamflix-mail.com,Female,68,Pune,India,2019-01-30
5025,Min Gupta,user5025@streamflix-mail.com,Male,20,Los Angeles,United States,2025-05-09
5026,Arjun Miller,user5026@streamflix-mail.com,Female,49,Manchester,United Kingdom,2023-09-01
5027,Ananya Wang,user5027@streamflix-mail.com,Male,51,Toronto,Canada,2025-08-28
5028,Vihaan Rao,user5028@streamflix-mail.com,Female,49,Kolkata,India,2021-03-15
5029,Lucas Smith,user5029@streamflix-mail.com,Female,69,Bengaluru,India,2025-09-30
5030,Ishaan Reddy,user5030@streamflix-mail.com,Female,44,Toronto,Canada,2025-06-22
5031,Aadhya Khan,user5031@streamflix-mail.com,Male,20,Singapore,Singapore,2022-06-04
5032,Hana Tanaka,user5032@streamflix-mail.com,Male,47,Chennai,India,2021-02-15
5033,Sara Kim,user5033@streamflix-mail.com,Other,29,Toronto,Canada,2020-06-23
5034,Sai Nair,user5034@streamflix-mail.com,Female,47,Manchester,United Kingdom,2020-02-20
5035,Aarav Miller,user5035@streamflix-mail.com,Female,34,London,United Kingdom,2023-05-16
5036,Ishaan Nair,user5036@streamflix-mail.com,Female,15,Mumbai,India,2026-03-14
5037,Sofia Garcia,user5037@streamflix-mail.com,Female,49,Kolkata,India,2023-03-29
5038,Emma Iyer,user5038@streamflix-mail.com,Male,18,New York,United States,2026-03-26
5039,Valentina Kim,user5039@streamflix-mail.com,Female,31,Tokyo,Japan,2024-08-31
5040,Krishna Lee,user5040@streamflix-mail.com,Female,48,Tokyo,Japan,2024-02-19
5041,Sara Park,user5041@streamflix-mail.com,Other,63,Seoul,South Korea,2024-06-07
5042,Reyansh Garcia,user5042@streamflix-mail.com,Male,30,Chicago,United States,2025-12-16
5043,Ira Patel,user5043@streamflix-mail.com,Female,30,Kolkata,India,2025-06-07
5044,Liam Singh,user5044@streamflix-mail.com,Male,30,Chicago,United States,2020-03-19
5045,Chen Khan,user5045@streamflix-mail.com,Female,45,Dubai,United Arab Emirates,2023-05-21
5046,Sara Brown,user5046@streamflix-mail.com,Female,24,Toronto,Canada,2022-06-14
5047,Wei Garcia,user5047@streamflix-mail.com,Female,43,Toronto,Canada,2025-08-04
5048,Ava Zhang,user5048@streamflix-mail.com,Male,58,Los Angeles,United States,2020-07-12
5049,Diya Verma,user5049@streamflix-mail.com,Male,17,Sydney,Australia,2025-02-23
5050,Sofia Patel,user5050@streamflix-mail.com,Male,67,Seoul,South Korea,2022-08-03
5051,Navya Muller,user5051@streamflix-mail.com,Male,43,Sydney,Australia,2025-12-27
5052,Reyansh Andersen,user5052@streamflix-mail.com,Male,48,Los Angeles,United States,2024-12-06
5053,Mateo Andersen,user5053@streamflix-mail.com,Female,48,Tokyo,Japan,2021-08-02
5054,Sofia Rao,user5054@streamflix-mail.com,Male,66,Berlin,Germany,2025-05-02
5055,Vivaan Iyer,user5055@streamflix-mail.com,Male,50,Dubai,United Arab Emirates,2020-05-28
5056,Sofia Nair,user5056@streamflix-mail.com,Female,63,Seoul,South Korea,2019-01-12
5057,Lucia Reddy,user5057@streamflix-mail.com,Male,29,Chennai,India,2022-10-19
5058,Hana Kowalski,user5058@streamflix-mail.com,Male,25,Los Angeles,United States,2021-12-02
5059,Ananya Dubois,user5059@streamflix-mail.com,Female,49,Pune,India,2019-12-11
5060,Ava Rossi,user5060@streamflix-mail.com,Male,21,New York,United States,2026-06-14
5061,Emma Wang,user5061@streamflix-mail.com,Male,19,Singapore,Singapore,2019-04-17
5062,Noah Smith,user5062@streamflix-mail.com,Female,25,Sydney,Australia,2023-06-02
5063,Noah Miller,user5063@streamflix-mail.com,Male,28,Mumbai,India,2020-12-15
5064,Ava Muller,user5064@streamflix-mail.com,Male,18,Dubai,United Arab Emirates,2021-03-21
5065,James Rossi,user5065@streamflix-mail.com,Male,54,Hyderabad,India,2020-07-31
5066,Sophia Davis,user5066@streamflix-mail.com,Male,46,Hyderabad,India,2021-12-01
5067,Emma Muller,user5067@streamflix-mail.com,Female,24,London,United Kingdom,2024-01-02
5068,Aarav Smith,user5068@streamflix-mail.com,Male,29,Pune,India,2021-06-02
5069,Vivaan Brown,user5069@streamflix-mail.com,Male,65,Paris,France,2024-05-29
5070,Mateo Muller,user5070@streamflix-mail.com,Male,65,Bengaluru,India,2022-05-10
5071,Sofia Johnson,user5071@streamflix-mail.com,Other,20,Hyderabad,India,2024-11-19
5072,Olivia Li,user5072@streamflix-mail.com,Male,47,Dubai,United Arab Emirates,2022-05-02
5073,Reyansh Garcia,user5073@streamflix-mail.com,Female,31,Chennai,India,2021-09-27
5074,Yuki Patel,user5074@streamflix-mail.com,Male,33,Singapore,Singapore,2022-10-19
5075,Sai Khan,user5075@streamflix-mail.com,Female,47,Sydney,Australia,2024-02-23
5076,Ira Kim,user5076@streamflix-mail.com,Male,69,Hyderabad,India,2022-06-25
5077,Myra Miller,user5077@streamflix-mail.com,Male,46,Manchester,United Kingdom,2025-10-17
5078,Aarav Johnson,user5078@streamflix-mail.com,Female,67,London,United Kingdom,2022-11-14
5079,Chen Li,user5079@streamflix-mail.com,Male,59,Delhi,India,2021-03-21
5080,James Sharma,user5080@streamflix-mail.com,Female,57,Dubai,United Arab Emirates,2019-03-18
5081,Aadhya Gupta,user5081@streamflix-mail.com,Female,58,Seoul,South Korea,2021-12-10
5082,James Kowalski,user5082@streamflix-mail.com,Female,58,Berlin,Germany,2019-05-30
5083,Aarav Park,user5083@streamflix-mail.com,Male,27,Delhi,India,2019-04-08
5084,Navya Wilson,user5084@streamflix-mail.com,Female,68,Hyderabad,India,2021-10-13
5085,James Sharma,user5085@streamflix-mail.com,Male,65,Tokyo,Japan,2021-03-05
5086,Myra Lee,user5086@streamflix-mail.com,Other,47,Kolkata,India,2025-08-19
5087,Hana Garcia,user5087@streamflix-mail.com,Female,53,Toronto,Canada,2024-06-22
5088,Ishaan Lee,user5088@streamflix-mail.com,Female,63,Kolkata,India,2024-12-05
5089,Sai Verma,user5089@streamflix-mail.com,Female,21,Pune,India,2023-02-02
5090,Emma Wilson,user5090@streamflix-mail.com,Female,16,Toronto,Canada,2019-10-29
5091,Jin Lee,user5091@streamflix-mail.com,Female,69,Pune,India,2025-05-19
5092,Ira Patel,user5092@streamflix-mail.com,Male,44,Bengaluru,India,2022-09-16
5093,Vivaan Verma,user5093@streamflix-mail.com,Female,54,London,United Kingdom,2022-03-20
5094,Mateo Tanaka,user5094@streamflix-mail.com,Male,41,Hyderabad,India,2023-07-14
5095,Navya Wang,user5095@streamflix-mail.com,Male,42,Hyderabad,India,2020-03-24
5096,Reyansh Kim,user5096@streamflix-mail.com,Female,15,Dubai,United Arab Emirates,2022-08-10
5097,Noah Silva,user5097@streamflix-mail.com,Male,29,London,United Kingdom,2023-07-17
5098,Aadhya Zhang,user5098@streamflix-mail.com,Female,17,London,United Kingdom,2024-03-24
5099,Lucia Iyer,user5099@streamflix-mail.com,Male,37,Bengaluru,India,2022-10-01
5100,Diya Garcia,user5100@streamflix-mail.com,Male,14,Hyderabad,India,2026-06-23
5101,Liam Dubois,user5101@streamflix-mail.com,Female,58,New York,United States,2026-06-04
5102,Emma Patel,user5102@streamflix-mail.com,Male,29,New York,United States,2019-09-22
5103,Ishaan Tanaka,user5103@streamflix-mail.com,Female,55,Chicago,United States,2019-08-15
5104,Aarohi Verma,user5104@streamflix-mail.com,Female,16,Bengaluru,India,2022-11-12
5105,Arjun Rao,user5105@streamflix-mail.com,Female,14,Seoul,South Korea,2025-03-16
5106,Ava Smith,user5106@streamflix-mail.com,Male,37,New York,United States,2022-11-03
5107,Wei Kim,user5107@streamflix-mail.com,Female,57,Tokyo,Japan,2020-08-17
5108,Mateo Nair,user5108@streamflix-mail.com,Male,59,Los Angeles,United States,2023-03-20
5109,Myra Khan,user5109@streamflix-mail.com,Male,44,Chicago,United States,2026-01-26
5110,Diya Park,user5110@streamflix-mail.com,Male,47,Bengaluru,India,2020-04-02
5111,Emma Patel,user5111@streamflix-mail.com,Male,52,Sydney,Australia,2022-05-04
5112,Sophia Dubois,user5112@streamflix-mail.com,Female,51,Delhi,India,2023-10-14
5113,Valentina Dubois,user5113@streamflix-mail.com,Male,55,Singapore,Singapore,2021-12-12
5114,Vivaan Rao,user5114@streamflix-mail.com,Male,14,Seoul,South Korea,2019-05-02
5115,Ishaan Wilson,user5115@streamflix-mail.com,Female,37,New York,United States,2024-01-08
5116,Ananya Rao,user5116@streamflix-mail.com,Female,60,Seoul,South Korea,2024-07-22
5117,Ananya Smith,user5117@streamflix-mail.com,Male,38,Sydney,Australia,2023-11-29
5118,Kiara Zhang,user5118@streamflix-mail.com,Male,21,Mumbai,India,2023-12-21
5119,Min Patel,user5119@streamflix-mail.com,Male,50,Pune,India,2023-12-04
5120,Vivaan Iyer,user5120@streamflix-mail.com,Female,30,Toronto,Canada,2021-06-23
5121,Chen Singh,user5121@streamflix-mail.com,Female,42,Singapore,Singapore,2019-02-15
5122,Noah Andersen,user5122@streamflix-mail.com,Female,42,Delhi,India,2026-05-31
5123,Noah Singh,user5123@streamflix-mail.com,Female,52,Sydney,Australia,2020-07-13
5124,Sophia Smith,user5124@streamflix-mail.com,Male,66,Tokyo,Japan,2025-03-19
5125,Arjun Kim,user5125@streamflix-mail.com,Female,52,Delhi,India,2023-01-20
5126,Mia Reddy,user5126@streamflix-mail.com,Male,69,Seoul,South Korea,2023-01-17
5127,Ishaan Patel,user5127@streamflix-mail.com,Male,14,London,United Kingdom,2019-02-27
5128,James Nair,user5128@streamflix-mail.com,Male,57,Toronto,Canada,2026-06-05
5129,Sophia Andersen,user5129@streamflix-mail.com,Male,36,Delhi,India,2022-12-18
5130,Noah Andersen,user5130@streamflix-mail.com,Female,54,Toronto,Canada,2025-03-22
5131,Aadhya Li,user5131@streamflix-mail.com,Male,17,Chicago,United States,2024-10-30
5132,Ira Singh,user5132@streamflix-mail.com,Male,43,New York,United States,2020-01-13
5133,Aarohi Kim,user5133@streamflix-mail.com,Male,14,Dubai,United Arab Emirates,2026-02-07
5134,Vivaan Park,user5134@streamflix-mail.com,Other,50,Pune,India,2023-06-07
5135,Mia Dubois,user5135@streamflix-mail.com,Female,25,Delhi,India,2020-05-21
5136,Vihaan Iyer,user5136@streamflix-mail.com,Female,21,Chicago,United States,2023-05-10
5137,Kiara Li,user5137@streamflix-mail.com,Female,17,Singapore,Singapore,2023-08-15
5138,Ethan Nair,user5138@streamflix-mail.com,Female,28,Bengaluru,India,2023-11-23
5139,Vihaan Lee,user5139@streamflix-mail.com,Male,67,Paris,France,2021-05-30
5140,Valentina Dubois,user5140@streamflix-mail.com,Male,69,Sydney,Australia,2026-01-19
5141,Ira Verma,user5141@streamflix-mail.com,Male,17,Berlin,Germany,2020-10-10
5142,Aarav Iyer,user5142@streamflix-mail.com,Male,68,Chicago,United States,2022-09-09
5143,Ethan Rossi,user5143@streamflix-mail.com,Female,46,Bengaluru,India,2025-04-15
5144,Liam Sharma,user5144@streamflix-mail.com,Male,31,Hyderabad,India,2019-07-31
5145,Ava Zhang,user5145@streamflix-mail.com,Male,66,London,United Kingdom,2022-01-09
5146,Wei Davis,user5146@streamflix-mail.com,Female,26,Manchester,United Kingdom,2022-08-05
5147,Aarohi Smith,user5147@streamflix-mail.com,Male,23,Singapore,Singapore,2024-10-17
5148,Hana Muller,user5148@streamflix-mail.com,Male,26,Dubai,United Arab Emirates,2024-11-26
5149,Sara Muller,user5149@streamflix-mail.com,Male,21,Dubai,United Arab Emirates,2024-12-21
5150,Emma Rao,user5150@streamflix-mail.com,Female,40,Manchester,United Kingdom,2021-09-08
5151,Reyansh Sharma,user5151@streamflix-mail.com,Male,21,Mumbai,India,2022-09-08
5152,Noah Reddy,user5152@streamflix-mail.com,Male,25,London,United Kingdom,2019-03-16
5153,Ananya Reddy,user5153@streamflix-mail.com,Male,34,Tokyo,Japan,2025-03-02
5154,Sophia Tanaka,user5154@streamflix-mail.com,Female,49,Tokyo,Japan,2021-04-10
5155,Chen Lee,user5155@streamflix-mail.com,Male,61,Tokyo,Japan,2022-07-03
5156,Min Zhang,user5156@streamflix-mail.com,Male,17,Mumbai,India,2024-02-11
5157,Lucia Khan,user5157@streamflix-mail.com,Female,48,Los Angeles,United States,2024-10-27
5158,Arjun Muller,user5158@streamflix-mail.com,Female,18,Toronto,Canada,2019-08-24
5159,Sai Wang,user5159@streamflix-mail.com,Male,69,Pune,India,2024-10-01
5160,Lucia Li,user5160@streamflix-mail.com,Male,28,Los Angeles,United States,2021-10-26
5161,Ira Miller,user5161@streamflix-mail.com,Male,61,Delhi,India,2022-02-17
5162,Vivaan Zhang,user5162@streamflix-mail.com,Female,57,Hyderabad,India,2019-12-31
5163,Diya Wilson,user5163@streamflix-mail.com,Male,31,Mumbai,India,2024-05-16
5164,Hana Johnson,user5164@streamflix-mail.com,Female,31,Paris,France,2022-07-27
5165,Sara Lee,user5165@streamflix-mail.com,Female,31,Seoul,South Korea,2019-10-12
5166,Vihaan Rao,user5166@streamflix-mail.com,Female,39,Los Angeles,United States,2020-01-23
5167,Lucas Kowalski,user5167@streamflix-mail.com,Male,38,Mumbai,India,2024-05-29
5168,Ayaan Wang,user5168@streamflix-mail.com,Female,50,Kolkata,India,2019-10-26
5169,Sara Li,user5169@streamflix-mail.com,Female,39,Los Angeles,United States,2022-11-28
5170,Aarav Wang,user5170@streamflix-mail.com,Female,57,Hyderabad,India,2024-03-25
5171,Noah Garcia,user5171@streamflix-mail.com,Male,39,Sydney,Australia,2025-11-02
5172,Navya Kowalski,user5172@streamflix-mail.com,Female,30,Paris,France,2020-03-08
5173,Min Khan,user5173@streamflix-mail.com,Female,31,Tokyo,Japan,2021-03-21
5174,Myra Lee,user5174@streamflix-mail.com,Female,54,Seoul,South Korea,2020-02-28
5175,Krishna Gupta,user5175@streamflix-mail.com,Female,21,Tokyo,Japan,2025-08-05
5176,Reyansh Patel,user5176@streamflix-mail.com,Female,29,Delhi,India,2023-06-11
5177,Krishna Lee,user5177@streamflix-mail.com,Male,30,Manchester,United Kingdom,2026-05-16
5178,Kiara Miller,user5178@streamflix-mail.com,Female,49,Manchester,United Kingdom,2019-04-30
5179,Vihaan Kowalski,user5179@streamflix-mail.com,Female,20,Bengaluru,India,2024-04-16
5180,Anika Kim,user5180@streamflix-mail.com,Female,38,Bengaluru,India,2019-04-01
5181,Min Brown,user5181@streamflix-mail.com,Male,51,Manchester,United Kingdom,2019-10-26
5182,Wei Brown,user5182@streamflix-mail.com,Male,65,Singapore,Singapore,2022-03-27
5183,Ava Kim,user5183@streamflix-mail.com,Female,37,Pune,India,2021-10-01
5184,Jin Silva,user5184@streamflix-mail.com,Female,68,Chicago,United States,2021-09-26
5185,Yuki Patel,user5185@streamflix-mail.com,Male,47,Delhi,India,2019-07-05
5186,Ethan Lee,user5186@streamflix-mail.com,Male,57,Bengaluru,India,2023-01-31
5187,Min Lee,user5187@streamflix-mail.com,Female,26,Manchester,United Kingdom,2021-07-21
5188,Arjun Sharma,user5188@streamflix-mail.com,Female,65,Manchester,United Kingdom,2026-06-13
5189,Chen Andersen,user5189@streamflix-mail.com,Male,27,Dubai,United Arab Emirates,2024-12-01
5190,Diya Lee,user5190@streamflix-mail.com,Male,20,Berlin,Germany,2022-04-05
5191,Mia Singh,user5191@streamflix-mail.com,Male,17,Hyderabad,India,2024-09-26
5192,Sofia Park,user5192@streamflix-mail.com,Male,50,Kolkata,India,2023-04-27
5193,Aarohi Zhang,user5193@streamflix-mail.com,Female,48,Seoul,South Korea,2022-09-18
5194,Vihaan Andersen,user5194@streamflix-mail.com,Female,24,Delhi,India,2025-11-21
5195,Sara Verma,user5195@streamflix-mail.com,Female,63,Tokyo,Japan,2023-05-28
5196,Anika Brown,user5196@streamflix-mail.com,Female,28,Berlin,Germany,2022-08-15
5197,Lucia Nair,user5197@streamflix-mail.com,Male,47,Delhi,India,2023-04-01
5198,Lucia Lee,user5198@streamflix-mail.com,Male,42,Bengaluru,India,2024-11-08
5199,Liam Davis,user5199@streamflix-mail.com,Male,46,Sydney,Australia,2024-07-23
5200,Mateo Miller,user5200@streamflix-mail.com,Male,55,Chicago,United States,2023-02-11
5201,Navya Tanaka,user5201@streamflix-mail.com,Female,65,Paris,France,2020-04-28
5202,Anika Davis,user5202@streamflix-mail.com,Male,54,London,United Kingdom,2023-10-11
5203,Hana Brown,user5203@streamflix-mail.com,Female,64,Sydney,Australia,2022-03-25
5204,Ethan Gupta,user5204@streamflix-mail.com,Male,62,Pune,India,2025-12-28
5205,James Patel,user5205@streamflix-mail.com,Male,33,Kolkata,India,2025-10-23
5206,Kiara Dubois,user5206@streamflix-mail.com,Male,44,Hyderabad,India,2019-01-02
5207,Lucas Garcia,user5207@streamflix-mail.com,Female,24,Bengaluru,India,2026-06-28
5208,Wei Andersen,user5208@streamflix-mail.com,Female,65,Bengaluru,India,2025-10-02
5209,Aarohi Davis,user5209@streamflix-mail.com,Female,68,Seoul,South Korea,2025-10-19
5210,Vivaan Wilson,user5210@streamflix-mail.com,Male,63,Delhi,India,2022-09-24
5211,Arjun Brown,user5211@streamflix-mail.com,Female,55,London,United Kingdom,2021-01-10
5212,Sai Wilson,user5212@streamflix-mail.com,Female,61,London,United Kingdom,2023-07-20
5213,Kiara Gupta,user5213@streamflix-mail.com,Male,58,Delhi,India,2025-08-14
5214,Noah Verma,user5214@streamflix-mail.com,Male,26,Tokyo,Japan,2022-05-17
5215,Chen Miller,user5215@streamflix-mail.com,Male,28,London,United Kingdom,2026-05-21
5216,Ishaan Lee,user5216@streamflix-mail.com,Male,43,Bengaluru,India,2020-12-15
5217,Yuki Wilson,user5217@streamflix-mail.com,Female,36,Bengaluru,India,2025-05-24
5218,Ethan Brown,user5218@streamflix-mail.com,Male,54,Singapore,Singapore,2019-06-30
5219,Aditya Patel,user5219@streamflix-mail.com,Female,54,Toronto,Canada,2025-04-17
5220,Sara Wang,user5220@streamflix-mail.com,Female,68,Los Angeles,United States,2026-01-31
5221,Aadhya Kim,user5221@streamflix-mail.com,Male,57,Los Angeles,United States,2024-04-07
5222,Jin Verma,user5222@streamflix-mail.com,Female,13,Mumbai,India,2023-09-05
5223,Sofia Garcia,user5223@streamflix-mail.com,Male,32,Mumbai,India,2022-01-31
5224,Chen Wang,user5224@streamflix-mail.com,Female,31,London,United Kingdom,2025-07-19
5225,Emma Silva,user5225@streamflix-mail.com,Male,49,New York,United States,2019-12-13
5226,Aarohi Patel,user5226@streamflix-mail.com,Male,32,Chennai,India,2021-03-07
5227,Aadhya Andersen,user5227@streamflix-mail.com,Male,68,New York,United States,2019-12-26
5228,Wei Park,user5228@streamflix-mail.com,Female,29,Toronto,Canada,2021-01-31
5229,Vihaan Garcia,user5229@streamflix-mail.com,Female,37,Chennai,India,2022-12-03
5230,Ananya Kim,user5230@streamflix-mail.com,Female,59,Kolkata,India,2021-07-08
5231,Sai Dubois,user5231@streamflix-mail.com,Male,33,Chennai,India,2022-02-25
5232,Aarohi Khan,user5232@streamflix-mail.com,Other,15,Sydney,Australia,2020-09-24
5233,Diya Iyer,user5233@streamflix-mail.com,Male,31,Delhi,India,2021-08-23
5234,Ayaan Garcia,user5234@streamflix-mail.com,Female,33,Berlin,Germany,2022-09-25
5235,Ira Gupta,user5235@streamflix-mail.com,Female,47,Manchester,United Kingdom,2020-08-08
5236,Min Muller,user5236@streamflix-mail.com,Female,53,Pune,India,2026-01-07
5237,Liam Tanaka,user5237@streamflix-mail.com,Male,44,Dubai,United Arab Emirates,2025-09-22
5238,Chen Kim,user5238@streamflix-mail.com,Female,36,Berlin,Germany,2025-07-26
5239,Sofia Tanaka,user5239@streamflix-mail.com,Female,41,Delhi,India,2019-01-05
5240,Sofia Gupta,user5240@streamflix-mail.com,Male,21,Pune,India,2022-09-17
5241,Sara Kim,user5241@streamflix-mail.com,Female,23,Bengaluru,India,2024-12-16
5242,Jin Garcia,user5242@streamflix-mail.com,Male,47,Delhi,India,2021-08-12
5243,Sofia Patel,user5243@streamflix-mail.com,Female,62,Singapore,Singapore,2020-09-26
5244,Mateo Rao,user5244@streamflix-mail.com,Female,42,Hyderabad,India,2023-08-02
5245,Sara Wilson,user5245@streamflix-mail.com,Female,16,New York,United States,2019-01-07
5246,Ishaan Park,user5246@streamflix-mail.com,Male,68,Tokyo,Japan,2023-08-04
5247,Olivia Iyer,user5247@streamflix-mail.com,Male,31,Toronto,Canada,2022-05-21
5248,Lucia Kim,user5248@streamflix-mail.com,Female,55,Sydney,Australia,2024-02-16
5249,Sofia Andersen,user5249@streamflix-mail.com,Male,64,Delhi,India,2024-02-13
5250,Liam Sharma,user5250@streamflix-mail.com,Female,69,Paris,France,2023-01-06
5251,Sai Dubois,user5251@streamflix-mail.com,Male,19,Delhi,India,2023-05-18
5252,Anika Kim,user5252@streamflix-mail.com,Female,23,Singapore,Singapore,2019-03-15
5253,Lucas Smith,user5253@streamflix-mail.com,Male,49,Toronto,Canada,2026-05-10
5254,Liam Li,user5254@streamflix-mail.com,Male,56,Los Angeles,United States,2019-07-28
5255,Myra Kim,user5255@streamflix-mail.com,Male,60,Tokyo,Japan,2026-04-28
5256,Myra Silva,user5256@streamflix-mail.com,Male,44,Seoul,South Korea,2026-04-20
5257,Aditya Gupta,user5257@streamflix-mail.com,Male,22,Delhi,India,2024-05-19
5258,Diya Verma,user5258@streamflix-mail.com,Male,53,Paris,France,2024-08-05
5259,Ethan Park,user5259@streamflix-mail.com,Female,51,Pune,India,2019-03-24
5260,Ishaan Rao,user5260@streamflix-mail.com,Male,39,Dubai,United Arab Emirates,2026-02-09
5261,Valentina Singh,user5261@streamflix-mail.com,Female,49,Tokyo,Japan,2022-12-17
5262,Vihaan Brown,user5262@streamflix-mail.com,Female,25,Manchester,United Kingdom,2021-07-18
5263,Olivia Wang,user5263@streamflix-mail.com,Female,59,Seoul,South Korea,2024-01-08
5264,Aarohi Nair,user5264@streamflix-mail.com,Male,15,Tokyo,Japan,2023-01-04
5265,Hana Tanaka,user5265@streamflix-mail.com,Male,60,London,United Kingdom,2021-09-17
5266,Jin Brown,user5266@streamflix-mail.com,Male,60,Hyderabad,India,2021-05-31
5267,Emma Iyer,user5267@streamflix-mail.com,Female,52,Los Angeles,United States,2019-11-20
5268,Ava Gupta,user5268@streamflix-mail.com,Female,59,Berlin,Germany,2025-10-24
5269,Sophia Muller,user5269@streamflix-mail.com,Male,65,Pune,India,2023-12-28
5270,James Reddy,user5270@streamflix-mail.com,Male,22,Paris,France,2021-02-26
5271,Ayaan Brown,user5271@streamflix-mail.com,Male,44,Hyderabad,India,2024-06-02
5272,Navya Zhang,user5272@streamflix-mail.com,Male,49,Sydney,Australia,2024-03-14
5273,Ishaan Davis,user5273@streamflix-mail.com,Female,66,Toronto,Canada,2020-01-19
5274,Kiara Singh,user5274@streamflix-mail.com,Male,55,Hyderabad,India,2020-04-24
5275,Noah Reddy,user5275@streamflix-mail.com,Male,46,Chicago,United States,2020-09-24
5276,Krishna Wang,user5276@streamflix-mail.com,Male,44,Bengaluru,India,2019-10-16
5277,Ishaan Miller,user5277@streamflix-mail.com,Male,21,New York,United States,2025-03-03
5278,Chen Verma,user5278@streamflix-mail.com,Male,31,Paris,France,2020-03-02
5279,Ira Nair,user5279@streamflix-mail.com,Male,37,Delhi,India,2025-01-30
5280,Ayaan Wilson,user5280@streamflix-mail.com,Male,63,Seoul,South Korea,2022-12-20
5281,Lucas Nair,user5281@streamflix-mail.com,Male,62,Sydney,Australia,2019-11-16
5282,Lucas Johnson,user5282@streamflix-mail.com,Female,49,Singapore,Singapore,2025-05-01
5283,Hana Reddy,user5283@streamflix-mail.com,Female,19,Chennai,India,2020-04-20
5284,Wei Silva,user5284@streamflix-mail.com,Male,54,Berlin,Germany,2026-06-29
5285,Valentina Kim,user5285@streamflix-mail.com,Female,39,Chennai,India,2019-02-08
5286,Liam Silva,user5286@streamflix-mail.com,Male,50,London,United Kingdom,2023-09-01
5287,Diya Verma,user5287@streamflix-mail.com,Other,37,Mumbai,India,2021-05-08
5288,Min Johnson,user5288@streamflix-mail.com,Female,54,Seoul,South Korea,2023-01-01
5289,Ananya Patel,user5289@streamflix-mail.com,Male,25,Singapore,Singapore,2025-04-18
5290,Diya Kim,user5290@streamflix-mail.com,Male,21,Hyderabad,India,2024-11-24
5291,Hana Rossi,user5291@streamflix-mail.com,Female,25,Sydney,Australia,2021-02-09
5292,Jin Khan,user5292@streamflix-mail.com,Male,65,Hyderabad,India,2019-06-24
5293,Myra Silva,user5293@streamflix-mail.com,Male,17,Los Angeles,United States,2021-02-15
5294,Mia Lee,user5294@streamflix-mail.com,Female,29,London,United Kingdom,2025-01-25
5295,Sofia Rossi,user5295@streamflix-mail.com,Female,32,Berlin,Germany,2022-11-12
5296,Yuki Gupta,user5296@streamflix-mail.com,Female,60,Kolkata,India,2024-09-07
5297,Aarav Tanaka,user5297@streamflix-mail.com,Female,33,Mumbai,India,2022-09-16
5298,Ethan Garcia,user5298@streamflix-mail.com,Female,63,Los Angeles,United States,2022-12-20
5299,Reyansh Patel,user5299@streamflix-mail.com,Female,69,Berlin,Germany,2019-06-27
5300,Hana Nair,user5300@streamflix-mail.com,Female,50,Dubai,United Arab Emirates,2019-03-04
5301,Aditya Tanaka,user5301@streamflix-mail.com,Female,32,Delhi,India,2024-04-09
5302,Valentina Dubois,user5302@streamflix-mail.com,Other,47,Delhi,India,2020-07-07
5303,Ayaan Reddy,user5303@streamflix-mail.com,Female,51,Dubai,United Arab Emirates,2021-09-14
5304,Anika Garcia,user5304@streamflix-mail.com,Female,19,Singapore,Singapore,2021-10-09
5305,Ishaan Li,user5305@streamflix-mail.com,Female,60,Manchester,United Kingdom,2023-09-30
5306,Chen Lee,user5306@streamflix-mail.com,Female,37,Delhi,India,2026-01-21
5307,Ira Nair,user5307@streamflix-mail.com,Male,61,Chennai,India,2024-09-05
5308,Mia Smith,user5308@streamflix-mail.com,Female,47,Tokyo,Japan,2023-10-15
5309,Aditya Johnson,user5309@streamflix-mail.com,Male,62,Bengaluru,India,2025-04-04
5310,Kiara Patel,user5310@streamflix-mail.com,Male,17,Pune,India,2022-10-28
5311,Sofia Kowalski,user5311@streamflix-mail.com,Male,15,Chicago,United States,2020-02-02
5312,Lucia Khan,user5312@streamflix-mail.com,Female,19,Singapore,Singapore,2022-08-30
5313,Krishna Wang,user5313@streamflix-mail.com,Female,62,Tokyo,Japan,2026-05-01
5314,Ira Andersen,user5314@streamflix-mail.com,Male,69,Manchester,United Kingdom,2024-11-05
5315,Anika Silva,user5315@streamflix-mail.com,Male,69,Chicago,United States,2021-08-15
5316,Liam Silva,user5316@streamflix-mail.com,Male,31,New York,United States,2021-06-05
5317,Emma Iyer,user5317@streamflix-mail.com,Male,28,Mumbai,India,2025-11-18
5318,Arjun Reddy,user5318@streamflix-mail.com,Male,32,Chennai,India,2019-09-16
5319,Wei Silva,user5319@streamflix-mail.com,Female,59,Pune,India,2025-12-28
5320,Ishaan Li,user5320@streamflix-mail.com,Male,27,Delhi,India,2024-01-28
5321,Aadhya Li,user5321@streamflix-mail.com,Male,44,Singapore,Singapore,2025-01-20
5322,Hana Brown,user5322@streamflix-mail.com,Male,49,New York,United States,2021-06-19
5323,Sophia Davis,user5323@streamflix-mail.com,Female,33,London,United Kingdom,2023-11-11
5324,Ira Sharma,user5324@streamflix-mail.com,Female,39,Pune,India,2021-06-10
5325,Sofia Patel,user5325@streamflix-mail.com,Male,50,Manchester,United Kingdom,2019-02-17
5326,Ira Davis,user5326@streamflix-mail.com,Male,58,Bengaluru,India,2022-05-30
5327,Liam Reddy,user5327@streamflix-mail.com,Female,23,Sydney,Australia,2026-05-06
5328,Ishaan Reddy,user5328@streamflix-mail.com,Male,42,Singapore,Singapore,2020-10-26
5329,Ayaan Verma,user5329@streamflix-mail.com,Female,21,Kolkata,India,2020-03-19
5330,Aarohi Khan,user5330@streamflix-mail.com,Other,13,Pune,India,2025-11-28
5331,Liam Tanaka,user5331@streamflix-mail.com,Female,49,Dubai,United Arab Emirates,2025-10-28
5332,Chen Zhang,user5332@streamflix-mail.com,Female,40,Pune,India,2025-05-08
5333,Ira Kowalski,user5333@streamflix-mail.com,Male,27,Hyderabad,India,2026-04-27
5334,Jin Singh,user5334@streamflix-mail.com,Male,16,Kolkata,India,2026-06-06
5335,Noah Lee,user5335@streamflix-mail.com,Male,66,Paris,France,2025-11-19
5336,Aditya Dubois,user5336@streamflix-mail.com,Male,60,Chicago,United States,2026-03-25
5337,Mia Smith,user5337@streamflix-mail.com,Male,66,Chennai,India,2024-07-31
5338,Liam Park,user5338@streamflix-mail.com,Male,19,London,United Kingdom,2021-05-10
5339,Ira Zhang,user5339@streamflix-mail.com,Female,13,Kolkata,India,2022-06-08
5340,Kiara Rossi,user5340@streamflix-mail.com,Male,25,Sydney,Australia,2021-11-08
5341,Aadhya Tanaka,user5341@streamflix-mail.com,Female,18,Los Angeles,United States,2022-10-27
5342,Noah Kim,user5342@streamflix-mail.com,Male,39,Manchester,United Kingdom,2024-03-26
5343,Liam Lee,user5343@streamflix-mail.com,Male,49,Los Angeles,United States,2020-10-23
5344,Navya Dubois,user5344@streamflix-mail.com,Male,24,Chicago,United States,2019-02-13
5345,Diya Zhang,user5345@streamflix-mail.com,Female,35,Los Angeles,United States,2023-07-09
5346,Ira Smith,user5346@streamflix-mail.com,Female,43,New York,United States,2026-06-14
5347,Aarohi Kim,user5347@streamflix-mail.com,Female,31,Paris,France,2025-06-17
5348,Kiara Wilson,user5348@streamflix-mail.com,Male,39,Chennai,India,2019-01-30
5349,Aadhya Khan,user5349@streamflix-mail.com,Male,46,Tokyo,Japan,2023-06-28
5350,Olivia Davis,user5350@streamflix-mail.com,Other,67,Singapore,Singapore,2022-12-26
5351,Ishaan Kim,user5351@streamflix-mail.com,Male,30,London,United Kingdom,2022-03-09
5352,James Andersen,user5352@streamflix-mail.com,Male,18,Kolkata,India,2024-01-05
5353,Arjun Lee,user5353@streamflix-mail.com,Male,62,Chicago,United States,2022-03-13
5354,Kiara Iyer,user5354@streamflix-mail.com,Male,45,Tokyo,Japan,2025-11-07
5355,Yuki Tanaka,user5355@streamflix-mail.com,Male,39,Hyderabad,India,2025-10-21
5356,Chen Lee,user5356@streamflix-mail.com,Male,54,Manchester,United Kingdom,2023-10-30
5357,Sophia Patel,user5357@streamflix-mail.com,Female,68,Dubai,United Arab Emirates,2022-06-09
5358,Mia Li,user5358@streamflix-mail.com,Female,20,Toronto,Canada,2023-06-23
5359,Aditya Johnson,user5359@streamflix-mail.com,Male,62,Bengaluru,India,2025-09-30
5360,Myra Johnson,user5360@streamflix-mail.com,Male,49,London,United Kingdom,2021-04-02
5361,Ethan Muller,user5361@streamflix-mail.com,Female,46,Hyderabad,India,2025-07-06
5362,Chen Dubois,user5362@streamflix-mail.com,Male,62,Berlin,Germany,2023-06-06
5363,Olivia Davis,user5363@streamflix-mail.com,Female,30,New York,United States,2019-06-23
5364,Min Johnson,user5364@streamflix-mail.com,Male,57,Los Angeles,United States,2024-08-14
5365,Ananya Muller,user5365@streamflix-mail.com,Female,45,Seoul,South Korea,2020-07-07
5366,Reyansh Nair,user5366@streamflix-mail.com,Female,66,Los Angeles,United States,2022-11-12
5367,Vihaan Li,user5367@streamflix-mail.com,Male,39,Hyderabad,India,2026-02-15
5368,Olivia Lee,user5368@streamflix-mail.com,Female,54,Seoul,South Korea,2024-11-04
5369,Ethan Muller,user5369@streamflix-mail.com,Female,41,Toronto,Canada,2024-03-30
5370,Diya Brown,user5370@streamflix-mail.com,Female,35,Toronto,Canada,2019-07-10
5371,Yuki Rossi,user5371@streamflix-mail.com,Male,34,Delhi,India,2025-06-10
5372,Mia Sharma,user5372@streamflix-mail.com,Male,65,Los Angeles,United States,2021-07-07
5373,Sara Li,user5373@streamflix-mail.com,Male,60,Chicago,United States,2019-05-18
5374,Ishaan Gupta,user5374@streamflix-mail.com,Other,25,Chennai,India,2026-03-12
5375,Mia Park,user5375@streamflix-mail.com,Male,62,Manchester,United Kingdom,2020-06-06
5376,Ethan Nair,user5376@streamflix-mail.com,Male,46,Pune,India,2021-06-04
5377,Reyansh Kowalski,user5377@streamflix-mail.com,Female,18,Chicago,United States,2020-01-25
5378,Ananya Silva,user5378@streamflix-mail.com,Male,56,Tokyo,Japan,2023-08-30
5379,Aarohi Reddy,user5379@streamflix-mail.com,Female,22,Singapore,Singapore,2025-07-04
5380,James Dubois,user5380@streamflix-mail.com,Male,62,Chennai,India,2022-11-24
5381,Reyansh Singh,user5381@streamflix-mail.com,Female,38,Pune,India,2025-07-08
5382,Lucia Wilson,user5382@streamflix-mail.com,Male,65,Mumbai,India,2026-01-08
5383,Ira Gupta,user5383@streamflix-mail.com,Male,40,Kolkata,India,2025-07-17
5384,Ira Reddy,user5384@streamflix-mail.com,Female,17,Mumbai,India,2020-03-21
5385,Aditya Singh,user5385@streamflix-mail.com,Male,56,Bengaluru,India,2020-07-18
5386,Jin Wilson,user5386@streamflix-mail.com,Male,54,Paris,France,2021-03-30
5387,Ishaan Wilson,user5387@streamflix-mail.com,Male,30,Seoul,South Korea,2023-10-14
5388,Valentina Muller,user5388@streamflix-mail.com,Female,24,Manchester,United Kingdom,2025-06-19
5389,Aarohi Iyer,user5389@streamflix-mail.com,Male,62,Dubai,United Arab Emirates,2021-05-06
5390,Min Li,user5390@streamflix-mail.com,Male,57,Chicago,United States,2023-12-30
5391,Ayaan Sharma,user5391@streamflix-mail.com,Male,29,Toronto,Canada,2020-05-27
5392,Reyansh Patel,user5392@streamflix-mail.com,Male,52,Berlin,Germany,2023-01-26
5393,Chen Nair,user5393@streamflix-mail.com,Female,26,Delhi,India,2024-11-04
5394,Chen Reddy,user5394@streamflix-mail.com,Male,23,New York,United States,2021-12-17
5395,Emma Lee,user5395@streamflix-mail.com,Female,50,Bengaluru,India,2020-03-22
5396,Vivaan Andersen,user5396@streamflix-mail.com,Female,60,Dubai,United Arab Emirates,2022-01-31
5397,Lucia Zhang,user5397@streamflix-mail.com,Female,65,Tokyo,Japan,2024-09-17
5398,Ira Muller,user5398@streamflix-mail.com,Female,39,Singapore,Singapore,2026-01-03
5399,Lucia Lee,user5399@streamflix-mail.com,Male,21,Toronto,Canada,2023-08-15
5400,Min Verma,user5400@streamflix-mail.com,Other,43,Chicago,United States,2024-01-12
5401,Min Smith,user5401@streamflix-mail.com,Female,51,Mumbai,India,2022-02-22
5402,Sophia Rossi,user5402@streamflix-mail.com,Female,68,Dubai,United Arab Emirates,2025-12-18
5403,Ethan Verma,user5403@streamflix-mail.com,Male,19,Seoul,South Korea,2025-07-09
5404,Emma Gupta,user5404@streamflix-mail.com,Male,50,Paris,France,2026-04-15
5405,Aarav Muller,user5405@streamflix-mail.com,Female,42,Kolkata,India,2025-06-21
5406,Ira Verma,user5406@streamflix-mail.com,Male,46,Pune,India,2023-02-06
5407,Mia Kowalski,user5407@streamflix-mail.com,Female,18,Sydney,Australia,2026-03-14
5408,Chen Li,user5408@streamflix-mail.com,Male,13,Mumbai,India,2023-07-28
5409,Liam Park,user5409@streamflix-mail.com,Female,47,Delhi,India,2023-07-06
5410,Lucas Wilson,user5410@streamflix-mail.com,Male,24,Tokyo,Japan,2023-12-03
5411,Aarav Gupta,user5411@streamflix-mail.com,Male,47,Paris,France,2020-05-23
5412,Kiara Brown,user5412@streamflix-mail.com,Male,14,Los Angeles,United States,2025-04-16
5413,James Rossi,user5413@streamflix-mail.com,Female,58,London,United Kingdom,2021-09-20
5414,Jin Andersen,user5414@streamflix-mail.com,Female,31,London,United Kingdom,2023-12-10
5415,Aadhya Garcia,user5415@streamflix-mail.com,Female,38,Bengaluru,India,2025-04-30
5416,Ishaan Muller,user5416@streamflix-mail.com,Female,32,Pune,India,2019-11-10
5417,Sara Silva,user5417@streamflix-mail.com,Female,36,Chennai,India,2021-04-03
5418,Reyansh Verma,user5418@streamflix-mail.com,Female,43,Tokyo,Japan,2026-01-24
5419,Liam Kim,user5419@streamflix-mail.com,Female,49,Los Angeles,United States,2021-09-15
5420,Ava Kim,user5420@streamflix-mail.com,Female,52,Singapore,Singapore,2023-12-15
5421,Chen Wilson,user5421@streamflix-mail.com,Female,69,Hyderabad,India,2023-03-18
5422,Mateo Silva,user5422@streamflix-mail.com,Male,23,Paris,France,2025-07-09
5423,Aditya Dubois,user5423@streamflix-mail.com,Female,62,Seoul,South Korea,2022-10-29
5424,Ishaan Wilson,user5424@streamflix-mail.com,Male,47,Chicago,United States,2022-03-08
5425,Aadhya Rao,user5425@streamflix-mail.com,Male,30,Pune,India,2019-02-14
5426,Ishaan Tanaka,user5426@streamflix-mail.com,Female,65,Paris,France,2022-07-23
5427,Hana Kowalski,user5427@streamflix-mail.com,Female,53,Tokyo,Japan,2023-05-22
5428,Sai Zhang,user5428@streamflix-mail.com,Male,23,London,United Kingdom,2024-03-01
5429,Vivaan Park,user5429@streamflix-mail.com,Male,22,Chennai,India,2024-11-06
5430,Min Reddy,user5430@streamflix-mail.com,Female,50,Toronto,Canada,2024-10-26
5431,Mateo Brown,user5431@streamflix-mail.com,Male,54,New York,United States,2022-06-11
5432,Ishaan Nair,user5432@streamflix-mail.com,Male,15,Sydney,Australia,2019-08-03
5433,Myra Davis,user5433@streamflix-mail.com,Female,48,Tokyo,Japan,2020-11-27
5434,James Rossi,user5434@streamflix-mail.com,Female,43,Chicago,United States,2022-01-20
5435,Emma Khan,user5435@streamflix-mail.com,Female,68,Mumbai,India,2026-05-04
5436,Valentina Tanaka,user5436@streamflix-mail.com,Female,55,Manchester,United Kingdom,2024-10-08
5437,Anika Reddy,user5437@streamflix-mail.com,Male,64,Seoul,South Korea,2025-09-15
5438,Aarav Gupta,user5438@streamflix-mail.com,Male,14,Pune,India,2026-06-09
5439,Anika Tanaka,user5439@streamflix-mail.com,Female,56,Paris,France,2019-12-31
5440,Liam Reddy,user5440@streamflix-mail.com,Female,32,New York,United States,2019-02-01
5441,James Li,user5441@streamflix-mail.com,Male,44,Sydney,Australia,2023-04-21
5442,James Li,user5442@streamflix-mail.com,Male,63,Singapore,Singapore,2020-12-26
5443,Sofia Rao,user5443@streamflix-mail.com,Male,62,Hyderabad,India,2025-07-06
5444,Chen Verma,user5444@streamflix-mail.com,Male,25,Mumbai,India,2022-06-26
5445,Ananya Rao,user5445@streamflix-mail.com,Male,26,Berlin,Germany,2019-01-26
5446,Sara Gupta,user5446@streamflix-mail.com,Male,54,Singapore,Singapore,2020-09-02
5447,Ethan Zhang,user5447@streamflix-mail.com,Female,63,Toronto,Canada,2021-07-24
5448,Anika Dubois,user5448@streamflix-mail.com,Male,47,Kolkata,India,2019-03-15
5449,Navya Tanaka,user5449@streamflix-mail.com,Female,16,Bengaluru,India,2021-05-18
5450,Reyansh Rossi,user5450@streamflix-mail.com,Female,22,Chennai,India,2023-01-17
5451,Ananya Silva,user5451@streamflix-mail.com,Female,55,London,United Kingdom,2025-09-11
5452,Mia Dubois,user5452@streamflix-mail.com,Other,55,Sydney,Australia,2023-11-14
5453,Hana Silva,user5453@streamflix-mail.com,Male,64,Kolkata,India,2019-09-13
5454,Yuki Park,user5454@streamflix-mail.com,Male,43,Pune,India,2022-02-13
5455,Aadhya Tanaka,user5455@streamflix-mail.com,Female,37,Pune,India,2024-10-05
5456,Sai Rao,user5456@streamflix-mail.com,Male,19,Paris,France,2021-10-09
5457,Reyansh Brown,user5457@streamflix-mail.com,Male,57,Toronto,Canada,2023-03-22
5458,Ira Andersen,user5458@streamflix-mail.com,Male,67,Paris,France,2026-05-22
5459,James Rao,user5459@streamflix-mail.com,Female,15,Mumbai,India,2020-01-13
5460,Jin Patel,user5460@streamflix-mail.com,Male,41,Chicago,United States,2022-07-31
5461,Jin Iyer,user5461@streamflix-mail.com,Female,33,Chicago,United States,2023-07-28
5462,Aarav Patel,user5462@streamflix-mail.com,Male,55,Los Angeles,United States,2024-12-25
5463,Lucas Lee,user5463@streamflix-mail.com,Female,56,New York,United States,2025-04-10
5464,Diya Dubois,user5464@streamflix-mail.com,Male,25,Delhi,India,2021-02-25
5465,Ayaan Iyer,user5465@streamflix-mail.com,Female,67,Mumbai,India,2022-07-02
5466,Liam Zhang,user5466@streamflix-mail.com,Female,20,Dubai,United Arab Emirates,2025-03-23
5467,Vivaan Li,user5467@streamflix-mail.com,Male,57,Los Angeles,United States,2025-04-15
5468,Myra Dubois,user5468@streamflix-mail.com,Male,55,Hyderabad,India,2025-03-05
5469,Liam Li,user5469@streamflix-mail.com,Female,22,Kolkata,India,2024-01-02
5470,Ananya Iyer,user5470@streamflix-mail.com,Female,51,Berlin,Germany,2021-01-02
5471,Olivia Miller,user5471@streamflix-mail.com,Male,28,Chicago,United States,2021-10-05
5472,Kiara Kowalski,user5472@streamflix-mail.com,Male,28,Paris,France,2023-12-01
5473,Yuki Andersen,user5473@streamflix-mail.com,Male,17,Hyderabad,India,2020-11-27
5474,Ayaan Kim,user5474@streamflix-mail.com,Male,55,Bengaluru,India,2024-02-11
5475,Aditya Kowalski,user5475@streamflix-mail.com,Male,59,Manchester,United Kingdom,2022-11-11
5476,Emma Zhang,user5476@streamflix-mail.com,Male,41,Sydney,Australia,2022-04-26
5477,Ananya Verma,user5477@streamflix-mail.com,Male,57,Paris,France,2021-08-31
5478,Lucas Andersen,user5478@streamflix-mail.com,Female,32,Chicago,United States,2024-10-19
5479,Vihaan Nair,user5479@streamflix-mail.com,Female,45,Pune,India,2022-06-28
5480,Olivia Johnson,user5480@streamflix-mail.com,Female,57,London,United Kingdom,2021-04-20
5481,Valentina Singh,user5481@streamflix-mail.com,Female,37,Kolkata,India,2021-11-17
5482,Vihaan Wang,user5482@streamflix-mail.com,Female,48,Hyderabad,India,2022-08-18
5483,Aadhya Sharma,user5483@streamflix-mail.com,Male,21,Delhi,India,2023-08-18
5484,Hana Park,user5484@streamflix-mail.com,Female,41,Singapore,Singapore,2026-06-04
5485,Emma Muller,user5485@streamflix-mail.com,Male,61,Toronto,Canada,2021-07-21
5486,Reyansh Silva,user5486@streamflix-mail.com,Female,57,Hyderabad,India,2020-05-04
5487,Krishna Rao,user5487@streamflix-mail.com,Female,30,Manchester,United Kingdom,2026-05-01
5488,Wei Dubois,user5488@streamflix-mail.com,Female,44,Seoul,South Korea,2020-02-09
5489,Min Smith,user5489@streamflix-mail.com,Male,48,Tokyo,Japan,2025-10-10
5490,Sara Zhang,user5490@streamflix-mail.com,Female,66,Chicago,United States,2020-01-25
5491,Kiara Davis,user5491@streamflix-mail.com,Male,60,Delhi,India,2021-09-23
5492,Yuki Gupta,user5492@streamflix-mail.com,Male,59,Toronto,Canada,2026-06-25
5493,Ayaan Sharma,user5493@streamflix-mail.com,Male,55,London,United Kingdom,2020-03-29
5494,Krishna Nair,user5494@streamflix-mail.com,Male,33,Berlin,Germany,2020-03-13
5495,Wei Kowalski,user5495@streamflix-mail.com,Female,34,Manchester,United Kingdom,2023-07-26
5496,Ayaan Kowalski,user5496@streamflix-mail.com,Male,39,Singapore,Singapore,2020-06-04
5497,Wei Brown,user5497@streamflix-mail.com,Male,37,London,United Kingdom,2019-03-08
5498,Aarohi Tanaka,user5498@streamflix-mail.com,Other,67,London,United Kingdom,2024-03-17
5499,Valentina Verma,user5499@streamflix-mail.com,Female,62,Kolkata,India,2026-03-11
5500,Vivaan Tanaka,user5500@streamflix-mail.com,Male,64,Los Angeles,United States,2024-09-10
5501,Lucia Khan,user5501@streamflix-mail.com,Female,47,Chennai,India,2026-03-25
5502,Ishaan Verma,user5502@streamflix-mail.com,Female,23,Chicago,United States,2022-12-14
5503,Vivaan Li,user5503@streamflix-mail.com,Male,21,Paris,France,2023-08-09
5504,Lucas Johnson,user5504@streamflix-mail.com,Female,28,Kolkata,India,2026-05-14
5505,Emma Patel,user5505@streamflix-mail.com,Female,50,Chicago,United States,2022-10-11
5506,Hana Li,user5506@streamflix-mail.com,Male,33,Berlin,Germany,2019-04-17
5507,Arjun Rao,user5507@streamflix-mail.com,Female,50,Hyderabad,India,2020-10-15
5508,Vihaan Li,user5508@streamflix-mail.com,Male,63,Chennai,India,2023-08-27
5509,Liam Nair,user5509@streamflix-mail.com,Female,32,Chicago,United States,2025-06-05
5510,Jin Gupta,user5510@streamflix-mail.com,Male,65,Los Angeles,United States,2023-07-19
5511,Anika Rao,user5511@streamflix-mail.com,Male,42,Kolkata,India,2022-01-15
5512,Yuki Kim,user5512@streamflix-mail.com,Other,58,Dubai,United Arab Emirates,2021-05-29
5513,Sofia Khan,user5513@streamflix-mail.com,Female,16,Chicago,United States,2024-02-14
5514,Min Iyer,user5514@streamflix-mail.com,Male,28,New York,United States,2025-09-28
5515,James Li,user5515@streamflix-mail.com,Male,66,Chicago,United States,2021-01-31
5516,Sophia Miller,user5516@streamflix-mail.com,Male,63,Seoul,South Korea,2023-02-22
5517,Emma Brown,user5517@streamflix-mail.com,Other,45,Paris,France,2022-03-16
5518,Ethan Singh,user5518@streamflix-mail.com,Male,14,Pune,India,2020-11-05
5519,Liam Sharma,user5519@streamflix-mail.com,Male,16,Mumbai,India,2022-01-14
5520,Emma Verma,user5520@streamflix-mail.com,Female,37,Mumbai,India,2019-08-30
5521,Navya Zhang,user5521@streamflix-mail.com,Male,64,Los Angeles,United States,2022-12-22
5522,Ethan Gupta,user5522@streamflix-mail.com,Male,34,Toronto,Canada,2019-10-21
5523,Wei Singh,user5523@streamflix-mail.com,Female,63,Delhi,India,2022-07-21
5524,Sofia Andersen,user5524@streamflix-mail.com,Male,43,London,United Kingdom,2025-09-22
5525,Noah Smith,user5525@streamflix-mail.com,Female,20,New York,United States,2020-02-04
5526,Arjun Li,user5526@streamflix-mail.com,Female,44,Berlin,Germany,2020-11-16
5527,Olivia Smith,user5527@streamflix-mail.com,Male,33,Toronto,Canada,2024-05-28
5528,Aadhya Andersen,user5528@streamflix-mail.com,Female,25,Los Angeles,United States,2025-10-19
5529,Vivaan Rossi,user5529@streamflix-mail.com,Female,51,Manchester,United Kingdom,2026-03-01
5530,Aditya Miller,user5530@streamflix-mail.com,Female,24,Bengaluru,India,2019-11-25
5531,Olivia Zhang,user5531@streamflix-mail.com,Female,64,Chicago,United States,2020-10-16
5532,Lucia Brown,user5532@streamflix-mail.com,Male,58,Kolkata,India,2026-05-18
5533,James Kowalski,user5533@streamflix-mail.com,Male,57,Hyderabad,India,2022-10-16
5534,Navya Smith,user5534@streamflix-mail.com,Female,17,New York,United States,2025-03-31
5535,Vihaan Muller,user5535@streamflix-mail.com,Male,67,Toronto,Canada,2019-02-09
5536,Sophia Kim,user5536@streamflix-mail.com,Male,41,Manchester,United Kingdom,2019-11-15
5537,Aditya Park,user5537@streamflix-mail.com,Female,54,Paris,France,2020-07-13
5538,Hana Smith,user5538@streamflix-mail.com,Male,23,Chennai,India,2019-08-24
5539,Chen Rossi,user5539@streamflix-mail.com,Female,56,Sydney,Australia,2025-09-05
5540,Valentina Li,user5540@streamflix-mail.com,Female,31,Manchester,United Kingdom,2025-01-08
5541,Diya Rossi,user5541@streamflix-mail.com,Female,53,Seoul,South Korea,2021-12-04
5542,Reyansh Rossi,user5542@streamflix-mail.com,Male,28,Berlin,Germany,2019-08-02
5543,Diya Iyer,user5543@streamflix-mail.com,Male,66,Singapore,Singapore,2019-10-18
5544,Yuki Dubois,user5544@streamflix-mail.com,Female,53,Los Angeles,United States,2020-12-18
5545,Krishna Muller,user5545@streamflix-mail.com,Male,38,London,United Kingdom,2024-06-13
5546,Jin Singh,user5546@streamflix-mail.com,Female,38,Sydney,Australia,2025-01-02
5547,Reyansh Tanaka,user5547@streamflix-mail.com,Female,13,Tokyo,Japan,2023-01-16
5548,Vivaan Davis,user5548@streamflix-mail.com,Male,30,Pune,India,2025-10-20
5549,Krishna Rao,user5549@streamflix-mail.com,Male,57,Seoul,South Korea,2025-12-16
5550,Wei Khan,user5550@streamflix-mail.com,Female,60,Tokyo,Japan,2024-10-02
5551,Noah Smith,user5551@streamflix-mail.com,Male,69,Delhi,India,2019-08-04
5552,Sara Verma,user5552@streamflix-mail.com,Female,17,Chennai,India,2025-09-02
5553,Ethan Zhang,user5553@streamflix-mail.com,Female,27,Pune,India,2025-10-23
5554,Ava Wang,user5554@streamflix-mail.com,Male,56,Manchester,United Kingdom,2023-03-13
5555,Liam Zhang,user5555@streamflix-mail.com,Female,33,Pune,India,2023-06-29
5556,James Wilson,user5556@streamflix-mail.com,Male,27,Kolkata,India,2024-11-04
5557,Arjun Smith,user5557@streamflix-mail.com,Male,29,Hyderabad,India,2023-06-10
5558,Ananya Wang,user5558@streamflix-mail.com,Other,65,Delhi,India,2021-07-31
5559,Emma Dubois,user5559@streamflix-mail.com,Female,61,Chicago,United States,2024-03-23
5560,Sai Gupta,user5560@streamflix-mail.com,Female,13,Kolkata,India,2024-11-19
5561,Aarohi Johnson,user5561@streamflix-mail.com,Female,60,London,United Kingdom,2020-01-23
5562,Arjun Tanaka,user5562@streamflix-mail.com,Female,44,Pune,India,2024-02-05
5563,Yuki Muller,user5563@streamflix-mail.com,Male,61,Chennai,India,2020-04-19
5564,Arjun Tanaka,user5564@streamflix-mail.com,Male,48,Seoul,South Korea,2023-04-23
5565,Vihaan Nair,user5565@streamflix-mail.com,Male,52,Tokyo,Japan,2019-10-23
5566,Ava Garcia,user5566@streamflix-mail.com,Male,45,Chennai,India,2026-06-09
5567,Krishna Reddy,user5567@streamflix-mail.com,Male,54,Hyderabad,India,2024-01-03
5568,Sara Muller,user5568@streamflix-mail.com,Female,59,Paris,France,2022-07-10
5569,Aadhya Davis,user5569@streamflix-mail.com,Male,41,Sydney,Australia,2022-10-11
5570,Krishna Singh,user5570@streamflix-mail.com,Female,19,Chicago,United States,2023-08-23
5571,Wei Gupta,user5571@streamflix-mail.com,Female,18,Sydney,Australia,2019-12-08
5572,Sophia Li,user5572@streamflix-mail.com,Other,36,Pune,India,2022-10-28
5573,Ishaan Rossi,user5573@streamflix-mail.com,Male,39,Los Angeles,United States,2024-05-14
5574,Sophia Dubois,user5574@streamflix-mail.com,Female,62,New York,United States,2020-12-14
5575,Lucas Tanaka,user5575@streamflix-mail.com,Female,14,Singapore,Singapore,2022-08-05
5576,Emma Rossi,user5576@streamflix-mail.com,Male,63,Hyderabad,India,2021-06-23
5577,Olivia Silva,user5577@streamflix-mail.com,Male,16,Chicago,United States,2020-03-16
5578,Lucia Rossi,user5578@streamflix-mail.com,Male,41,Tokyo,Japan,2026-05-03
5579,Kiara Tanaka,user5579@streamflix-mail.com,Female,37,Hyderabad,India,2023-06-11
5580,Ira Garcia,user5580@streamflix-mail.com,Female,44,Bengaluru,India,2021-12-09
5581,Emma Li,user5581@streamflix-mail.com,Female,15,Tokyo,Japan,2021-07-15
5582,Hana Rossi,user5582@streamflix-mail.com,Female,56,Seoul,South Korea,2024-02-04
5583,Lucas Reddy,user5583@streamflix-mail.com,Male,20,Los Angeles,United States,2019-10-24
5584,Vihaan Zhang,user5584@streamflix-mail.com,Male,57,Mumbai,India,2023-04-02
5585,Kiara Smith,user5585@streamflix-mail.com,Female,45,London,United Kingdom,2020-09-22
5586,Mia Reddy,user5586@streamflix-mail.com,Other,63,Chennai,India,2025-09-02
5587,Krishna Nair,user5587@streamflix-mail.com,Female,68,Manchester,United Kingdom,2024-11-17
5588,Valentina Reddy,user5588@streamflix-mail.com,Male,61,Bengaluru,India,2024-09-05
5589,Chen Dubois,user5589@streamflix-mail.com,Male,38,Tokyo,Japan,2020-02-04
5590,Hana Silva,user5590@streamflix-mail.com,Male,36,Sydney,Australia,2019-08-09
5591,Vihaan Reddy,user5591@streamflix-mail.com,Male,50,Toronto,Canada,2022-06-09
5592,Olivia Kim,user5592@streamflix-mail.com,Male,50,London,United Kingdom,2021-08-31
5593,Emma Park,user5593@streamflix-mail.com,Female,58,Pune,India,2024-06-06
5594,Ava Davis,user5594@streamflix-mail.com,Female,40,Berlin,Germany,2024-05-03
5595,Min Kim,user5595@streamflix-mail.com,Male,39,Chennai,India,2021-12-23
5596,Sara Andersen,user5596@streamflix-mail.com,Male,19,New York,United States,2020-03-17
5597,Emma Davis,user5597@streamflix-mail.com,Male,22,Berlin,Germany,2021-06-06
5598,Sophia Park,user5598@streamflix-mail.com,Male,59,Mumbai,India,2022-10-10
5599,Wei Lee,user5599@streamflix-mail.com,Female,69,Bengaluru,India,2020-11-25
5600,Wei Johnson,user5600@streamflix-mail.com,Male,47,Dubai,United Arab Emirates,2021-05-20
5601,Myra Dubois,user5601@streamflix-mail.com,Female,32,New York,United States,2020-10-21
5602,Valentina Brown,user5602@streamflix-mail.com,Male,16,Manchester,United Kingdom,2019-06-27
5603,Aarav Silva,user5603@streamflix-mail.com,Male,15,Manchester,United Kingdom,2023-07-05
5604,Aarohi Kim,user5604@streamflix-mail.com,Other,51,Tokyo,Japan,2026-06-23
5605,Noah Zhang,user5605@streamflix-mail.com,Male,49,Toronto,Canada,2026-02-19
5606,Aditya Li,user5606@streamflix-mail.com,Male,29,Los Angeles,United States,2025-12-19
5607,Kiara Li,user5607@streamflix-mail.com,Female,23,London,United Kingdom,2023-12-10
5608,Olivia Wilson,user5608@streamflix-mail.com,Male,16,Singapore,Singapore,2024-08-08
5609,Noah Kim,user5609@streamflix-mail.com,Male,51,New York,United States,2019-06-25
5610,Arjun Davis,user5610@streamflix-mail.com,Male,47,Hyderabad,India,2020-07-04
5611,Diya Smith,user5611@streamflix-mail.com,Male,31,Chicago,United States,2024-04-17
5612,Ishaan Wang,user5612@streamflix-mail.com,Female,54,Paris,France,2026-05-30
5613,Ava Dubois,user5613@streamflix-mail.com,Male,61,Bengaluru,India,2025-10-22
5614,Myra Wang,user5614@streamflix-mail.com,Female,42,Hyderabad,India,2023-09-24
5615,Liam Silva,user5615@streamflix-mail.com,Female,27,Paris,France,2019-10-26
5616,Mia Rossi,user5616@streamflix-mail.com,Male,13,Tokyo,Japan,2026-03-30
5617,Yuki Johnson,user5617@streamflix-mail.com,Male,58,Bengaluru,India,2021-05-20
5618,Ayaan Verma,user5618@streamflix-mail.com,Male,45,Pune,India,2019-04-27
5619,Sofia Smith,user5619@streamflix-mail.com,Male,32,Sydney,Australia,2024-10-04
5620,Reyansh Li,user5620@streamflix-mail.com,Male,13,Dubai,United Arab Emirates,2020-04-19
5621,Aarav Rossi,user5621@streamflix-mail.com,Female,59,Singapore,Singapore,2021-04-05
5622,Vivaan Davis,user5622@streamflix-mail.com,Male,65,Seoul,South Korea,2024-01-29
5623,Krishna Silva,user5623@streamflix-mail.com,Female,40,London,United Kingdom,2026-03-28
5624,Min Gupta,user5624@streamflix-mail.com,Female,28,Seoul,South Korea,2025-10-19
5625,Krishna Park,user5625@streamflix-mail.com,Female,48,Manchester,United Kingdom,2020-03-24
5626,Sophia Zhang,user5626@streamflix-mail.com,Male,62,Chicago,United States,2020-04-26
5627,Anika Davis,user5627@streamflix-mail.com,Male,46,Toronto,Canada,2025-01-24
5628,Vivaan Wang,user5628@streamflix-mail.com,Other,13,Los Angeles,United States,2021-05-18
5629,Navya Miller,user5629@streamflix-mail.com,Male,24,Toronto,Canada,2019-08-02
5630,Vivaan Davis,user5630@streamflix-mail.com,Female,18,Tokyo,Japan,2023-05-30
5631,Aarohi Kim,user5631@streamflix-mail.com,Female,36,Paris,France,2023-12-04
5632,Liam Silva,user5632@streamflix-mail.com,Female,38,Manchester,United Kingdom,2026-06-30
5633,James Singh,user5633@streamflix-mail.com,Male,43,Mumbai,India,2022-08-24
5634,Diya Rao,user5634@streamflix-mail.com,Male,56,Toronto,Canada,2024-12-29
5635,Wei Brown,user5635@streamflix-mail.com,Female,19,Chennai,India,2023-01-03
5636,Olivia Khan,user5636@streamflix-mail.com,Female,66,Pune,India,2025-12-03
5637,Ananya Smith,user5637@streamflix-mail.com,Female,28,Seoul,South Korea,2022-08-27
5638,Navya Smith,user5638@streamflix-mail.com,Female,42,Los Angeles,United States,2024-01-23
5639,Arjun Rao,user5639@streamflix-mail.com,Female,25,Dubai,United Arab Emirates,2026-03-22
5640,Sofia Brown,user5640@streamflix-mail.com,Other,33,New York,United States,2025-07-30
5641,Wei Davis,user5641@streamflix-mail.com,Female,60,Toronto,Canada,2022-01-02
5642,Diya Zhang,user5642@streamflix-mail.com,Male,15,Sydney,Australia,2022-10-20
5643,Ethan Rao,user5643@streamflix-mail.com,Male,40,Seoul,South Korea,2023-06-11
5644,Sophia Muller,user5644@streamflix-mail.com,Female,46,Hyderabad,India,2019-12-06
5645,Noah Miller,user5645@streamflix-mail.com,Female,45,Manchester,United Kingdom,2020-10-01
5646,Aditya Wang,user5646@streamflix-mail.com,Male,34,Los Angeles,United States,2024-04-26
5647,Jin Reddy,user5647@streamflix-mail.com,Female,34,Chicago,United States,2019-07-16
5648,Mateo Nair,user5648@streamflix-mail.com,Male,64,Tokyo,Japan,2023-07-05
5649,Mateo Garcia,user5649@streamflix-mail.com,Male,26,Bengaluru,India,2022-08-20
5650,Valentina Smith,user5650@streamflix-mail.com,Female,40,London,United Kingdom,2022-08-21
5651,Lucia Miller,user5651@streamflix-mail.com,Male,33,New York,United States,2025-05-05
5652,Mia Iyer,user5652@streamflix-mail.com,Female,56,Seoul,South Korea,2021-01-22
5653,Aditya Miller,user5653@streamflix-mail.com,Female,58,Pune,India,2024-12-05
5654,Kiara Zhang,user5654@streamflix-mail.com,Female,61,Pune,India,2024-11-17
5655,Ishaan Wang,user5655@streamflix-mail.com,Male,17,Delhi,India,2026-06-10
5656,Krishna Singh,user5656@streamflix-mail.com,Female,18,Los Angeles,United States,2025-02-24
5657,Hana Smith,user5657@streamflix-mail.com,Male,34,Mumbai,India,2022-10-20
5658,Chen Davis,user5658@streamflix-mail.com,Female,38,London,United Kingdom,2021-09-24
5659,James Davis,user5659@streamflix-mail.com,Male,16,Pune,India,2024-11-08
5660,Mia Silva,user5660@streamflix-mail.com,Other,63,Los Angeles,United States,2025-12-15
5661,Sai Johnson,user5661@streamflix-mail.com,Female,64,Toronto,Canada,2021-02-07
5662,Krishna Zhang,user5662@streamflix-mail.com,Male,37,Sydney,Australia,2021-10-09
5663,Min Dubois,user5663@streamflix-mail.com,Male,56,Delhi,India,2022-09-22
5664,Kiara Patel,user5664@streamflix-mail.com,Male,45,Bengaluru,India,2019-10-22
5665,Emma Rossi,user5665@streamflix-mail.com,Female,50,Kolkata,India,2021-05-10
5666,Kiara Rao,user5666@streamflix-mail.com,Female,62,London,United Kingdom,2020-03-31
5667,Krishna Smith,user5667@streamflix-mail.com,Female,18,Seoul,South Korea,2024-10-15
5668,Hana Park,user5668@streamflix-mail.com,Female,26,Bengaluru,India,2022-09-15
5669,Wei Kim,user5669@streamflix-mail.com,Male,37,Delhi,India,2023-07-12
5670,Sophia Wilson,user5670@streamflix-mail.com,Female,63,Toronto,Canada,2019-08-07
5671,Sara Khan,user5671@streamflix-mail.com,Male,46,Paris,France,2023-04-20
5672,Ava Gupta,user5672@streamflix-mail.com,Female,35,Tokyo,Japan,2024-05-21
5673,Mateo Andersen,user5673@streamflix-mail.com,Male,14,Manchester,United Kingdom,2024-03-02
5674,Ava Dubois,user5674@streamflix-mail.com,Female,46,Mumbai,India,2024-12-16
5675,Aarohi Dubois,user5675@streamflix-mail.com,Male,28,Manchester,United Kingdom,2019-11-09
5676,Ananya Davis,user5676@streamflix-mail.com,Male,31,Chicago,United States,2023-02-13
5677,James Dubois,user5677@streamflix-mail.com,Male,69,Los Angeles,United States,2022-08-13
5678,Sara Miller,user5678@streamflix-mail.com,Female,43,Chicago,United States,2025-09-11
5679,Noah Gupta,user5679@streamflix-mail.com,Female,20,Manchester,United Kingdom,2024-03-05
5680,Vivaan Nair,user5680@streamflix-mail.com,Male,15,Singapore,Singapore,2026-02-25
5681,Ayaan Patel,user5681@streamflix-mail.com,Male,35,Hyderabad,India,2019-03-11
5682,Yuki Johnson,user5682@streamflix-mail.com,Male,16,Delhi,India,2022-05-10
5683,Ira Kowalski,user5683@streamflix-mail.com,Female,37,Delhi,India,2024-04-09
5684,Navya Rao,user5684@streamflix-mail.com,Other,36,Los Angeles,United States,2019-09-02
5685,Emma Kim,user5685@streamflix-mail.com,Female,63,London,United Kingdom,2023-11-19
5686,Navya Patel,user5686@streamflix-mail.com,Female,32,Dubai,United Arab Emirates,2020-09-25
5687,Wei Park,user5687@streamflix-mail.com,Male,28,Los Angeles,United States,2019-07-23
5688,Ishaan Lee,user5688@streamflix-mail.com,Male,48,London,United Kingdom,2023-12-06
5689,Wei Iyer,user5689@streamflix-mail.com,Female,49,Paris,France,2022-03-13
5690,Krishna Garcia,user5690@streamflix-mail.com,Female,15,Singapore,Singapore,2022-01-16
5691,Sara Reddy,user5691@streamflix-mail.com,Male,17,Sydney,Australia,2021-06-10
5692,Olivia Dubois,user5692@streamflix-mail.com,Female,22,New York,United States,2024-02-19
5693,Jin Wang,user5693@streamflix-mail.com,Male,57,Hyderabad,India,2023-08-22
5694,Ishaan Kowalski,user5694@streamflix-mail.com,Male,24,Berlin,Germany,2023-12-31
5695,Olivia Dubois,user5695@streamflix-mail.com,Male,69,Manchester,United Kingdom,2024-11-26
5696,Aditya Khan,user5696@streamflix-mail.com,Female,38,Delhi,India,2023-07-16
5697,Vihaan Wang,user5697@streamflix-mail.com,Female,66,Chicago,United States,2019-07-24
5698,Wei Reddy,user5698@streamflix-mail.com,Female,27,Delhi,India,2020-03-08
5699,Lucas Kowalski,user5699@streamflix-mail.com,Female,37,Paris,France,2026-06-07
5700,Ira Silva,user5700@streamflix-mail.com,Female,20,London,United Kingdom,2021-02-21
5701,Noah Zhang,user5701@streamflix-mail.com,Male,61,Dubai,United Arab Emirates,2022-03-16
5702,Ira Tanaka,user5702@streamflix-mail.com,Female,47,Chicago,United States,2021-10-31
5703,Diya Muller,user5703@streamflix-mail.com,Male,17,Mumbai,India,2026-06-04
5704,Navya Muller,user5704@streamflix-mail.com,Female,55,Toronto,Canada,2025-03-07
5705,Aadhya Reddy,user5705@streamflix-mail.com,Male,63,Sydney,Australia,2022-08-16
5706,Chen Sharma,user5706@streamflix-mail.com,Male,52,Pune,India,2024-02-11
5707,Anika Kowalski,user5707@streamflix-mail.com,Female,59,Singapore,Singapore,2023-02-19
5708,Aadhya Singh,user5708@streamflix-mail.com,Male,28,Pune,India,2023-11-01
5709,Emma Brown,user5709@streamflix-mail.com,Male,37,Sydney,Australia,2026-02-24
5710,Wei Verma,user5710@streamflix-mail.com,Female,61,Singapore,Singapore,2024-01-15
5711,Ananya Kim,user5711@streamflix-mail.com,Female,47,Bengaluru,India,2019-11-06
5712,Lucia Rossi,user5712@streamflix-mail.com,Male,47,Chennai,India,2022-10-09
5713,Kiara Muller,user5713@streamflix-mail.com,Male,56,Hyderabad,India,2025-02-22
5714,Ethan Lee,user5714@streamflix-mail.com,Male,48,Singapore,Singapore,2019-04-19
5715,Mateo Park,user5715@streamflix-mail.com,Female,20,Pune,India,2021-09-04
5716,Navya Davis,user5716@streamflix-mail.com,Female,25,Toronto,Canada,2020-07-04
5717,Ayaan Garcia,user5717@streamflix-mail.com,Male,57,Los Angeles,United States,2024-05-28
5718,Mia Wilson,user5718@streamflix-mail.com,Female,26,Delhi,India,2020-01-20
5719,Aarav Kowalski,user5719@streamflix-mail.com,Female,50,Seoul,South Korea,2023-09-05
5720,Kiara Singh,user5720@streamflix-mail.com,Other,40,Singapore,Singapore,2019-06-25
5721,Valentina Miller,user5721@streamflix-mail.com,Male,48,Chennai,India,2025-12-04
5722,Anika Kim,user5722@streamflix-mail.com,Female,26,Seoul,South Korea,2021-05-24
5723,Sophia Lee,user5723@streamflix-mail.com,Female,30,Singapore,Singapore,2022-01-21
5724,Emma Sharma,user5724@streamflix-mail.com,Male,52,Tokyo,Japan,2024-11-26
5725,Krishna Patel,user5725@streamflix-mail.com,Male,22,Hyderabad,India,2021-11-05
5726,Aadhya Park,user5726@streamflix-mail.com,Male,30,Mumbai,India,2019-11-12
5727,James Zhang,user5727@streamflix-mail.com,Male,69,Delhi,India,2025-10-13
5728,Arjun Li,user5728@streamflix-mail.com,Female,21,London,United Kingdom,2019-11-02
5729,Anika Tanaka,user5729@streamflix-mail.com,Female,45,Dubai,United Arab Emirates,2022-09-23
5730,Anika Zhang,user5730@streamflix-mail.com,Male,21,Berlin,Germany,2019-12-07
5731,Hana Lee,user5731@streamflix-mail.com,Female,53,Paris,France,2024-03-25
5732,Arjun Rao,user5732@streamflix-mail.com,Male,20,Manchester,United Kingdom,2021-01-08
5733,Hana Johnson,user5733@streamflix-mail.com,Other,45,Toronto,Canada,2025-12-27
5734,Anika Rossi,user5734@streamflix-mail.com,Male,38,Chennai,India,2020-07-07
5735,Ethan Miller,user5735@streamflix-mail.com,Female,52,Mumbai,India,2024-01-08
5736,Liam Wang,user5736@streamflix-mail.com,Female,13,Hyderabad,India,2019-02-08
5737,Diya Reddy,user5737@streamflix-mail.com,Female,42,Delhi,India,2019-11-06
5738,Lucia Reddy,user5738@streamflix-mail.com,Female,43,Sydney,Australia,2021-01-27
5739,Krishna Khan,user5739@streamflix-mail.com,Male,26,London,United Kingdom,2025-08-16
5740,Vivaan Nair,user5740@streamflix-mail.com,Female,30,Dubai,United Arab Emirates,2026-06-20
5741,Wei Kim,user5741@streamflix-mail.com,Female,53,Bengaluru,India,2023-08-08
5742,Noah Park,user5742@streamflix-mail.com,Male,44,Berlin,Germany,2021-07-10
5743,Jin Wilson,user5743@streamflix-mail.com,Other,45,Singapore,Singapore,2021-05-04
5744,Kiara Patel,user5744@streamflix-mail.com,Male,66,Berlin,Germany,2020-08-01
5745,Aarav Lee,user5745@streamflix-mail.com,Male,36,Toronto,Canada,2021-07-21
5746,Aarav Reddy,user5746@streamflix-mail.com,Female,62,Kolkata,India,2022-09-19
5747,Navya Miller,user5747@streamflix-mail.com,Male,68,Toronto,Canada,2024-02-20
5748,Ishaan Iyer,user5748@streamflix-mail.com,Male,45,Toronto,Canada,2020-09-20
5749,Sofia Gupta,user5749@streamflix-mail.com,Male,25,Hyderabad,India,2019-04-09
5750,Arjun Iyer,user5750@streamflix-mail.com,Female,36,Bengaluru,India,2023-03-13
5751,Jin Reddy,user5751@streamflix-mail.com,Female,15,Sydney,Australia,2020-10-26
5752,Krishna Miller,user5752@streamflix-mail.com,Male,52,Delhi,India,2022-01-01
5753,Arjun Wilson,user5753@streamflix-mail.com,Female,28,Bengaluru,India,2024-05-02
5754,Ananya Kim,user5754@streamflix-mail.com,Female,65,Delhi,India,2025-09-21
5755,Sai Garcia,user5755@streamflix-mail.com,Female,50,Toronto,Canada,2023-01-03
5756,Anika Nair,user5756@streamflix-mail.com,Female,40,Berlin,Germany,2025-12-15
5757,Myra Sharma,user5757@streamflix-mail.com,Female,23,Chicago,United States,2021-01-06
5758,Emma Wang,user5758@streamflix-mail.com,Male,18,Hyderabad,India,2024-05-06
5759,Emma Tanaka,user5759@streamflix-mail.com,Male,51,London,United Kingdom,2026-05-06
5760,Aarav Patel,user5760@streamflix-mail.com,Female,56,Chicago,United States,2020-08-13
5761,Arjun Khan,user5761@streamflix-mail.com,Male,28,Manchester,United Kingdom,2024-07-14
5762,Reyansh Rao,user5762@streamflix-mail.com,Male,13,Los Angeles,United States,2022-07-21
5763,Ayaan Khan,user5763@streamflix-mail.com,Male,31,London,United Kingdom,2025-08-08
5764,Vihaan Khan,user5764@streamflix-mail.com,Male,56,Kolkata,India,2021-04-16
5765,Aadhya Miller,user5765@streamflix-mail.com,Female,46,Berlin,Germany,2026-03-14
5766,Emma Silva,user5766@streamflix-mail.com,Male,17,London,United Kingdom,2024-12-25
5767,Aadhya Wang,user5767@streamflix-mail.com,Female,19,Kolkata,India,2024-04-14
5768,Myra Kowalski,user5768@streamflix-mail.com,Female,19,Mumbai,India,2019-03-21
5769,Kiara Smith,user5769@streamflix-mail.com,Male,56,Sydney,Australia,2019-08-15
5770,Emma Miller,user5770@streamflix-mail.com,Male,57,New York,United States,2023-12-19
5771,Myra Johnson,user5771@streamflix-mail.com,Male,36,Pune,India,2022-08-04
5772,Krishna Verma,user5772@streamflix-mail.com,Female,52,Chicago,United States,2021-06-03
5773,Anika Johnson,user5773@streamflix-mail.com,Male,14,Chicago,United States,2025-04-24
5774,Aarav Singh,user5774@streamflix-mail.com,Female,45,Tokyo,Japan,2022-08-09
5775,Aarohi Miller,user5775@streamflix-mail.com,Male,28,London,United Kingdom,2022-06-10
5776,Lucia Iyer,user5776@streamflix-mail.com,Male,59,Singapore,Singapore,2021-06-03
5777,Ira Li,user5777@streamflix-mail.com,Male,40,Toronto,Canada,2026-05-11
5778,Arjun Muller,user5778@streamflix-mail.com,Male,61,Tokyo,Japan,2021-09-25
5779,Lucas Kowalski,user5779@streamflix-mail.com,Male,45,Mumbai,India,2020-12-11
5780,Sai Gupta,user5780@streamflix-mail.com,Female,39,New York,United States,2024-01-21
5781,Ayaan Reddy,user5781@streamflix-mail.com,Male,66,Singapore,Singapore,2019-04-04
5782,Sai Kowalski,user5782@streamflix-mail.com,Female,69,Bengaluru,India,2023-06-19
5783,Jin Muller,user5783@streamflix-mail.com,Female,38,Los Angeles,United States,2023-03-26
5784,Valentina Lee,user5784@streamflix-mail.com,Female,33,Los Angeles,United States,2020-10-30
5785,Liam Rao,user5785@streamflix-mail.com,Female,49,Tokyo,Japan,2024-10-06
5786,Noah Davis,user5786@streamflix-mail.com,Male,22,Paris,France,2019-04-30
5787,Ava Wilson,user5787@streamflix-mail.com,Female,35,Bengaluru,India,2026-05-11
5788,Noah Muller,user5788@streamflix-mail.com,Male,61,Pune,India,2025-06-01
5789,Emma Davis,user5789@streamflix-mail.com,Female,64,Dubai,United Arab Emirates,2020-04-25
5790,Valentina Sharma,user5790@streamflix-mail.com,Male,36,Hyderabad,India,2022-09-09
5791,Mia Zhang,user5791@streamflix-mail.com,Female,35,Chicago,United States,2020-06-23
5792,Vihaan Silva,user5792@streamflix-mail.com,Female,62,Berlin,Germany,2023-08-22
5793,Ira Patel,user5793@streamflix-mail.com,Female,24,Paris,France,2021-08-23
5794,Mateo Reddy,user5794@streamflix-mail.com,Male,16,Berlin,Germany,2022-08-30
5795,Anika Iyer,user5795@streamflix-mail.com,Female,17,Bengaluru,India,2026-03-05
5796,Krishna Muller,user5796@streamflix-mail.com,Female,19,Bengaluru,India,2023-08-22
5797,Min Garcia,user5797@streamflix-mail.com,Female,63,Hyderabad,India,2025-07-02
5798,Noah Davis,user5798@streamflix-mail.com,Male,15,Dubai,United Arab Emirates,2023-09-13
5799,Liam Kowalski,user5799@streamflix-mail.com,Male,31,Hyderabad,India,2022-07-23
5800,Anika Verma,user5800@streamflix-mail.com,Male,47,Los Angeles,United States,2019-02-11
5801,Arjun Khan,user5801@streamflix-mail.com,Female,47,Tokyo,Japan,2019-09-02
5802,Ira Rossi,user5802@streamflix-mail.com,Male,60,Chicago,United States,2022-12-31
5803,Navya Wilson,user5803@streamflix-mail.com,Female,68,Berlin,Germany,2022-10-11
5804,Lucia Sharma,user5804@streamflix-mail.com,Female,35,Chicago,United States,2022-10-06
5805,Aadhya Wang,user5805@streamflix-mail.com,Female,26,New York,United States,2025-05-03
5806,Sai Iyer,user5806@streamflix-mail.com,Female,18,Paris,France,2019-09-20
5807,Navya Silva,user5807@streamflix-mail.com,Female,63,London,United Kingdom,2023-12-09
5808,Valentina Silva,user5808@streamflix-mail.com,Female,34,Hyderabad,India,2024-08-04
5809,Aarohi Rossi,user5809@streamflix-mail.com,Male,64,Toronto,Canada,2023-11-03
5810,Ira Garcia,user5810@streamflix-mail.com,Female,32,Dubai,United Arab Emirates,2020-10-07
5811,Ethan Patel,user5811@streamflix-mail.com,Other,56,Tokyo,Japan,2022-01-17
5812,Ava Dubois,user5812@streamflix-mail.com,Male,49,Mumbai,India,2019-05-30
5813,Diya Wilson,user5813@streamflix-mail.com,Female,53,Bengaluru,India,2020-04-30
5814,Mateo Park,user5814@streamflix-mail.com,Other,50,Toronto,Canada,2025-01-08
5815,Olivia Iyer,user5815@streamflix-mail.com,Female,30,Singapore,Singapore,2023-08-18
5816,Aditya Kim,user5816@streamflix-mail.com,Female,18,Sydney,Australia,2025-06-26
5817,Anika Lee,user5817@streamflix-mail.com,Female,13,New York,United States,2024-03-08
5818,Sofia Patel,user5818@streamflix-mail.com,Male,36,Dubai,United Arab Emirates,2020-10-21
5819,Ira Silva,user5819@streamflix-mail.com,Male,63,Manchester,United Kingdom,2025-02-04
5820,Liam Iyer,user5820@streamflix-mail.com,Male,49,Berlin,Germany,2024-02-26
5821,Noah Wang,user5821@streamflix-mail.com,Female,51,New York,United States,2020-06-08
5822,Lucas Kowalski,user5822@streamflix-mail.com,Male,27,Dubai,United Arab Emirates,2019-01-14
5823,Min Lee,user5823@streamflix-mail.com,Female,40,Bengaluru,India,2024-09-22
5824,Sai Reddy,user5824@streamflix-mail.com,Female,36,Singapore,Singapore,2024-05-28
5825,James Wilson,user5825@streamflix-mail.com,Female,20,Singapore,Singapore,2019-09-03
5826,Emma Davis,user5826@streamflix-mail.com,Male,47,Chennai,India,2022-06-26
5827,Reyansh Wilson,user5827@streamflix-mail.com,Male,33,Delhi,India,2025-11-07
5828,Ethan Patel,user5828@streamflix-mail.com,Male,35,Paris,France,2024-12-09
5829,Arjun Kim,user5829@streamflix-mail.com,Male,47,Delhi,India,2025-02-15
5830,Kiara Singh,user5830@streamflix-mail.com,Male,14,Chicago,United States,2021-12-12
5831,Myra Wilson,user5831@streamflix-mail.com,Male,66,Mumbai,India,2019-11-28
5832,Reyansh Lee,user5832@streamflix-mail.com,Male,25,Los Angeles,United States,2021-08-19
5833,Chen Park,user5833@streamflix-mail.com,Female,51,Tokyo,Japan,2024-02-24
5834,Ishaan Silva,user5834@streamflix-mail.com,Male,57,London,United Kingdom,2025-04-21
5835,Ananya Dubois,user5835@streamflix-mail.com,Male,21,Pune,India,2023-10-30
5836,Min Silva,user5836@streamflix-mail.com,Female,27,New York,United States,2019-04-16
5837,Jin Silva,user5837@streamflix-mail.com,Female,36,Delhi,India,2023-06-05
5838,Vivaan Dubois,user5838@streamflix-mail.com,Female,59,Manchester,United Kingdom,2020-05-27
5839,Diya Singh,user5839@streamflix-mail.com,Female,49,Mumbai,India,2023-07-28
5840,Lucas Patel,user5840@streamflix-mail.com,Male,39,Kolkata,India,2022-02-02
5841,Yuki Davis,user5841@streamflix-mail.com,Female,61,Delhi,India,2022-12-30
5842,Valentina Garcia,user5842@streamflix-mail.com,Female,39,Pune,India,2023-06-21
5843,Liam Wang,user5843@streamflix-mail.com,Female,63,Delhi,India,2023-10-14
5844,Aarav Sharma,user5844@streamflix-mail.com,Female,56,Berlin,Germany,2019-01-14
5845,Min Iyer,user5845@streamflix-mail.com,Male,22,Dubai,United Arab Emirates,2026-03-30
5846,Reyansh Li,user5846@streamflix-mail.com,Female,34,Berlin,Germany,2023-04-24
5847,Arjun Rossi,user5847@streamflix-mail.com,Female,14,Sydney,Australia,2022-10-20
5848,Ethan Rao,user5848@streamflix-mail.com,Female,26,Chicago,United States,2021-11-02
5849,Noah Rao,user5849@streamflix-mail.com,Male,14,Hyderabad,India,2019-10-14
5850,Aditya Wilson,user5850@streamflix-mail.com,Male,18,Paris,France,2023-09-21
5851,Reyansh Miller,user5851@streamflix-mail.com,Male,13,Berlin,Germany,2021-09-21
5852,Olivia Nair,user5852@streamflix-mail.com,Male,51,Los Angeles,United States,2025-10-19
5853,Ananya Davis,user5853@streamflix-mail.com,Male,36,Pune,India,2023-12-07
5854,Sophia Rossi,user5854@streamflix-mail.com,Female,39,New York,United States,2022-04-22
5855,Anika Wang,user5855@streamflix-mail.com,Male,56,New York,United States,2019-03-28
5856,Olivia Rossi,user5856@streamflix-mail.com,Male,59,Berlin,Germany,2023-02-27
5857,Kiara Park,user5857@streamflix-mail.com,Male,43,Delhi,India,2025-05-03
5858,Sara Dubois,user5858@streamflix-mail.com,Female,39,Toronto,Canada,2022-06-21
5859,Myra Singh,user5859@streamflix-mail.com,Female,50,Dubai,United Arab Emirates,2023-11-16
5860,Sophia Verma,user5860@streamflix-mail.com,Female,36,Dubai,United Arab Emirates,2019-11-21
5861,James Reddy,user5861@streamflix-mail.com,Female,38,Hyderabad,India,2022-01-18
5862,Olivia Tanaka,user5862@streamflix-mail.com,Other,30,Los Angeles,United States,2024-12-11
5863,Olivia Park,user5863@streamflix-mail.com,Female,23,Kolkata,India,2022-03-05
5864,Krishna Singh,user5864@streamflix-mail.com,Female,24,Los Angeles,United States,2025-08-20
5865,Sofia Muller,user5865@streamflix-mail.com,Male,50,Delhi,India,2022-01-26
5866,Liam Rao,user5866@streamflix-mail.com,Female,60,Delhi,India,2025-01-30
5867,Lucas Lee,user5867@streamflix-mail.com,Male,37,Mumbai,India,2023-10-29
5868,Jin Singh,user5868@streamflix-mail.com,Female,18,Paris,France,2026-02-07
5869,Sofia Gupta,user5869@streamflix-mail.com,Male,47,Los Angeles,United States,2022-12-30
5870,Ethan Patel,user5870@streamflix-mail.com,Male,64,Pune,India,2022-07-05
5871,Yuki Khan,user5871@streamflix-mail.com,Male,43,Dubai,United Arab Emirates,2021-08-26
5872,Kiara Wilson,user5872@streamflix-mail.com,Female,14,Chicago,United States,2023-11-22
5873,Mia Sharma,user5873@streamflix-mail.com,Female,17,New York,United States,2026-05-07
5874,Aadhya Singh,user5874@streamflix-mail.com,Male,42,Bengaluru,India,2020-04-05
5875,Lucas Lee,user5875@streamflix-mail.com,Female,62,New York,United States,2026-01-07
5876,Vihaan Johnson,user5876@streamflix-mail.com,Male,16,Toronto,Canada,2026-04-28
5877,Sofia Park,user5877@streamflix-mail.com,Female,55,Toronto,Canada,2024-10-06
5878,Ishaan Park,user5878@streamflix-mail.com,Male,57,New York,United States,2023-05-09
5879,Ethan Kowalski,user5879@streamflix-mail.com,Male,15,Toronto,Canada,2025-06-20
5880,Aarav Muller,user5880@streamflix-mail.com,Female,25,Dubai,United Arab Emirates,2020-12-17
5881,Reyansh Khan,user5881@streamflix-mail.com,Female,13,Berlin,Germany,2023-10-02
5882,Valentina Zhang,user5882@streamflix-mail.com,Female,45,London,United Kingdom,2025-01-14
5883,Hana Kim,user5883@streamflix-mail.com,Female,22,Pune,India,2025-01-13
5884,Krishna Lee,user5884@streamflix-mail.com,Female,65,Bengaluru,India,2023-05-25
5885,Sai Silva,user5885@streamflix-mail.com,Male,18,Hyderabad,India,2021-11-21
5886,Chen Iyer,user5886@streamflix-mail.com,Male,50,Mumbai,India,2026-02-13
5887,Valentina Johnson,user5887@streamflix-mail.com,Other,57,Manchester,United Kingdom,2024-01-19
5888,Reyansh Rossi,user5888@streamflix-mail.com,Male,23,Pune,India,2024-10-09
5889,Ethan Dubois,user5889@streamflix-mail.com,Female,27,Pune,India,2023-09-03
5890,Diya Verma,user5890@streamflix-mail.com,Male,58,Singapore,Singapore,2025-07-29
5891,Mia Miller,user5891@streamflix-mail.com,Female,18,Kolkata,India,2022-07-31
5892,Anika Singh,user5892@streamflix-mail.com,Male,38,Tokyo,Japan,2023-02-05
5893,Sai Nair,user5893@streamflix-mail.com,Female,27,Bengaluru,India,2025-01-10
5894,Aadhya Verma,user5894@streamflix-mail.com,Female,13,Kolkata,India,2022-11-17
5895,Emma Wilson,user5895@streamflix-mail.com,Male,38,Delhi,India,2020-11-01
5896,Yuki Zhang,user5896@streamflix-mail.com,Male,40,London,United Kingdom,2024-09-04
5897,Aarav Davis,user5897@streamflix-mail.com,Male,32,Bengaluru,India,2021-10-25
5898,Mateo Johnson,user5898@streamflix-mail.com,Male,59,Pune,India,2019-10-15
5899,Ava Silva,user5899@streamflix-mail.com,Male,18,Singapore,Singapore,2021-10-17
5900,Jin Park,user5900@streamflix-mail.com,Female,37,Seoul,South Korea,2019-05-28
5901,Lucia Andersen,user5901@streamflix-mail.com,Male,23,London,United Kingdom,2025-08-01
5902,Reyansh Smith,user5902@streamflix-mail.com,Male,56,Paris,France,2026-05-17
5903,Vihaan Singh,user5903@streamflix-mail.com,Male,44,Dubai,United Arab Emirates,2020-12-31
5904,Yuki Garcia,user5904@streamflix-mail.com,Male,53,Dubai,United Arab Emirates,2025-11-13
5905,Ayaan Davis,user5905@streamflix-mail.com,Male,19,Paris,France,2024-05-01
5906,Sai Garcia,user5906@streamflix-mail.com,Female,39,Delhi,India,2026-03-01
5907,Kiara Rossi,user5907@streamflix-mail.com,Female,15,Pune,India,2020-03-21
5908,Sofia Verma,user5908@streamflix-mail.com,Female,31,Los Angeles,United States,2019-06-20
5909,Yuki Davis,user5909@streamflix-mail.com,Male,66,Toronto,Canada,2025-11-24
5910,James Brown,user5910@streamflix-mail.com,Female,54,Paris,France,2021-01-07
5911,Ayaan Khan,user5911@streamflix-mail.com,Female,17,Delhi,India,2023-06-21
5912,Myra Park,user5912@streamflix-mail.com,Female,34,Pune,India,2025-10-04
5913,Sophia Rossi,user5913@streamflix-mail.com,Female,62,Chennai,India,2021-07-27
5914,Reyansh Wilson,user5914@streamflix-mail.com,Male,22,Sydney,Australia,2019-09-02
5915,James Gupta,user5915@streamflix-mail.com,Other,56,Paris,France,2024-12-06
5916,Aarav Gupta,user5916@streamflix-mail.com,Female,31,Berlin,Germany,2022-05-21
5917,Myra Brown,user5917@streamflix-mail.com,Female,40,Singapore,Singapore,2019-03-04
5918,Ishaan Zhang,user5918@streamflix-mail.com,Female,62,Dubai,United Arab Emirates,2021-07-23
5919,Sophia Rao,user5919@streamflix-mail.com,Other,51,Los Angeles,United States,2022-12-22
5920,Sofia Rao,user5920@streamflix-mail.com,Male,29,Toronto,Canada,2025-08-06
5921,Sai Muller,user5921@streamflix-mail.com,Female,13,Hyderabad,India,2020-09-11
5922,Yuki Sharma,user5922@streamflix-mail.com,Female,26,London,United Kingdom,2022-11-19
5923,Ethan Gupta,user5923@streamflix-mail.com,Female,36,Chennai,India,2020-05-11
5924,Mateo Iyer,user5924@streamflix-mail.com,Female,20,Berlin,Germany,2021-03-06
5925,Sofia Tanaka,user5925@streamflix-mail.com,Male,63,New York,United States,2020-12-23
5926,Arjun Miller,user5926@streamflix-mail.com,Male,16,New York,United States,2022-12-06
5927,Mia Iyer,user5927@streamflix-mail.com,Male,43,Los Angeles,United States,2023-12-22
5928,Olivia Rao,user5928@streamflix-mail.com,Female,68,Berlin,Germany,2019-11-04
5929,Arjun Tanaka,user5929@streamflix-mail.com,Female,32,Berlin,Germany,2019-07-27
5930,Ananya Zhang,user5930@streamflix-mail.com,Female,43,Los Angeles,United States,2024-06-25
5931,Lucia Khan,user5931@streamflix-mail.com,Female,17,Paris,France,2021-03-15
5932,Emma Singh,user5932@streamflix-mail.com,Female,54,Dubai,United Arab Emirates,2023-08-21
5933,Myra Gupta,user5933@streamflix-mail.com,Male,68,Tokyo,Japan,2019-07-30
5934,Aadhya Silva,user5934@streamflix-mail.com,Female,57,Berlin,Germany,2023-07-03
5935,Hana Iyer,user5935@streamflix-mail.com,Female,21,Kolkata,India,2025-10-25
5936,Diya Patel,user5936@streamflix-mail.com,Female,33,Manchester,United Kingdom,2022-04-13
5937,Reyansh Smith,user5937@streamflix-mail.com,Female,54,Chennai,India,2023-05-02
5938,Liam Kim,user5938@streamflix-mail.com,Other,58,Kolkata,India,2021-03-16
5939,Valentina Kim,user5939@streamflix-mail.com,Male,35,Chicago,United States,2021-02-21
5940,Ayaan Silva,user5940@streamflix-mail.com,Female,67,Delhi,India,2019-06-29
5941,Ananya Patel,user5941@streamflix-mail.com,Female,24,Pune,India,2022-08-04
5942,Kiara Johnson,user5942@streamflix-mail.com,Male,55,Tokyo,Japan,2026-02-05
5943,Ayaan Johnson,user5943@streamflix-mail.com,Male,41,Hyderabad,India,2019-11-14
5944,Ethan Verma,user5944@streamflix-mail.com,Male,53,Toronto,Canada,2022-02-14
5945,Ananya Li,user5945@streamflix-mail.com,Male,46,Dubai,United Arab Emirates,2025-04-10
5946,Sai Wilson,user5946@streamflix-mail.com,Female,37,Chennai,India,2022-09-19
5947,Ananya Miller,user5947@streamflix-mail.com,Male,59,Chicago,United States,2024-09-13
5948,Lucia Tanaka,user5948@streamflix-mail.com,Male,60,Seoul,South Korea,2021-10-25
5949,Lucia Nair,user5949@streamflix-mail.com,Female,59,Tokyo,Japan,2023-07-08
5950,James Tanaka,user5950@streamflix-mail.com,Male,18,Berlin,Germany,2026-05-28
5951,Anika Zhang,user5951@streamflix-mail.com,Female,37,Toronto,Canada,2023-06-25
5952,Chen Khan,user5952@streamflix-mail.com,Male,55,Seoul,South Korea,2024-12-19
5953,Ayaan Zhang,user5953@streamflix-mail.com,Male,62,New York,United States,2024-03-14
5954,Ethan Li,user5954@streamflix-mail.com,Other,33,Toronto,Canada,2019-09-20
5955,Sophia Smith,user5955@streamflix-mail.com,Female,55,Sydney,Australia,2020-03-15
5956,Lucas Smith,user5956@streamflix-mail.com,Female,45,Paris,France,2023-07-24
5957,Krishna Muller,user5957@streamflix-mail.com,Female,25,New York,United States,2021-08-11
5958,Lucas Iyer,user5958@streamflix-mail.com,Male,63,Seoul,South Korea,2022-08-19
5959,Noah Sharma,user5959@streamflix-mail.com,Female,38,London,United Kingdom,2022-08-16
5960,Jin Park,user5960@streamflix-mail.com,Male,47,Bengaluru,India,2024-12-12
5961,Reyansh Andersen,user5961@streamflix-mail.com,Female,29,Sydney,Australia,2026-06-05
5962,Noah Davis,user5962@streamflix-mail.com,Male,14,Paris,France,2026-06-23
5963,Hana Iyer,user5963@streamflix-mail.com,Female,38,Chicago,United States,2019-08-07
5964,Diya Wilson,user5964@streamflix-mail.com,Male,54,London,United Kingdom,2024-07-30
5965,Mia Singh,user5965@streamflix-mail.com,Male,31,Berlin,Germany,2024-06-08
5966,Vihaan Rossi,user5966@streamflix-mail.com,Male,65,Berlin,Germany,2025-06-26
5967,Lucas Kim,user5967@streamflix-mail.com,Female,55,Los Angeles,United States,2022-03-14
5968,Noah Smith,user5968@streamflix-mail.com,Male,49,Dubai,United Arab Emirates,2022-10-08
5969,Ayaan Kim,user5969@streamflix-mail.com,Female,58,Toronto,Canada,2022-05-21
5970,Aditya Zhang,user5970@streamflix-mail.com,Male,62,Toronto,Canada,2021-10-19
5971,Mia Zhang,user5971@streamflix-mail.com,Female,54,Singapore,Singapore,2020-11-06
5972,Ishaan Smith,user5972@streamflix-mail.com,Male,60,Kolkata,India,2023-10-28
5973,Aarohi Lee,user5973@streamflix-mail.com,Female,53,Kolkata,India,2019-02-15
5974,Aditya Verma,user5974@streamflix-mail.com,Male,62,Mumbai,India,2024-08-13
5975,Mateo Brown,user5975@streamflix-mail.com,Male,18,Seoul,South Korea,2025-04-23
5976,Emma Johnson,user5976@streamflix-mail.com,Male,32,Chennai,India,2020-09-14
5977,Lucia Wilson,user5977@streamflix-mail.com,Male,63,Sydney,Australia,2020-08-07
5978,Reyansh Kowalski,user5978@streamflix-mail.com,Male,40,Sydney,Australia,2022-10-10
5979,Krishna Kowalski,user5979@streamflix-mail.com,Male,13,Singapore,Singapore,2025-05-06
5980,Noah Miller,user5980@streamflix-mail.com,Female,61,Seoul,South Korea,2019-11-08
5981,Noah Park,user5981@streamflix-mail.com,Female,50,Seoul,South Korea,2022-03-28
5982,Yuki Reddy,user5982@streamflix-mail.com,Male,64,Mumbai,India,2020-08-15
5983,Lucia Miller,user5983@streamflix-mail.com,Male,13,Tokyo,Japan,2025-05-21
5984,Chen Zhang,user5984@streamflix-mail.com,Male,21,Pune,India,2025-08-11
5985,Sai Zhang,user5985@streamflix-mail.com,Male,42,Toronto,Canada,2019-08-19
5986,Aadhya Kowalski,user5986@streamflix-mail.com,Male,23,Sydney,Australia,2020-02-01
5987,Sofia Garcia,user5987@streamflix-mail.com,Male,42,Delhi,India,2020-03-06
5988,Emma Andersen,user5988@streamflix-mail.com,Male,32,Chennai,India,2025-01-30
5989,Min Tanaka,user5989@streamflix-mail.com,Female,24,Berlin,Germany,2025-10-01
5990,Liam Lee,user5990@streamflix-mail.com,Female,56,Bengaluru,India,2021-10-17
5991,Vivaan Gupta,user5991@streamflix-mail.com,Female,15,Pune,India,2020-03-07
5992,Kiara Johnson,user5992@streamflix-mail.com,Male,62,Delhi,India,2023-12-22
5993,Chen Li,user5993@streamflix-mail.com,Female,21,Hyderabad,India,2025-09-04
5994,Ethan Lee,user5994@streamflix-mail.com,Male,46,Toronto,Canada,2025-10-28
5995,Sai Kowalski,user5995@streamflix-mail.com,Male,69,Tokyo,Japan,2022-05-03
5996,Krishna Rossi,user5996@streamflix-mail.com,Female,19,Manchester,United Kingdom,2024-11-08
5997,Min Verma,user5997@streamflix-mail.com,Male,65,Chennai,India,2026-03-02
5998,Valentina Muller,user5998@streamflix-mail.com,Male,30,Seoul,South Korea,2025-03-11
5999,Wei Smith,user5999@streamflix-mail.com,Female,55,New York,United States,2022-07-23
6000,Vihaan Rossi,user6000@streamflix-mail.com,Female,61,Kolkata,India,2020-12-16
