subscription_id,user_id,plan_id,start_date,end_date,status,monthly_revenue
1,1,2,2022-10-16,,Active,499.0
2,2,1,2020-01-10,2021-07-03,Cancelled,199.0
3,2,2,2021-08-30,,Active,499.0
4,3,3,2021-09-02,2021-11-01,Cancelled,649.0
5,3,3,2021-12-23,2022-11-18,Cancelled,649.0
6,4,1,2024-12-28,2025-05-27,Cancelled,199.0
7,4,3,2025-06-14,,Active,649.0
8,5,2,2023-07-24,2023-11-21,Cancelled,499.0
9,5,2,2023-12-28,,Active,499.0
10,6,3,2026-05-29,,Active,649.0
11,7,3,2024-10-24,2026-05-17,Cancelled,649.0
12,8,3,2021-09-13,2021-12-12,Cancelled,649.0
13,8,2,2022-01-23,2022-12-19,Cancelled,499.0
14,9,3,2024-09-30,,Active,649.0
15,10,2,2025-06-27,,Active,499.0
16,11,2,2023-09-24,2024-01-22,Cancelled,499.0
17,12,1,2024-09-18,2026-04-11,Cancelled,199.0
18,12,1,2026-04-27,,Active,199.0
19,13,1,2022-10-10,2023-11-04,Cancelled,199.0
20,13,2,2023-12-29,2025-09-19,Cancelled,499.0
21,14,1,2025-10-31,,Active,199.0
22,15,2,2020-10-12,,Active,499.0
23,16,3,2022-03-07,2022-12-02,Cancelled,649.0
24,17,2,2020-11-26,,Active,499.0
25,18,2,2019-10-05,2020-01-03,Cancelled,499.0
26,19,2,2023-08-14,2024-03-11,Cancelled,499.0
27,19,1,2024-05-06,,Active,199.0
28,20,3,2019-11-21,2021-06-13,Cancelled,649.0
29,21,2,2020-09-11,,Active,499.0
30,22,3,2024-09-20,2024-12-19,Cancelled,649.0
31,23,1,2020-10-21,2021-01-19,Cancelled,199.0
32,24,3,2025-06-21,,Active,649.0
33,25,2,2019-05-15,2020-09-06,Cancelled,499.0
34,26,1,2022-06-05,2022-12-02,Cancelled,199.0
35,26,1,2023-01-08,2024-07-31,Cancelled,199.0
36,27,3,2019-07-03,2019-12-30,Cancelled,649.0
37,28,2,2019-06-13,,Active,499.0
38,29,2,2024-12-05,,Active,499.0
39,30,1,2019-07-02,2020-03-28,Cancelled,199.0
40,31,2,2025-09-09,,Active,499.0
41,32,1,2023-06-27,,Active,199.0
42,33,3,2022-08-14,,Active,649.0
43,34,2,2025-11-20,,Active,499.0
44,35,1,2021-11-27,2023-05-21,Cancelled,199.0
45,35,2,2023-05-26,2023-06-25,Cancelled,499.0
46,36,3,2021-12-30,2022-03-30,Cancelled,649.0
47,36,1,2022-04-13,,Active,199.0
48,37,1,2022-01-27,2022-08-25,Cancelled,199.0
49,37,2,2022-09-13,2023-06-10,Cancelled,499.0
50,37,2,2023-08-05,2023-12-03,Cancelled,499.0
51,38,2,2023-11-17,2025-07-09,Cancelled,499.0
52,38,1,2025-07-20,,Active,199.0
53,39,1,2025-05-08,,Active,199.0
54,40,3,2023-01-24,2024-11-14,Cancelled,649.0
55,41,1,2021-02-08,,Active,199.0
56,42,2,2025-09-02,,Active,499.0
57,43,2,2023-06-28,,Active,499.0
58,44,2,2025-03-29,2026-01-23,Cancelled,499.0
59,44,1,2026-02-11,,Active,199.0
60,45,3,2022-03-29,2023-02-22,Cancelled,649.0
61,46,1,2020-06-29,,Active,199.0
62,47,3,2026-01-30,,Active,649.0
63,48,2,2024-01-30,2025-02-23,Cancelled,499.0
64,49,1,2021-04-22,2021-06-21,Cancelled,199.0
65,49,2,2021-06-23,2021-07-23,Cancelled,499.0
66,50,3,2025-05-09,2025-11-05,Cancelled,649.0
67,50,1,2025-12-01,2026-01-30,Cancelled,199.0
68,51,1,2019-01-25,2020-12-15,Cancelled,199.0
69,51,1,2021-01-01,2021-07-30,Cancelled,199.0
70,52,1,2025-12-22,2026-03-22,Cancelled,199.0
71,53,2,2023-05-04,2024-03-29,Cancelled,499.0
72,54,1,2023-06-04,2024-03-30,Cancelled,199.0
73,54,2,2024-04-02,2024-08-30,Cancelled,499.0
74,54,3,2024-10-21,2026-04-14,Cancelled,649.0
75,55,1,2019-02-06,2019-08-05,Cancelled,199.0
76,55,2,2019-09-07,2021-04-29,Cancelled,499.0
77,56,3,2020-04-26,2020-07-25,Cancelled,649.0
78,57,2,2024-05-27,2025-01-22,Cancelled,499.0
79,58,2,2023-03-09,,Active,499.0
80,59,3,2019-12-16,2021-10-06,Cancelled,649.0
81,60,3,2023-12-29,2024-09-24,Cancelled,649.0
82,60,3,2024-10-13,2025-10-08,Cancelled,649.0
83,60,2,2025-10-14,2026-05-12,Cancelled,499.0
84,61,3,2024-08-05,,Active,649.0
85,62,2,2021-01-16,2021-04-16,Cancelled,499.0
86,63,3,2024-03-02,2024-09-28,Cancelled,649.0
87,64,2,2026-04-18,2026-05-18,Cancelled,499.0
88,65,2,2022-08-13,2023-06-09,Cancelled,499.0
89,66,2,2020-09-19,,Active,499.0
90,67,1,2026-03-18,,Active,199.0
91,68,3,2025-10-31,,Active,649.0
92,69,3,2022-06-04,,Active,649.0
93,70,3,2022-03-10,2023-11-30,Cancelled,649.0
94,71,2,2025-04-02,,Active,499.0
95,72,2,2019-01-02,2019-07-31,Cancelled,499.0
96,72,2,2019-09-08,2021-03-31,Cancelled,499.0
97,73,2,2021-05-05,2021-07-04,Cancelled,499.0
98,73,1,2021-07-27,,Active,199.0
99,74,3,2023-01-27,2024-12-17,Cancelled,649.0
100,74,3,2025-01-18,2026-01-13,Cancelled,649.0
101,74,1,2026-03-12,,Active,199.0
102,75,2,2023-11-26,2024-09-21,Cancelled,499.0
103,75,2,2024-11-10,2025-11-05,Cancelled,499.0
104,75,1,2025-12-30,,Active,199.0
105,76,2,2023-09-17,2023-12-16,Cancelled,499.0
106,76,1,2023-12-27,,Active,199.0
107,77,1,2021-10-11,2022-03-10,Cancelled,199.0
108,77,3,2022-03-15,2022-12-10,Cancelled,649.0
109,78,3,2025-07-08,,Active,649.0
110,79,2,2023-11-14,,Active,499.0
111,80,2,2023-01-20,2024-04-14,Cancelled,499.0
112,80,2,2024-06-01,,Active,499.0
113,81,2,2026-01-14,,Active,499.0
114,82,2,2019-09-15,2021-01-07,Cancelled,499.0
115,82,1,2021-02-13,2022-02-08,Cancelled,199.0
116,82,3,2022-03-03,,Active,649.0
117,83,1,2024-04-27,,Active,199.0
118,84,1,2025-12-12,,Active,199.0
119,85,1,2023-12-18,2024-09-13,Cancelled,199.0
120,86,2,2023-03-28,2024-12-17,Cancelled,499.0
121,87,1,2021-09-24,2022-10-19,Cancelled,199.0
122,88,2,2021-01-13,2022-01-08,Cancelled,499.0
123,88,3,2022-03-07,,Active,649.0
124,89,3,2023-02-03,2024-10-25,Cancelled,649.0
125,90,2,2025-09-27,,Active,499.0
126,91,1,2022-06-19,,Active,199.0
127,92,2,2019-11-28,,Active,499.0
128,93,1,2022-08-17,2022-10-16,Cancelled,199.0
129,93,1,2022-10-25,2024-06-16,Cancelled,199.0
130,93,3,2024-07-24,2025-05-20,Cancelled,649.0
131,94,2,2019-09-24,2020-01-22,Cancelled,499.0
132,95,3,2026-01-07,,Active,649.0
133,96,3,2023-01-04,2024-03-29,Cancelled,649.0
134,96,3,2024-04-08,2025-06-02,Cancelled,649.0
135,97,2,2020-08-08,,Active,499.0
136,98,2,2023-09-07,,Active,499.0
137,99,1,2023-01-12,,Active,199.0
138,100,3,2022-10-31,2022-12-30,Cancelled,649.0
139,101,3,2023-06-09,,Active,649.0
140,102,2,2025-12-18,,Active,499.0
141,103,2,2025-06-01,,Active,499.0
142,104,2,2020-12-20,,Active,499.0
143,105,2,2020-10-18,,Active,499.0
144,106,1,2026-06-04,,Active,199.0
145,107,2,2023-11-01,2024-12-25,Cancelled,499.0
146,107,3,2025-01-21,2025-06-20,Cancelled,649.0
147,108,3,2019-02-22,2020-04-17,Cancelled,649.0
148,108,2,2020-06-10,2020-12-07,Cancelled,499.0
149,108,2,2021-01-21,2022-06-15,Cancelled,499.0
150,109,3,2022-12-21,2023-10-17,Cancelled,649.0
151,109,2,2023-10-24,2024-01-22,Cancelled,499.0
152,110,3,2019-11-21,2021-05-14,Cancelled,649.0
153,110,1,2021-05-16,2023-02-05,Cancelled,199.0
154,110,3,2023-03-10,,Active,649.0
155,111,3,2019-03-23,,Active,649.0
156,112,3,2020-05-23,,Active,649.0
157,113,2,2020-11-28,,Active,499.0
158,114,3,2019-08-06,2021-03-28,Cancelled,649.0
159,114,1,2021-04-06,2022-06-30,Cancelled,199.0
160,115,2,2025-04-06,2025-12-02,Cancelled,499.0
161,116,1,2022-04-14,2022-05-14,Cancelled,199.0
162,116,1,2022-06-27,2022-08-26,Cancelled,199.0
163,117,2,2023-02-20,2024-12-11,Cancelled,499.0
164,117,2,2025-01-11,,Active,499.0
165,118,1,2025-06-27,2025-08-26,Cancelled,199.0
166,119,2,2025-04-11,,Active,499.0
167,120,3,2025-02-25,2026-05-21,Cancelled,649.0
168,121,2,2020-06-21,2021-02-16,Cancelled,499.0
169,121,2,2021-04-12,,Active,499.0
170,122,2,2024-08-01,2024-10-30,Cancelled,499.0
171,122,3,2024-12-15,,Active,649.0
172,123,2,2026-06-19,,Active,499.0
173,124,1,2019-01-21,,Active,199.0
174,125,2,2025-07-04,2026-05-30,Cancelled,499.0
175,125,2,2026-06-24,,Active,499.0
176,126,3,2025-06-28,,Active,649.0
177,127,2,2025-04-22,2026-05-17,Cancelled,499.0
178,128,1,2021-12-21,2022-12-16,Cancelled,199.0
179,129,3,2020-06-28,2021-04-24,Cancelled,649.0
180,129,3,2021-06-08,2022-04-04,Cancelled,649.0
181,130,2,2024-06-26,,Active,499.0
182,131,2,2023-09-02,2024-03-30,Cancelled,499.0
183,132,1,2024-06-13,2025-05-09,Cancelled,199.0
184,133,2,2020-12-01,2021-03-31,Cancelled,499.0
185,134,1,2020-05-01,,Active,199.0
186,135,2,2025-10-04,2026-01-02,Cancelled,499.0
187,135,2,2026-02-28,,Active,499.0
188,136,1,2022-11-12,,Active,199.0
189,137,1,2025-05-19,2025-09-16,Cancelled,199.0
190,137,2,2025-10-08,,Active,499.0
191,138,3,2025-12-10,2026-01-09,Cancelled,649.0
192,139,1,2022-06-11,,Active,199.0
193,140,2,2020-12-21,,Active,499.0
194,141,2,2025-09-18,,Active,499.0
195,142,1,2024-05-11,2024-09-08,Cancelled,199.0
196,142,2,2024-11-06,2025-02-04,Cancelled,499.0
197,143,3,2023-12-29,2025-08-20,Cancelled,649.0
198,144,1,2026-03-08,,Active,199.0
199,145,2,2020-11-05,2022-03-30,Cancelled,499.0
200,145,2,2022-04-12,2022-05-12,Cancelled,499.0
201,146,1,2021-09-14,,Active,199.0
202,147,1,2019-04-17,2020-12-07,Cancelled,199.0
203,148,2,2021-11-27,,Active,499.0
204,149,3,2022-05-07,2024-02-26,Cancelled,649.0
205,150,2,2022-05-24,2023-08-17,Cancelled,499.0
206,150,3,2023-08-26,2024-03-23,Cancelled,649.0
207,150,2,2024-05-13,2024-10-10,Cancelled,499.0
208,151,2,2020-02-18,,Active,499.0
209,152,2,2025-01-24,2025-05-24,Cancelled,499.0
210,153,3,2022-09-01,2023-02-28,Cancelled,649.0
211,153,3,2023-04-03,,Active,649.0
212,154,2,2022-04-17,2024-01-07,Cancelled,499.0
213,154,1,2024-02-22,2024-08-20,Cancelled,199.0
214,155,3,2025-06-23,2026-01-19,Cancelled,649.0
215,156,1,2022-08-24,,Active,199.0
216,157,2,2025-09-08,2025-10-08,Cancelled,499.0
217,157,3,2025-12-04,,Active,649.0
218,158,1,2020-08-31,2021-10-25,Cancelled,199.0
219,158,1,2021-12-16,2023-03-11,Cancelled,199.0
220,158,3,2023-03-18,2023-06-16,Cancelled,649.0
221,159,3,2025-05-18,,Active,649.0
222,160,3,2026-05-30,,Active,649.0
223,161,2,2024-08-16,2026-03-09,Cancelled,499.0
224,161,3,2026-05-04,,Active,649.0
225,162,3,2025-09-09,,Active,649.0
226,163,2,2024-07-19,2025-11-11,Cancelled,499.0
227,164,1,2023-07-02,,Active,199.0
228,165,2,2024-09-22,2024-11-21,Cancelled,499.0
229,166,3,2026-03-15,,Active,649.0
230,167,2,2023-07-15,2025-04-05,Cancelled,499.0
231,168,1,2024-02-24,2025-03-20,Cancelled,199.0
232,169,2,2019-08-05,2019-09-04,Cancelled,499.0
233,170,3,2026-03-11,,Active,649.0
234,171,2,2024-10-30,,Active,499.0
235,172,2,2020-03-18,,Active,499.0
236,173,2,2021-03-04,2022-02-27,Cancelled,499.0
237,173,2,2022-03-29,2023-11-19,Cancelled,499.0
238,173,2,2023-12-16,2024-08-12,Cancelled,499.0
239,174,1,2020-09-09,2022-03-03,Cancelled,199.0
240,175,2,2021-05-25,2021-08-23,Cancelled,499.0
241,176,3,2025-08-20,,Active,649.0
242,177,2,2022-06-25,2023-08-19,Cancelled,499.0
243,177,3,2023-10-10,,Active,649.0
244,178,2,2022-02-23,2022-07-23,Cancelled,499.0
245,179,1,2024-11-02,2025-08-29,Cancelled,199.0
246,180,2,2021-10-13,2021-11-12,Cancelled,499.0
247,180,2,2021-11-15,2023-09-06,Cancelled,499.0
248,181,2,2025-08-22,,Active,499.0
249,182,2,2024-08-27,2026-05-19,Cancelled,499.0
250,182,3,2026-07-16,,Active,649.0
251,183,2,2020-12-04,,Active,499.0
252,184,1,2023-09-22,2024-10-16,Cancelled,199.0
253,185,2,2022-08-14,2023-05-11,Cancelled,499.0
254,185,1,2023-05-20,,Active,199.0
255,186,2,2021-07-31,,Active,499.0
256,187,3,2025-10-17,,Active,649.0
257,188,2,2021-12-25,2022-09-21,Cancelled,499.0
258,189,1,2019-11-16,2021-07-08,Cancelled,199.0
259,189,3,2021-07-10,2023-01-31,Cancelled,649.0
260,190,3,2022-01-23,2023-08-16,Cancelled,649.0
261,191,2,2022-11-15,2023-03-15,Cancelled,499.0
262,191,2,2023-05-12,,Active,499.0
263,192,1,2019-12-12,2021-02-04,Cancelled,199.0
264,193,3,2024-07-26,,Active,649.0
265,194,1,2020-09-20,,Active,199.0
266,195,1,2019-09-11,,Active,199.0
267,196,1,2023-01-11,2024-11-01,Cancelled,199.0
268,196,3,2024-12-02,2026-05-26,Cancelled,649.0
269,197,2,2020-03-16,2021-02-09,Cancelled,499.0
270,198,2,2024-11-10,2024-12-10,Cancelled,499.0
271,198,1,2025-01-15,,Active,199.0
272,199,2,2019-07-07,2020-05-02,Cancelled,499.0
273,200,1,2022-02-21,,Active,199.0
274,201,2,2019-05-22,2019-12-18,Cancelled,499.0
275,201,1,2020-01-13,2020-10-09,Cancelled,199.0
276,201,2,2020-10-14,2022-02-06,Cancelled,499.0
277,202,1,2021-11-15,,Active,199.0
278,203,1,2025-12-30,,Active,199.0
279,204,2,2023-11-17,2023-12-17,Cancelled,499.0
280,204,2,2024-01-24,2024-11-19,Cancelled,499.0
281,205,2,2023-01-05,2024-08-27,Cancelled,499.0
282,205,1,2024-09-06,2026-03-30,Cancelled,199.0
283,205,1,2026-05-13,,Active,199.0
284,206,2,2020-03-06,2020-07-04,Cancelled,499.0
285,207,2,2021-05-06,,Active,499.0
286,208,1,2021-11-08,2022-05-07,Cancelled,199.0
287,209,1,2023-05-04,2023-10-01,Cancelled,199.0
288,209,2,2023-11-03,2024-04-01,Cancelled,499.0
289,210,3,2020-07-23,2021-03-20,Cancelled,649.0
290,211,1,2026-06-30,,Active,199.0
291,212,2,2023-11-20,,Active,499.0
292,213,1,2021-05-03,2022-02-27,Cancelled,199.0
293,213,1,2022-04-22,2022-05-22,Cancelled,199.0
294,214,1,2019-11-04,2020-01-03,Cancelled,199.0
295,215,2,2023-06-18,2023-07-18,Cancelled,499.0
296,215,2,2023-08-24,2024-07-19,Cancelled,499.0
297,215,1,2024-08-06,2025-08-01,Cancelled,199.0
298,216,2,2022-05-11,2022-06-10,Cancelled,499.0
299,216,2,2022-08-05,,Active,499.0
300,217,2,2024-01-20,2025-01-14,Cancelled,499.0
301,218,2,2023-06-21,2024-01-17,Cancelled,499.0
302,219,2,2023-10-20,2025-08-10,Cancelled,499.0
303,219,3,2025-08-12,2025-11-10,Cancelled,649.0
304,220,2,2025-04-01,,Active,499.0
305,221,2,2022-12-08,,Active,499.0
306,222,3,2024-06-06,2024-10-04,Cancelled,649.0
307,223,2,2021-09-10,2022-04-08,Cancelled,499.0
308,224,2,2026-01-25,,Active,499.0
309,225,1,2022-01-22,,Active,199.0
310,226,1,2024-02-05,2025-03-31,Cancelled,199.0
311,227,3,2026-06-26,,Active,649.0
312,228,1,2021-08-14,,Active,199.0
313,229,3,2019-10-06,2021-07-27,Cancelled,649.0
314,230,1,2020-09-26,2021-12-20,Cancelled,199.0
315,230,1,2022-01-07,2023-11-28,Cancelled,199.0
316,231,3,2020-10-29,2021-09-24,Cancelled,649.0
317,231,2,2021-10-04,2022-07-01,Cancelled,499.0
318,231,2,2022-07-09,2024-05-29,Cancelled,499.0
319,232,2,2019-06-04,,Active,499.0
320,233,1,2023-01-29,,Active,199.0
321,234,2,2021-01-30,2021-09-27,Cancelled,499.0
322,235,1,2019-09-23,2020-03-21,Cancelled,199.0
323,236,3,2020-01-10,,Active,649.0
324,237,1,2021-01-18,,Active,199.0
325,238,1,2021-10-07,2022-06-04,Cancelled,199.0
326,238,3,2022-07-24,2022-11-21,Cancelled,649.0
327,238,3,2022-12-28,2024-10-18,Cancelled,649.0
328,239,3,2026-04-22,,Active,649.0
329,240,1,2024-04-07,2025-04-02,Cancelled,199.0
330,240,1,2025-04-05,,Active,199.0
331,241,3,2024-05-10,2026-01-30,Cancelled,649.0
332,242,3,2024-03-09,2024-05-08,Cancelled,649.0
333,242,2,2024-06-28,2025-04-24,Cancelled,499.0
334,243,2,2025-01-08,,Active,499.0
335,244,2,2021-05-21,2022-12-12,Cancelled,499.0
336,244,1,2022-12-15,2023-04-14,Cancelled,199.0
337,244,1,2023-05-20,,Active,199.0
338,245,2,2019-09-30,,Active,499.0
339,246,3,2022-10-24,2024-07-15,Cancelled,649.0
340,247,2,2019-01-04,2020-07-27,Cancelled,499.0
341,248,1,2020-08-16,,Active,199.0
342,249,1,2024-08-23,2025-03-21,Cancelled,199.0
343,250,2,2022-10-09,2023-01-07,Cancelled,499.0
344,251,2,2024-03-06,2024-06-04,Cancelled,499.0
345,252,3,2022-10-28,2023-04-26,Cancelled,649.0
346,252,3,2023-06-24,,Active,649.0
347,253,1,2023-01-25,2024-04-19,Cancelled,199.0
348,254,1,2021-04-04,2022-10-26,Cancelled,199.0
349,255,2,2020-08-21,2022-07-12,Cancelled,499.0
350,255,1,2022-07-20,2024-05-10,Cancelled,199.0
351,256,2,2020-12-11,2021-11-06,Cancelled,499.0
352,257,1,2024-12-25,2025-05-24,Cancelled,199.0
353,258,1,2026-05-06,,Active,199.0
354,259,3,2019-08-13,,Active,649.0
355,260,2,2023-01-10,2024-08-02,Cancelled,499.0
356,261,2,2022-07-11,2024-02-01,Cancelled,499.0
357,262,3,2023-03-19,2024-09-09,Cancelled,649.0
358,263,2,2020-09-29,,Active,499.0
359,264,1,2019-01-22,2020-02-16,Cancelled,199.0
360,265,1,2020-07-10,2021-03-07,Cancelled,199.0
361,265,1,2021-03-10,2021-05-09,Cancelled,199.0
362,266,3,2020-05-12,2021-12-03,Cancelled,649.0
363,267,2,2019-05-24,2019-12-20,Cancelled,499.0
364,267,2,2020-01-23,2021-02-16,Cancelled,499.0
365,267,1,2021-02-25,2022-04-21,Cancelled,199.0
366,268,1,2021-09-03,2022-10-28,Cancelled,199.0
367,269,1,2024-02-16,2025-09-08,Cancelled,199.0
368,270,3,2026-03-29,,Active,649.0
369,271,3,2023-12-05,2025-03-29,Cancelled,649.0
370,271,1,2025-04-24,2025-11-20,Cancelled,199.0
371,272,3,2020-04-24,,Active,649.0
372,273,3,2021-09-18,2023-08-09,Cancelled,649.0
373,273,2,2023-09-22,2024-10-16,Cancelled,499.0
374,274,1,2021-04-10,2021-11-06,Cancelled,199.0
375,275,1,2020-08-03,2021-11-26,Cancelled,199.0
376,275,3,2022-01-14,,Active,649.0
377,276,2,2026-06-04,,Active,499.0
378,277,2,2023-12-01,2024-05-29,Cancelled,499.0
379,278,3,2022-08-10,2023-04-07,Cancelled,649.0
380,279,2,2022-04-10,2022-10-07,Cancelled,499.0
381,280,3,2021-05-21,2023-04-11,Cancelled,649.0
382,280,3,2023-04-25,2025-01-14,Cancelled,649.0
383,281,3,2022-02-15,2024-01-06,Cancelled,649.0
384,282,3,2023-10-03,2024-04-30,Cancelled,649.0
385,282,3,2024-06-08,,Active,649.0
386,283,1,2025-12-16,,Active,199.0
387,284,2,2022-09-20,2024-05-12,Cancelled,499.0
388,284,3,2024-05-30,,Active,649.0
389,285,2,2020-05-21,,Active,499.0
390,286,3,2026-03-06,2026-04-05,Cancelled,649.0
391,286,2,2026-05-16,,Active,499.0
392,287,2,2021-05-12,2022-01-07,Cancelled,499.0
393,287,2,2022-01-28,2022-11-24,Cancelled,499.0
394,288,1,2019-08-16,,Active,199.0
395,289,3,2023-01-29,,Active,649.0
396,290,3,2024-12-04,,Active,649.0
397,291,1,2020-12-06,2022-01-30,Cancelled,199.0
398,291,3,2022-03-04,2023-04-28,Cancelled,649.0
399,292,1,2021-02-03,2021-06-03,Cancelled,199.0
400,292,2,2021-07-14,2021-08-13,Cancelled,499.0
401,293,2,2021-03-02,2021-05-01,Cancelled,499.0
402,293,1,2021-05-18,,Active,199.0
403,294,1,2025-01-17,2026-03-13,Cancelled,199.0
404,295,2,2026-03-06,,Active,499.0
405,296,3,2025-05-10,,Active,649.0
406,297,2,2020-09-11,2021-07-08,Cancelled,499.0
407,297,2,2021-08-24,,Active,499.0
408,298,2,2025-05-14,,Active,499.0
409,299,3,2021-04-27,2022-07-21,Cancelled,649.0
410,300,1,2025-07-01,,Active,199.0
411,301,1,2026-06-07,,Active,199.0
412,302,2,2024-05-20,2025-10-12,Cancelled,499.0
413,302,2,2025-10-22,,Active,499.0
414,303,2,2026-02-28,,Active,499.0
415,304,2,2020-01-25,2020-11-20,Cancelled,499.0
416,304,2,2020-12-08,,Active,499.0
417,305,3,2023-11-28,2025-02-20,Cancelled,649.0
418,305,3,2025-03-06,,Active,649.0
419,306,1,2019-05-23,2019-09-20,Cancelled,199.0
420,307,2,2023-11-21,,Active,499.0
421,308,3,2021-07-22,2023-04-13,Cancelled,649.0
422,308,3,2023-06-05,,Active,649.0
423,309,2,2026-04-09,,Active,499.0
424,310,1,2022-09-17,2023-12-11,Cancelled,199.0
425,311,2,2024-09-18,,Active,499.0
426,312,3,2021-04-08,2021-05-08,Cancelled,649.0
427,312,1,2021-07-02,,Active,199.0
428,313,2,2019-07-24,2021-03-15,Cancelled,499.0
429,314,2,2024-07-25,,Active,499.0
430,315,1,2020-08-30,2020-11-28,Cancelled,199.0
431,316,2,2024-06-01,2026-04-22,Cancelled,499.0
432,316,1,2026-05-05,,Active,199.0
433,317,3,2022-06-26,2024-05-16,Cancelled,649.0
434,317,2,2024-05-19,2025-09-11,Cancelled,499.0
435,318,1,2026-04-15,,Active,199.0
436,319,2,2021-08-23,2023-01-15,Cancelled,499.0
437,320,3,2022-01-01,2022-10-28,Cancelled,649.0
438,321,2,2024-07-20,2025-10-13,Cancelled,499.0
439,321,2,2025-11-30,2026-02-28,Cancelled,499.0
440,322,1,2024-11-21,,Active,199.0
441,323,3,2019-12-11,2021-10-31,Cancelled,649.0
442,323,2,2021-12-16,2023-09-07,Cancelled,499.0
443,324,1,2024-07-22,2025-02-17,Cancelled,199.0
444,325,3,2022-09-07,,Active,649.0
445,326,3,2026-05-31,,Active,649.0
446,327,3,2023-09-24,,Active,649.0
447,328,1,2024-10-19,2025-08-15,Cancelled,199.0
448,329,2,2021-07-30,2022-06-25,Cancelled,499.0
449,330,1,2021-02-15,,Active,199.0
450,331,2,2024-11-19,2026-05-13,Cancelled,499.0
451,331,1,2026-06-17,,Active,199.0
452,332,3,2019-02-11,2020-08-04,Cancelled,649.0
453,332,2,2020-08-18,2022-03-11,Cancelled,499.0
454,333,3,2023-05-09,2023-12-05,Cancelled,649.0
455,333,2,2023-12-17,2025-07-09,Cancelled,499.0
456,334,1,2026-04-04,,Active,199.0
457,335,3,2026-06-06,,Active,649.0
458,336,2,2024-05-14,2025-07-08,Cancelled,499.0
459,336,1,2025-08-18,,Active,199.0
460,337,2,2022-09-23,2023-09-18,Cancelled,499.0
461,338,3,2025-02-02,2025-12-29,Cancelled,649.0
462,338,1,2026-01-27,,Active,199.0
463,339,2,2019-02-10,2020-05-05,Cancelled,499.0
464,340,2,2024-12-11,,Active,499.0
465,341,1,2020-06-04,,Active,199.0
466,342,2,2024-07-07,,Active,499.0
467,343,3,2021-08-10,,Active,649.0
468,344,3,2024-08-19,2024-10-18,Cancelled,649.0
469,344,3,2024-11-12,2025-12-07,Cancelled,649.0
470,344,2,2025-12-13,,Active,499.0
471,345,2,2023-07-10,2023-11-07,Cancelled,499.0
472,346,1,2025-12-19,,Active,199.0
473,347,2,2024-11-25,2024-12-25,Cancelled,499.0
474,347,2,2025-02-08,,Active,499.0
475,348,2,2025-11-07,,Active,499.0
476,349,1,2020-02-19,,Active,199.0
477,350,1,2021-11-04,2022-01-03,Cancelled,199.0
478,351,3,2022-04-12,2022-07-11,Cancelled,649.0
479,352,2,2019-03-26,2020-04-19,Cancelled,499.0
480,353,1,2019-03-04,2020-07-26,Cancelled,199.0
481,353,1,2020-08-04,2022-04-26,Cancelled,199.0
482,354,2,2019-04-16,2020-01-11,Cancelled,499.0
483,355,1,2024-10-01,,Active,199.0
484,356,1,2022-05-07,2023-01-02,Cancelled,199.0
485,357,3,2024-08-20,,Active,649.0
486,358,2,2025-04-05,,Active,499.0
487,359,3,2019-04-09,,Active,649.0
488,360,1,2025-05-09,,Active,199.0
489,361,1,2020-09-09,2021-01-07,Cancelled,199.0
490,361,3,2021-02-16,,Active,649.0
491,362,1,2022-01-12,,Active,199.0
492,363,2,2026-03-21,,Active,499.0
493,364,2,2021-04-05,,Active,499.0
494,365,3,2026-01-17,2026-03-18,Cancelled,649.0
495,366,2,2022-10-19,2023-12-13,Cancelled,499.0
496,367,1,2019-02-06,2020-07-30,Cancelled,199.0
497,368,2,2025-03-29,2026-01-23,Cancelled,499.0
498,368,2,2026-03-15,,Active,499.0
499,369,2,2019-05-02,2020-05-26,Cancelled,499.0
500,370,1,2023-10-09,2024-01-07,Cancelled,199.0
501,370,2,2024-02-20,2024-06-19,Cancelled,499.0
502,370,2,2024-07-29,2025-08-23,Cancelled,499.0
503,371,1,2022-06-09,2023-04-05,Cancelled,199.0
504,372,1,2020-01-18,2020-05-17,Cancelled,199.0
505,373,2,2022-11-10,2024-08-01,Cancelled,499.0
506,373,1,2024-08-18,,Active,199.0
507,374,2,2021-09-18,2022-12-12,Cancelled,499.0
508,375,2,2019-09-27,2020-11-20,Cancelled,499.0
509,375,2,2021-01-10,2022-01-05,Cancelled,499.0
510,376,3,2023-03-01,2023-06-29,Cancelled,649.0
511,377,1,2019-05-01,,Active,199.0
512,378,3,2023-01-13,2023-07-12,Cancelled,649.0
513,379,2,2020-09-10,2020-11-09,Cancelled,499.0
514,379,1,2020-11-25,2022-01-19,Cancelled,199.0
515,379,2,2022-02-05,,Active,499.0
516,380,2,2025-03-24,,Active,499.0
517,381,2,2026-02-14,2026-04-15,Cancelled,499.0
518,382,2,2025-12-27,,Active,499.0
519,383,1,2026-01-11,,Active,199.0
520,384,2,2019-10-03,2021-02-24,Cancelled,499.0
521,384,2,2021-04-17,,Active,499.0
522,385,2,2022-10-27,2024-04-19,Cancelled,499.0
523,385,3,2024-05-20,,Active,649.0
524,386,2,2020-09-06,2022-05-29,Cancelled,499.0
525,387,1,2019-09-22,2021-06-13,Cancelled,199.0
526,388,2,2021-12-09,2022-01-08,Cancelled,499.0
527,388,1,2022-01-18,,Active,199.0
528,389,1,2022-03-21,2022-04-20,Cancelled,199.0
529,390,2,2021-03-22,2021-12-17,Cancelled,499.0
530,391,1,2019-11-09,2020-11-03,Cancelled,199.0
531,391,1,2020-12-14,,Active,199.0
532,392,1,2022-01-22,2023-05-17,Cancelled,199.0
533,392,2,2023-06-10,,Active,499.0
534,393,1,2020-03-01,,Active,199.0
535,394,1,2019-04-22,,Active,199.0
536,395,2,2022-05-20,2023-05-15,Cancelled,499.0
537,395,2,2023-06-27,2025-04-17,Cancelled,499.0
538,396,2,2019-06-30,2020-05-25,Cancelled,499.0
539,396,2,2020-06-06,,Active,499.0
540,397,2,2026-03-29,,Active,499.0
541,398,2,2025-04-14,2026-05-09,Cancelled,499.0
542,399,1,2025-12-10,,Active,199.0
543,400,3,2019-10-08,,Active,649.0
544,401,1,2022-06-27,2023-01-23,Cancelled,199.0
545,402,2,2025-03-06,2025-09-02,Cancelled,499.0
546,402,2,2025-09-03,,Active,499.0
547,403,2,2023-04-25,2024-03-20,Cancelled,499.0
548,403,2,2024-05-09,2025-08-02,Cancelled,499.0
549,404,2,2021-04-19,2021-11-15,Cancelled,499.0
550,405,3,2025-03-26,,Active,649.0
551,406,3,2021-04-26,2021-12-22,Cancelled,649.0
552,406,2,2022-01-30,2022-10-27,Cancelled,499.0
553,406,2,2022-11-26,,Active,499.0
554,407,2,2026-04-20,,Active,499.0
555,408,1,2019-10-03,,Active,199.0
556,409,1,2024-04-17,2025-03-13,Cancelled,199.0
557,410,3,2019-02-06,2020-12-27,Cancelled,649.0
558,411,2,2025-11-08,,Active,499.0
559,412,3,2021-08-30,2022-01-27,Cancelled,649.0
560,413,2,2019-02-25,2020-04-20,Cancelled,499.0
561,414,1,2025-04-06,2026-03-02,Cancelled,199.0
562,415,1,2026-04-02,2026-07-01,Cancelled,199.0
563,416,2,2025-11-23,2026-03-23,Cancelled,499.0
564,416,2,2026-05-15,,Active,499.0
565,417,2,2022-08-22,2022-10-21,Cancelled,499.0
566,418,3,2019-06-18,2020-02-13,Cancelled,649.0
567,419,1,2020-09-15,2022-07-07,Cancelled,199.0
568,419,3,2022-07-13,,Active,649.0
569,420,2,2019-03-26,2019-09-22,Cancelled,499.0
570,420,2,2019-10-22,2020-01-20,Cancelled,499.0
571,421,3,2019-05-02,2020-05-26,Cancelled,649.0
572,422,1,2020-03-10,2021-04-04,Cancelled,199.0
573,423,1,2023-03-22,2023-05-21,Cancelled,199.0
574,423,1,2023-06-19,2023-07-19,Cancelled,199.0
575,424,2,2024-09-29,2026-01-22,Cancelled,499.0
576,425,3,2023-05-21,,Active,649.0
577,426,3,2020-07-14,2020-10-12,Cancelled,649.0
578,426,2,2020-11-14,2020-12-14,Cancelled,499.0
579,427,2,2023-07-06,2024-03-02,Cancelled,499.0
580,427,1,2024-03-06,2025-07-29,Cancelled,199.0
581,427,2,2025-08-20,2026-03-18,Cancelled,499.0
582,428,1,2020-09-23,2021-05-21,Cancelled,199.0
583,429,3,2022-06-16,2022-09-14,Cancelled,649.0
584,430,1,2025-08-30,,Active,199.0
585,431,2,2020-01-04,,Active,499.0
586,432,3,2025-07-23,2025-08-22,Cancelled,649.0
587,432,1,2025-10-14,,Active,199.0
588,433,2,2021-01-11,2021-11-07,Cancelled,499.0
589,434,3,2024-01-10,2025-08-02,Cancelled,649.0
590,435,2,2020-12-16,2021-01-15,Cancelled,499.0
591,435,1,2021-03-12,2022-12-02,Cancelled,199.0
592,436,3,2020-03-25,,Active,649.0
593,437,2,2022-05-18,2023-02-12,Cancelled,499.0
594,438,3,2021-11-09,2022-11-04,Cancelled,649.0
595,439,1,2022-10-21,2024-02-13,Cancelled,199.0
596,440,3,2020-10-08,2021-02-05,Cancelled,649.0
597,441,2,2026-05-02,,Active,499.0
598,442,2,2024-01-14,2024-08-11,Cancelled,499.0
599,443,3,2025-04-20,2025-11-16,Cancelled,649.0
600,443,2,2026-01-10,2026-05-10,Cancelled,499.0
601,443,2,2026-06-16,,Active,499.0
602,444,2,2024-11-05,2026-02-28,Cancelled,499.0
603,445,3,2024-06-05,,Active,649.0
604,446,2,2020-01-25,,Active,499.0
605,447,2,2023-05-30,,Active,499.0
606,448,2,2025-09-24,,Active,499.0
607,449,2,2019-09-21,2020-05-18,Cancelled,499.0
608,449,3,2020-06-14,2021-02-09,Cancelled,649.0
609,450,3,2022-06-21,2022-11-18,Cancelled,649.0
610,450,2,2022-11-30,2023-01-29,Cancelled,499.0
611,450,2,2023-02-14,,Active,499.0
612,451,2,2020-05-19,2021-11-10,Cancelled,499.0
613,452,3,2024-12-16,,Active,649.0
614,453,1,2025-12-25,,Active,199.0
615,454,1,2019-05-22,2020-07-15,Cancelled,199.0
616,455,3,2025-01-03,2025-03-04,Cancelled,649.0
617,456,2,2021-09-14,2023-03-08,Cancelled,499.0
618,457,1,2026-03-24,,Active,199.0
619,458,1,2019-02-10,2019-05-11,Cancelled,199.0
620,458,1,2019-06-17,,Active,199.0
621,459,1,2020-06-08,2021-09-01,Cancelled,199.0
622,459,1,2021-10-05,2021-11-04,Cancelled,199.0
623,460,2,2024-05-21,2024-07-20,Cancelled,499.0
624,461,3,2024-11-01,,Active,649.0
625,462,2,2019-08-06,,Active,499.0
626,463,1,2020-03-14,2020-07-12,Cancelled,199.0
627,464,1,2021-07-15,2022-12-07,Cancelled,199.0
628,465,3,2019-04-06,,Active,649.0
629,466,2,2024-11-10,2026-01-04,Cancelled,499.0
630,466,2,2026-02-04,2026-03-06,Cancelled,499.0
631,467,2,2024-01-08,2025-03-03,Cancelled,499.0
632,468,3,2024-08-12,2025-02-08,Cancelled,649.0
633,469,2,2022-07-09,2023-12-01,Cancelled,499.0
634,469,3,2023-12-27,,Active,649.0
635,470,3,2023-10-20,2024-08-15,Cancelled,649.0
636,470,1,2024-09-18,2025-08-14,Cancelled,199.0
637,471,2,2023-04-18,2023-11-14,Cancelled,499.0
638,472,2,2024-03-15,2024-10-11,Cancelled,499.0
639,473,1,2022-05-18,2022-06-17,Cancelled,199.0
640,473,2,2022-07-08,2023-12-30,Cancelled,499.0
641,474,1,2023-11-19,,Active,199.0
642,475,2,2023-11-03,2024-03-02,Cancelled,499.0
643,475,3,2024-03-16,2025-09-07,Cancelled,649.0
644,476,3,2023-10-22,,Active,649.0
645,477,1,2025-07-16,,Active,199.0
646,478,2,2021-08-15,2023-04-07,Cancelled,499.0
647,479,1,2025-08-03,,Active,199.0
648,480,2,2019-03-19,2020-10-09,Cancelled,499.0
649,481,3,2022-08-24,2022-12-22,Cancelled,649.0
650,482,3,2022-04-24,,Active,649.0
651,483,2,2025-07-04,,Active,499.0
652,484,2,2019-05-05,,Active,499.0
653,485,3,2020-08-16,2021-03-14,Cancelled,649.0
654,486,3,2022-07-07,,Active,649.0
655,487,1,2025-02-10,2025-06-10,Cancelled,199.0
656,488,1,2022-06-24,2023-01-20,Cancelled,199.0
657,488,3,2023-02-27,2024-06-21,Cancelled,649.0
658,488,1,2024-08-06,,Active,199.0
659,489,3,2023-10-16,,Active,649.0
660,490,2,2020-05-04,2021-07-28,Cancelled,499.0
661,491,3,2026-01-26,,Active,649.0
662,492,2,2024-11-17,2026-04-11,Cancelled,499.0
663,492,3,2026-05-31,,Active,649.0
664,493,1,2019-04-28,2019-05-28,Cancelled,199.0
665,493,3,2019-06-10,,Active,649.0
666,494,3,2024-04-12,2025-04-07,Cancelled,649.0
667,495,1,2019-12-21,2021-08-12,Cancelled,199.0
668,496,2,2023-03-13,2024-04-06,Cancelled,499.0
669,497,3,2024-04-23,2024-06-22,Cancelled,649.0
670,497,1,2024-08-06,2025-03-04,Cancelled,199.0
671,497,3,2025-04-24,2025-05-24,Cancelled,649.0
672,498,2,2025-12-10,,Active,499.0
673,499,1,2019-07-13,2021-01-03,Cancelled,199.0
674,500,1,2021-02-25,2021-06-25,Cancelled,199.0
675,501,1,2024-03-05,2025-06-28,Cancelled,199.0
676,501,2,2025-07-18,,Active,499.0
677,502,2,2020-12-18,2021-07-16,Cancelled,499.0
678,503,1,2024-05-05,2025-05-30,Cancelled,199.0
679,503,3,2025-06-06,2025-08-05,Cancelled,649.0
680,503,3,2025-09-06,2026-02-03,Cancelled,649.0
681,504,1,2020-05-17,,Active,199.0
682,505,1,2020-03-23,2021-05-17,Cancelled,199.0
683,506,2,2023-01-30,2023-04-30,Cancelled,499.0
684,507,2,2024-03-01,2024-03-31,Cancelled,499.0
685,507,1,2024-05-07,2026-03-28,Cancelled,199.0
686,508,3,2020-07-16,2022-04-07,Cancelled,649.0
687,509,2,2025-07-20,,Active,499.0
688,510,1,2025-07-07,,Active,199.0
689,511,1,2019-08-11,2021-02-01,Cancelled,199.0
690,511,1,2021-02-20,,Active,199.0
691,512,3,2021-04-13,2021-12-09,Cancelled,649.0
692,513,1,2023-03-03,2023-05-02,Cancelled,199.0
693,513,3,2023-05-13,2024-03-08,Cancelled,649.0
694,514,2,2022-09-06,2022-10-06,Cancelled,499.0
695,514,3,2022-10-29,,Active,649.0
696,515,3,2020-11-29,,Active,649.0
697,516,3,2022-12-20,2023-02-18,Cancelled,649.0
698,517,2,2026-03-21,,Active,499.0
699,518,2,2021-04-22,,Active,499.0
700,519,1,2020-08-22,2022-07-13,Cancelled,199.0
701,520,1,2024-07-14,,Active,199.0
702,521,2,2023-04-12,2023-05-12,Cancelled,499.0
703,522,2,2024-03-09,2025-01-03,Cancelled,499.0
704,522,1,2025-02-17,,Active,199.0
705,523,2,2023-11-05,2025-01-28,Cancelled,499.0
706,524,2,2024-09-14,,Active,499.0
707,525,3,2024-06-19,2025-03-16,Cancelled,649.0
708,526,2,2023-07-18,2024-04-13,Cancelled,499.0
709,526,3,2024-05-03,2026-01-23,Cancelled,649.0
710,527,3,2022-05-29,2023-10-21,Cancelled,649.0
711,528,1,2022-06-13,2022-08-12,Cancelled,199.0
712,529,2,2020-12-27,2021-03-27,Cancelled,499.0
713,530,1,2022-05-14,2024-03-04,Cancelled,199.0
714,531,3,2023-07-15,2024-06-09,Cancelled,649.0
715,532,2,2024-05-15,2026-03-06,Cancelled,499.0
716,533,2,2024-10-17,2025-01-15,Cancelled,499.0
717,534,3,2021-10-29,2022-06-26,Cancelled,649.0
718,535,1,2024-06-29,2024-10-27,Cancelled,199.0
719,536,2,2022-04-12,2023-07-06,Cancelled,499.0
720,536,3,2023-08-22,2023-10-21,Cancelled,649.0
721,537,2,2021-09-08,2022-05-06,Cancelled,499.0
722,538,3,2020-03-24,2021-12-14,Cancelled,649.0
723,539,3,2020-12-28,2022-05-22,Cancelled,649.0
724,540,2,2024-02-04,2025-10-26,Cancelled,499.0
725,540,3,2025-12-04,,Active,649.0
726,541,1,2020-08-15,2021-11-08,Cancelled,199.0
727,542,3,2019-07-30,,Active,649.0
728,543,1,2021-01-14,2021-04-14,Cancelled,199.0
729,543,1,2021-05-18,2022-06-12,Cancelled,199.0
730,543,1,2022-08-08,,Active,199.0
731,544,1,2026-06-05,,Active,199.0
732,545,1,2020-02-15,2022-01-05,Cancelled,199.0
733,546,2,2020-01-29,2020-09-25,Cancelled,499.0
734,547,2,2022-01-08,,Active,499.0
735,548,2,2021-11-14,2022-03-14,Cancelled,499.0
736,548,3,2022-04-01,2022-05-01,Cancelled,649.0
737,549,1,2025-11-24,,Active,199.0
738,550,2,2020-10-13,2021-01-11,Cancelled,499.0
739,551,2,2022-02-16,2023-01-12,Cancelled,499.0
740,551,2,2023-02-13,,Active,499.0
741,552,3,2021-03-06,2021-11-01,Cancelled,649.0
742,553,2,2020-11-15,2021-06-13,Cancelled,499.0
743,554,3,2021-06-01,2022-10-24,Cancelled,649.0
744,554,1,2022-12-10,2024-08-31,Cancelled,199.0
745,555,1,2020-12-04,,Active,199.0
746,556,2,2024-05-20,2025-12-11,Cancelled,499.0
747,556,2,2026-01-22,,Active,499.0
748,557,1,2024-12-03,2025-11-28,Cancelled,199.0
749,558,2,2020-04-28,2020-11-24,Cancelled,499.0
750,559,1,2022-09-19,2023-08-15,Cancelled,199.0
751,560,2,2020-12-23,,Active,499.0
752,561,1,2025-07-03,2025-10-01,Cancelled,199.0
753,562,3,2019-10-05,,Active,649.0
754,563,2,2022-01-25,,Active,499.0
755,564,1,2021-06-26,2021-08-25,Cancelled,199.0
756,565,1,2021-09-22,2022-09-17,Cancelled,199.0
757,566,2,2026-01-21,,Active,499.0
758,567,2,2023-01-20,2024-10-11,Cancelled,499.0
759,568,2,2021-11-06,2022-07-04,Cancelled,499.0
760,568,3,2022-07-06,2024-01-27,Cancelled,649.0
761,569,3,2025-01-21,,Active,649.0
762,570,2,2024-10-29,2025-09-24,Cancelled,499.0
763,570,1,2025-10-20,,Active,199.0
764,571,1,2020-02-01,,Active,199.0
765,572,1,2022-06-18,,Active,199.0
766,573,3,2022-02-02,2023-07-27,Cancelled,649.0
767,573,3,2023-09-09,2025-05-31,Cancelled,649.0
768,574,1,2022-05-16,2023-05-11,Cancelled,199.0
769,575,3,2021-08-13,2022-03-11,Cancelled,649.0
770,576,1,2025-03-06,2025-07-04,Cancelled,199.0
771,577,1,2026-06-19,,Active,199.0
772,578,1,2019-03-15,2019-10-11,Cancelled,199.0
773,578,3,2019-12-06,2021-01-29,Cancelled,649.0
774,579,1,2025-06-03,,Active,199.0
775,580,2,2025-06-26,,Active,499.0
776,581,1,2021-09-28,2022-03-27,Cancelled,199.0
777,582,2,2022-08-21,2023-10-15,Cancelled,499.0
778,582,2,2023-11-07,2024-01-06,Cancelled,499.0
779,582,2,2024-02-20,,Active,499.0
780,583,2,2019-10-07,2021-03-30,Cancelled,499.0
781,583,2,2021-04-25,2021-05-25,Cancelled,499.0
782,584,1,2021-08-19,2022-11-12,Cancelled,199.0
783,584,2,2022-11-26,2023-01-25,Cancelled,499.0
784,585,2,2020-10-14,2022-03-08,Cancelled,499.0
785,585,1,2022-03-18,2023-06-11,Cancelled,199.0
786,586,2,2025-10-18,,Active,499.0
787,587,3,2019-10-21,2021-02-12,Cancelled,649.0
788,588,2,2021-07-19,2023-05-10,Cancelled,499.0
789,588,1,2023-06-12,2024-07-06,Cancelled,199.0
790,589,2,2022-08-09,2023-10-03,Cancelled,499.0
791,589,1,2023-11-04,2024-07-31,Cancelled,199.0
792,590,1,2026-04-30,,Active,199.0
793,591,1,2025-02-15,,Active,199.0
794,592,2,2026-01-07,,Active,499.0
795,593,2,2021-04-29,2021-09-26,Cancelled,499.0
796,594,1,2021-01-03,2022-10-25,Cancelled,199.0
797,595,2,2023-04-14,2023-08-12,Cancelled,499.0
798,596,3,2021-07-21,2022-04-17,Cancelled,649.0
799,597,1,2019-02-13,2020-11-04,Cancelled,199.0
800,598,3,2025-02-01,2025-04-02,Cancelled,649.0
801,599,3,2019-09-17,2019-12-16,Cancelled,649.0
802,599,1,2020-01-03,,Active,199.0
803,600,1,2020-06-19,2022-02-09,Cancelled,199.0
804,601,1,2026-01-26,,Active,199.0
805,602,2,2024-06-27,2026-05-18,Cancelled,499.0
806,603,2,2023-10-26,,Active,499.0
807,604,1,2019-12-20,2021-04-13,Cancelled,199.0
808,604,2,2021-04-14,2022-11-05,Cancelled,499.0
809,605,1,2020-11-17,,Active,199.0
810,606,1,2020-07-16,,Active,199.0
811,607,1,2023-10-22,2024-08-17,Cancelled,199.0
812,608,1,2022-10-02,2022-12-01,Cancelled,199.0
813,609,2,2021-09-14,2022-12-08,Cancelled,499.0
814,610,3,2024-08-04,2024-09-03,Cancelled,649.0
815,611,3,2024-10-31,2026-02-23,Cancelled,649.0
816,612,1,2024-07-17,2024-09-15,Cancelled,199.0
817,612,1,2024-10-19,2024-11-18,Cancelled,199.0
818,613,1,2019-10-17,2020-11-10,Cancelled,199.0
819,613,1,2020-11-26,2022-04-20,Cancelled,199.0
820,614,1,2023-07-26,,Active,199.0
821,615,1,2020-07-29,2022-02-19,Cancelled,199.0
822,616,1,2021-01-15,2021-09-12,Cancelled,199.0
823,616,1,2021-10-04,2022-01-02,Cancelled,199.0
824,617,3,2026-05-02,,Active,649.0
825,618,1,2022-02-11,2023-04-07,Cancelled,199.0
826,619,2,2024-11-26,,Active,499.0
827,620,2,2020-11-05,2022-08-27,Cancelled,499.0
828,621,1,2026-04-16,,Active,199.0
829,622,2,2021-01-28,2021-03-29,Cancelled,499.0
830,623,1,2020-05-13,,Active,199.0
831,624,2,2021-06-03,2022-11-25,Cancelled,499.0
832,625,1,2020-04-19,2022-02-08,Cancelled,199.0
833,625,1,2022-02-11,2023-12-03,Cancelled,199.0
834,626,2,2023-06-28,2024-02-23,Cancelled,499.0
835,627,2,2020-01-30,,Active,499.0
836,628,2,2020-07-22,,Active,499.0
837,629,3,2024-04-06,2025-07-30,Cancelled,649.0
838,629,1,2025-09-11,,Active,199.0
839,630,2,2019-04-27,,Active,499.0
840,631,1,2022-04-21,,Active,199.0
841,632,3,2024-03-10,2025-01-04,Cancelled,649.0
842,632,2,2025-01-16,,Active,499.0
843,633,1,2022-05-04,,Active,199.0
844,634,2,2019-03-01,2020-01-25,Cancelled,499.0
845,635,2,2020-03-08,2021-07-31,Cancelled,499.0
846,636,2,2026-04-12,,Active,499.0
847,637,3,2024-10-15,2025-05-13,Cancelled,649.0
848,638,1,2021-08-17,2022-11-10,Cancelled,199.0
849,639,3,2025-07-20,,Active,649.0
850,640,3,2019-01-19,2019-07-18,Cancelled,649.0
851,640,3,2019-08-22,,Active,649.0
852,641,2,2019-05-10,,Active,499.0
853,642,2,2025-08-18,2026-02-14,Cancelled,499.0
854,643,3,2024-01-21,2025-01-15,Cancelled,649.0
855,644,2,2023-07-01,,Active,499.0
856,645,3,2021-08-01,,Active,649.0
857,646,2,2025-02-16,2026-01-12,Cancelled,499.0
858,647,2,2023-07-24,2024-05-19,Cancelled,499.0
859,648,2,2022-04-06,,Active,499.0
860,649,1,2021-11-07,2021-12-07,Cancelled,199.0
861,650,2,2021-08-27,2022-12-20,Cancelled,499.0
862,651,1,2023-04-25,,Active,199.0
863,652,1,2023-11-29,2024-08-25,Cancelled,199.0
864,653,1,2025-01-12,2026-03-08,Cancelled,199.0
865,653,2,2026-03-23,,Active,499.0
866,654,2,2022-01-16,2023-07-10,Cancelled,499.0
867,654,2,2023-08-20,2024-01-17,Cancelled,499.0
868,655,1,2020-11-26,2021-10-22,Cancelled,199.0
869,655,3,2021-11-27,,Active,649.0
870,656,1,2023-03-03,,Active,199.0
871,657,2,2023-05-17,,Active,499.0
872,658,1,2021-01-30,,Active,199.0
873,659,2,2019-07-20,2021-01-10,Cancelled,499.0
874,660,3,2021-06-29,,Active,649.0
875,661,2,2019-07-13,,Active,499.0
876,662,2,2019-08-14,2020-01-11,Cancelled,499.0
877,663,1,2026-03-29,,Active,199.0
878,664,1,2024-11-09,,Active,199.0
879,665,3,2019-04-08,2020-02-02,Cancelled,649.0
880,666,1,2021-08-13,,Active,199.0
881,667,1,2020-11-28,2022-02-21,Cancelled,199.0
882,667,3,2022-03-01,2022-09-27,Cancelled,649.0
883,668,2,2026-04-23,,Active,499.0
884,669,1,2022-04-13,2023-03-09,Cancelled,199.0
885,670,2,2020-12-12,,Active,499.0
886,671,2,2023-10-04,2024-06-30,Cancelled,499.0
887,672,3,2022-07-24,2022-08-23,Cancelled,649.0
888,672,2,2022-09-19,2023-06-16,Cancelled,499.0
889,673,1,2020-05-27,,Active,199.0
890,674,1,2021-04-16,2023-02-05,Cancelled,199.0
891,675,2,2019-12-15,,Active,499.0
892,676,1,2024-03-14,2024-06-12,Cancelled,199.0
893,677,1,2026-04-11,,Active,199.0
894,678,1,2025-01-22,2025-07-21,Cancelled,199.0
895,678,2,2025-08-03,2025-09-02,Cancelled,499.0
896,679,2,2021-10-24,2023-01-17,Cancelled,499.0
897,680,3,2022-08-26,2024-04-17,Cancelled,649.0
898,681,1,2019-06-16,2021-02-05,Cancelled,199.0
899,681,2,2021-03-06,2022-11-26,Cancelled,499.0
900,682,1,2021-10-01,2022-08-27,Cancelled,199.0
901,683,1,2019-03-29,2020-05-22,Cancelled,199.0
902,683,3,2020-05-31,2021-11-22,Cancelled,649.0
903,684,3,2024-08-01,2025-12-24,Cancelled,649.0
904,685,3,2025-10-25,,Active,649.0
905,686,2,2020-06-08,2021-02-03,Cancelled,499.0
906,687,1,2024-01-20,2025-07-13,Cancelled,199.0
907,688,1,2023-06-30,2024-10-22,Cancelled,199.0
908,689,1,2022-02-18,,Active,199.0
909,690,2,2024-07-01,,Active,499.0
910,691,1,2024-02-05,2024-11-01,Cancelled,199.0
911,692,1,2021-01-07,2022-10-29,Cancelled,199.0
912,692,1,2022-11-03,2023-03-03,Cancelled,199.0
913,693,3,2024-12-26,,Active,649.0
914,694,3,2023-12-01,2025-08-22,Cancelled,649.0
915,695,1,2021-05-05,,Active,199.0
916,696,3,2024-07-06,2026-03-28,Cancelled,649.0
917,696,2,2026-05-01,,Active,499.0
918,697,2,2023-10-21,2024-06-17,Cancelled,499.0
919,698,1,2019-11-18,,Active,199.0
920,699,1,2020-03-31,2022-02-19,Cancelled,199.0
921,700,3,2021-06-05,2021-12-02,Cancelled,649.0
922,700,1,2021-12-09,2022-07-07,Cancelled,199.0
923,701,3,2019-05-02,2020-06-25,Cancelled,649.0
924,702,2,2022-01-17,2022-06-16,Cancelled,499.0
925,703,1,2022-06-17,2023-07-12,Cancelled,199.0
926,704,3,2024-10-25,2025-03-24,Cancelled,649.0
927,704,2,2025-05-13,,Active,499.0
928,705,3,2020-04-14,2021-01-09,Cancelled,649.0
929,706,2,2023-04-03,2024-12-23,Cancelled,499.0
930,706,3,2025-02-16,2025-03-18,Cancelled,649.0
931,706,3,2025-04-01,2026-02-25,Cancelled,649.0
932,707,3,2023-12-25,2025-08-16,Cancelled,649.0
933,707,3,2025-08-17,2026-01-14,Cancelled,649.0
934,707,1,2026-02-17,,Active,199.0
935,708,2,2022-05-15,,Active,499.0
936,709,1,2025-10-20,,Active,199.0
937,710,1,2021-05-22,2022-06-16,Cancelled,199.0
938,710,1,2022-07-14,2023-08-08,Cancelled,199.0
939,710,1,2023-08-28,2024-09-21,Cancelled,199.0
940,711,3,2022-01-21,,Active,649.0
941,712,2,2019-01-12,2019-05-12,Cancelled,499.0
942,712,1,2019-05-31,2021-04-20,Cancelled,199.0
943,713,2,2022-01-29,2022-08-27,Cancelled,499.0
944,714,2,2019-02-25,2019-05-26,Cancelled,499.0
945,715,3,2026-05-17,,Active,649.0
946,716,1,2020-10-20,2020-12-19,Cancelled,199.0
947,717,3,2025-02-01,2026-04-27,Cancelled,649.0
948,718,2,2019-11-16,2020-05-14,Cancelled,499.0
949,719,2,2021-01-20,2021-12-16,Cancelled,499.0
950,720,1,2019-11-24,2021-07-16,Cancelled,199.0
951,721,2,2021-10-06,,Active,499.0
952,722,2,2023-07-09,2024-11-30,Cancelled,499.0
953,723,3,2022-02-23,2022-04-24,Cancelled,649.0
954,723,2,2022-05-09,2022-10-06,Cancelled,499.0
955,724,2,2023-07-16,2025-02-05,Cancelled,499.0
956,724,1,2025-04-05,,Active,199.0
957,725,1,2025-01-16,2025-09-13,Cancelled,199.0
958,726,3,2019-05-03,2019-12-29,Cancelled,649.0
959,726,1,2020-01-09,2021-02-02,Cancelled,199.0
960,727,2,2022-03-07,2022-11-02,Cancelled,499.0
961,727,1,2022-12-01,2024-06-23,Cancelled,199.0
962,728,1,2023-06-15,2024-10-07,Cancelled,199.0
963,729,1,2022-12-04,,Active,199.0
964,730,2,2020-02-04,,Active,499.0
965,731,2,2020-07-19,2021-12-11,Cancelled,499.0
966,732,1,2021-10-29,2023-08-20,Cancelled,199.0
967,732,1,2023-08-29,2024-02-25,Cancelled,199.0
968,733,1,2023-11-19,2025-04-12,Cancelled,199.0
969,734,2,2026-06-02,,Active,499.0
970,735,1,2021-10-05,,Active,199.0
971,736,2,2022-11-30,,Active,499.0
972,737,2,2021-04-19,2022-09-11,Cancelled,499.0
973,738,1,2019-04-04,,Active,199.0
974,739,2,2021-12-26,2023-10-17,Cancelled,499.0
975,740,1,2021-08-09,,Active,199.0
976,741,2,2020-02-17,,Active,499.0
977,742,3,2024-01-11,2025-02-04,Cancelled,649.0
978,743,2,2020-12-08,,Active,499.0
979,744,1,2020-09-06,2021-08-02,Cancelled,199.0
980,744,1,2021-08-29,,Active,199.0
981,745,1,2021-12-01,2023-04-25,Cancelled,199.0
982,745,1,2023-05-09,,Active,199.0
983,746,1,2026-03-25,2026-06-23,Cancelled,199.0
984,747,2,2023-10-09,2024-12-02,Cancelled,499.0
985,748,2,2022-03-10,2022-10-06,Cancelled,499.0
986,749,1,2025-02-24,2025-10-22,Cancelled,199.0
987,749,1,2025-10-29,,Active,199.0
988,750,2,2019-02-27,2019-03-29,Cancelled,499.0
989,751,2,2021-07-11,,Active,499.0
990,752,1,2023-01-20,2024-03-15,Cancelled,199.0
991,753,1,2022-08-30,,Active,199.0
992,754,2,2024-01-26,2024-04-25,Cancelled,499.0
993,754,2,2024-06-21,,Active,499.0
994,755,3,2024-04-05,2025-05-30,Cancelled,649.0
995,756,3,2022-06-02,2023-08-26,Cancelled,649.0
996,756,2,2023-10-21,2024-05-18,Cancelled,499.0
997,757,2,2025-12-20,,Active,499.0
998,758,2,2025-12-16,,Active,499.0
999,759,2,2022-07-25,2023-11-17,Cancelled,499.0
1000,760,2,2025-10-05,2026-06-02,Cancelled,499.0
1001,760,1,2026-06-08,,Active,199.0
1002,761,1,2023-10-21,2024-08-16,Cancelled,199.0
1003,762,3,2020-01-16,,Active,649.0
1004,763,3,2019-11-24,,Active,649.0
1005,764,1,2019-08-07,2021-05-28,Cancelled,199.0
1006,765,2,2020-08-02,,Active,499.0
1007,766,2,2021-05-05,2021-10-02,Cancelled,499.0
1008,766,1,2021-10-05,2021-12-04,Cancelled,199.0
1009,767,3,2019-07-09,2019-09-07,Cancelled,649.0
1010,768,3,2023-07-24,2025-05-14,Cancelled,649.0
1011,769,2,2022-01-30,2023-04-25,Cancelled,499.0
1012,769,3,2023-05-29,,Active,649.0
1013,770,1,2023-07-06,2024-03-02,Cancelled,199.0
1014,771,3,2022-10-09,2023-07-06,Cancelled,649.0
1015,772,2,2021-01-13,2022-12-04,Cancelled,499.0
1016,773,2,2023-08-11,2024-07-06,Cancelled,499.0
1017,774,2,2026-02-17,,Active,499.0
1018,775,2,2021-05-17,,Active,499.0
1019,776,2,2021-04-21,,Active,499.0
1020,777,1,2022-11-14,2023-04-13,Cancelled,199.0
1021,777,2,2023-06-02,,Active,499.0
1022,778,3,2025-01-10,2026-06-04,Cancelled,649.0
1023,778,2,2026-07-05,,Active,499.0
1024,779,3,2022-12-26,2023-04-25,Cancelled,649.0
1025,779,3,2023-05-03,,Active,649.0
1026,780,1,2025-03-27,,Active,199.0
1027,781,2,2019-07-22,2020-05-17,Cancelled,499.0
1028,782,2,2019-09-27,2021-06-18,Cancelled,499.0
1029,783,2,2022-01-17,2022-02-16,Cancelled,499.0
1030,784,1,2020-09-28,2020-10-28,Cancelled,199.0
1031,784,2,2020-11-27,2021-12-22,Cancelled,499.0
1032,785,1,2019-03-05,,Active,199.0
1033,786,1,2020-08-12,,Active,199.0
1034,787,3,2021-01-12,2022-10-04,Cancelled,649.0
1035,788,3,2025-11-23,,Active,649.0
1036,789,1,2024-11-11,2025-05-10,Cancelled,199.0
1037,790,1,2021-08-19,2023-04-11,Cancelled,199.0
1038,790,1,2023-05-24,,Active,199.0
1039,791,1,2026-03-08,,Active,199.0
1040,792,1,2025-04-09,,Active,199.0
1041,793,2,2020-11-17,2022-03-12,Cancelled,499.0
1042,794,2,2022-08-01,2023-09-25,Cancelled,499.0
1043,794,2,2023-10-03,,Active,499.0
1044,795,1,2025-11-28,,Active,199.0
1045,796,1,2022-06-05,2022-11-02,Cancelled,199.0
1046,797,3,2021-10-12,2023-03-06,Cancelled,649.0
1047,797,2,2023-04-23,2024-04-17,Cancelled,499.0
1048,798,1,2025-10-09,,Active,199.0
1049,799,2,2023-12-14,2024-03-13,Cancelled,499.0
1050,799,3,2024-04-16,2024-11-12,Cancelled,649.0
1051,800,1,2022-04-22,,Active,199.0
1052,801,1,2025-07-09,,Active,199.0
1053,802,2,2024-08-01,2026-06-22,Cancelled,499.0
1054,803,2,2021-08-10,2022-01-07,Cancelled,499.0
1055,804,1,2022-03-07,2022-09-03,Cancelled,199.0
1056,804,2,2022-10-07,2023-12-01,Cancelled,499.0
1057,805,3,2019-05-10,2019-06-09,Cancelled,649.0
1058,805,2,2019-07-27,2021-03-18,Cancelled,499.0
1059,806,3,2019-10-06,2020-07-02,Cancelled,649.0
1060,807,1,2026-02-26,,Active,199.0
1061,808,1,2019-05-26,2020-11-16,Cancelled,199.0
1062,808,2,2021-01-12,,Active,499.0
1063,809,3,2025-04-10,2026-05-05,Cancelled,649.0
1064,809,3,2026-06-03,,Active,649.0
1065,810,3,2020-07-24,2021-06-19,Cancelled,649.0
1066,810,1,2021-08-06,2022-08-31,Cancelled,199.0
1067,811,1,2023-01-22,2023-07-21,Cancelled,199.0
1068,812,2,2024-05-31,2025-03-27,Cancelled,499.0
1069,813,3,2026-06-06,,Active,649.0
1070,814,1,2021-10-20,2023-03-14,Cancelled,199.0
1071,814,2,2023-04-13,2023-06-12,Cancelled,499.0
1072,814,2,2023-08-09,,Active,499.0
1073,815,2,2025-12-07,2026-04-06,Cancelled,499.0
1074,816,1,2022-05-28,2023-12-19,Cancelled,199.0
1075,816,2,2024-02-10,2025-11-01,Cancelled,499.0
1076,817,2,2025-07-02,,Active,499.0
1077,818,3,2019-10-06,2020-02-03,Cancelled,649.0
1078,818,1,2020-02-07,2021-07-01,Cancelled,199.0
1079,818,3,2021-08-28,,Active,649.0
1080,819,1,2021-01-03,2021-10-30,Cancelled,199.0
1081,820,3,2023-09-02,2025-01-24,Cancelled,649.0
1082,821,2,2024-04-17,,Active,499.0
1083,822,2,2025-01-08,2026-03-04,Cancelled,499.0
1084,823,1,2021-09-06,2023-01-29,Cancelled,199.0
1085,824,1,2023-09-07,,Active,199.0
1086,825,2,2023-08-27,,Active,499.0
1087,826,2,2026-05-19,,Active,499.0
1088,827,2,2019-11-17,2020-04-15,Cancelled,499.0
1089,828,1,2019-02-14,2020-11-05,Cancelled,199.0
1090,829,2,2023-04-24,,Active,499.0
1091,830,2,2019-02-12,2019-07-12,Cancelled,499.0
1092,831,1,2020-06-20,2020-07-20,Cancelled,199.0
1093,832,1,2022-10-01,,Active,199.0
1094,833,1,2021-01-03,2021-09-30,Cancelled,199.0
1095,834,1,2020-12-30,2022-01-24,Cancelled,199.0
1096,834,1,2022-03-16,,Active,199.0
1097,835,1,2021-08-06,,Active,199.0
1098,836,1,2024-02-23,,Active,199.0
1099,837,1,2021-09-28,,Active,199.0
1100,838,1,2024-12-11,2025-09-07,Cancelled,199.0
1101,838,2,2025-10-12,,Active,499.0
1102,839,3,2020-03-11,2020-11-06,Cancelled,649.0
1103,839,2,2020-11-17,,Active,499.0
1104,840,3,2019-10-08,,Active,649.0
1105,841,2,2020-03-31,2022-02-19,Cancelled,499.0
1106,841,1,2022-03-11,2023-05-05,Cancelled,199.0
1107,841,2,2023-06-17,2024-01-13,Cancelled,499.0
1108,842,3,2025-11-16,,Active,649.0
1109,843,1,2021-01-29,2022-09-21,Cancelled,199.0
1110,843,3,2022-10-06,,Active,649.0
1111,844,3,2019-03-23,2019-09-19,Cancelled,649.0
1112,845,1,2021-05-13,,Active,199.0
1113,846,1,2024-02-28,2024-07-27,Cancelled,199.0
1114,846,3,2024-09-10,2025-07-07,Cancelled,649.0
1115,847,1,2021-09-18,2021-10-18,Cancelled,199.0
1116,848,3,2021-11-18,2022-04-17,Cancelled,649.0
1117,849,1,2019-08-25,2020-05-21,Cancelled,199.0
1118,849,1,2020-07-10,2022-03-02,Cancelled,199.0
1119,850,2,2024-01-02,2025-07-25,Cancelled,499.0
1120,851,1,2020-08-26,2021-08-21,Cancelled,199.0
1121,851,3,2021-10-15,2023-02-07,Cancelled,649.0
1122,852,3,2019-09-25,2021-08-15,Cancelled,649.0
1123,853,2,2024-05-11,2026-01-01,Cancelled,499.0
1124,854,3,2026-01-09,,Active,649.0
1125,855,2,2023-07-30,2024-12-21,Cancelled,499.0
1126,856,1,2026-01-10,2026-05-10,Cancelled,199.0
1127,857,2,2022-01-06,,Active,499.0
1128,858,1,2022-11-23,,Active,199.0
1129,859,2,2021-09-04,,Active,499.0
1130,860,3,2022-10-27,2023-05-25,Cancelled,649.0
1131,860,2,2023-07-16,2024-01-12,Cancelled,499.0
1132,861,1,2025-09-10,2025-10-10,Cancelled,199.0
1133,862,1,2023-10-05,2024-09-29,Cancelled,199.0
1134,862,3,2024-11-05,2025-10-31,Cancelled,649.0
1135,862,1,2025-12-03,,Active,199.0
1136,863,3,2019-03-15,2019-05-14,Cancelled,649.0
1137,864,2,2023-05-08,2024-11-28,Cancelled,499.0
1138,865,2,2021-10-29,2021-12-28,Cancelled,499.0
1139,866,2,2023-01-28,2024-03-23,Cancelled,499.0
1140,867,1,2023-03-08,2023-06-06,Cancelled,199.0
1141,868,1,2023-06-02,,Active,199.0
1142,869,1,2025-06-29,2026-06-24,Cancelled,199.0
1143,869,1,2026-07-28,,Active,199.0
1144,870,1,2025-06-08,,Active,199.0
1145,871,3,2026-04-13,,Active,649.0
1146,872,3,2023-08-01,2024-08-25,Cancelled,649.0
1147,872,3,2024-10-09,2025-10-04,Cancelled,649.0
1148,873,2,2021-02-20,2021-08-19,Cancelled,499.0
1149,874,3,2020-06-20,2020-08-19,Cancelled,649.0
1150,875,2,2025-05-14,,Active,499.0
1151,876,2,2025-11-07,2026-05-06,Cancelled,499.0
1152,877,1,2019-04-12,2020-11-02,Cancelled,199.0
1153,877,2,2020-11-14,2021-10-10,Cancelled,499.0
1154,878,1,2020-08-14,,Active,199.0
1155,879,2,2024-02-04,2025-10-26,Cancelled,499.0
1156,880,2,2020-03-28,,Active,499.0
1157,881,1,2019-05-18,,Active,199.0
1158,882,2,2026-06-22,,Active,499.0
1159,883,2,2019-09-21,2021-04-13,Cancelled,499.0
1160,883,2,2021-06-11,2022-06-06,Cancelled,499.0
1161,884,3,2020-08-07,2021-05-04,Cancelled,649.0
1162,885,1,2026-05-31,,Active,199.0
1163,886,2,2019-10-02,2019-11-01,Cancelled,499.0
1164,887,3,2024-12-29,,Active,649.0
1165,888,2,2023-03-19,2023-09-15,Cancelled,499.0
1166,889,2,2023-01-18,2024-01-13,Cancelled,499.0
1167,889,1,2024-02-20,2024-12-16,Cancelled,199.0
1168,889,1,2025-02-06,2025-04-07,Cancelled,199.0
1169,890,1,2025-03-14,,Active,199.0
1170,891,3,2019-02-28,2020-09-20,Cancelled,649.0
1171,892,3,2019-06-16,,Active,649.0
1172,893,1,2020-06-19,2021-08-13,Cancelled,199.0
1173,894,2,2022-09-03,2022-11-02,Cancelled,499.0
1174,894,2,2022-11-07,2024-01-31,Cancelled,499.0
1175,895,1,2026-03-19,,Active,199.0
1176,896,2,2019-07-07,2020-02-02,Cancelled,499.0
1177,896,1,2020-03-29,2022-02-17,Cancelled,199.0
1178,897,1,2022-02-24,,Active,199.0
1179,898,1,2022-03-19,,Active,199.0
1180,899,3,2020-06-22,2020-07-22,Cancelled,649.0
1181,900,3,2021-07-30,2021-11-27,Cancelled,649.0
1182,900,2,2021-12-10,2022-04-09,Cancelled,499.0
1183,900,1,2022-04-30,,Active,199.0
1184,901,1,2020-07-04,2021-09-27,Cancelled,199.0
1185,902,1,2020-01-11,2021-07-04,Cancelled,199.0
1186,903,3,2022-11-28,2023-10-24,Cancelled,649.0
1187,904,2,2025-12-24,2026-06-22,Cancelled,499.0
1188,905,1,2022-01-11,2023-03-07,Cancelled,199.0
1189,905,1,2023-05-04,2024-10-25,Cancelled,199.0
1190,906,1,2023-10-05,,Active,199.0
1191,907,2,2024-01-09,2025-07-02,Cancelled,499.0
1192,907,2,2025-08-10,,Active,499.0
1193,908,1,2025-04-27,2026-05-22,Cancelled,199.0
1194,909,3,2025-03-08,2026-03-03,Cancelled,649.0
1195,909,2,2026-05-01,,Active,499.0
1196,910,2,2025-10-16,,Active,499.0
1197,911,1,2025-02-08,,Active,199.0
1198,912,2,2025-12-21,,Active,499.0
1199,913,1,2026-03-30,,Active,199.0
1200,914,3,2024-08-10,,Active,649.0
1201,915,1,2022-09-12,2022-10-12,Cancelled,199.0
1202,915,2,2022-10-18,2023-07-15,Cancelled,499.0
1203,916,1,2021-04-20,,Active,199.0
1204,917,3,2023-04-14,2024-06-07,Cancelled,649.0
1205,918,2,2025-03-19,,Active,499.0
1206,919,3,2024-08-25,2025-05-22,Cancelled,649.0
1207,920,1,2022-11-25,,Active,199.0
1208,921,1,2019-07-28,2020-06-22,Cancelled,199.0
1209,922,2,2021-01-13,2022-01-08,Cancelled,499.0
1210,923,1,2023-04-30,,Active,199.0
1211,924,3,2021-11-22,2022-07-20,Cancelled,649.0
1212,924,3,2022-09-10,,Active,649.0
1213,925,1,2022-06-02,2023-04-28,Cancelled,199.0
1214,925,2,2023-06-10,2023-09-08,Cancelled,499.0
1215,926,2,2021-04-04,2023-02-23,Cancelled,499.0
1216,927,2,2019-07-28,2019-08-27,Cancelled,499.0
1217,928,1,2022-06-30,,Active,199.0
1218,929,1,2022-05-03,,Active,199.0
1219,930,1,2024-11-09,2026-02-02,Cancelled,199.0
1220,931,3,2019-11-04,2020-03-03,Cancelled,649.0
1221,931,3,2020-04-04,2020-11-30,Cancelled,649.0
1222,932,3,2022-08-20,2022-12-18,Cancelled,649.0
1223,933,1,2025-05-26,,Active,199.0
1224,934,3,2021-01-03,2021-08-31,Cancelled,649.0
1225,935,3,2021-05-15,2021-11-11,Cancelled,649.0
1226,936,1,2019-08-28,2019-11-26,Cancelled,199.0
1227,937,1,2023-04-23,2023-08-21,Cancelled,199.0
1228,938,1,2025-06-01,,Active,199.0
1229,939,2,2022-08-11,,Active,499.0
1230,940,3,2022-02-16,2022-07-16,Cancelled,649.0
1231,941,1,2024-08-12,2025-11-05,Cancelled,199.0
1232,942,2,2022-04-24,,Active,499.0
1233,943,1,2021-12-27,2023-11-17,Cancelled,199.0
1234,943,3,2023-11-19,,Active,649.0
1235,944,1,2024-09-22,,Active,199.0
1236,945,3,2021-02-16,2023-01-07,Cancelled,649.0
1237,945,1,2023-01-22,2023-09-19,Cancelled,199.0
1238,946,1,2025-05-15,2025-06-14,Cancelled,199.0
1239,946,2,2025-06-27,,Active,499.0
1240,947,3,2021-01-04,2021-10-31,Cancelled,649.0
1241,948,2,2022-10-31,2024-02-23,Cancelled,499.0
1242,948,3,2024-04-21,2025-04-16,Cancelled,649.0
1243,949,3,2020-11-16,,Active,649.0
1244,950,2,2023-09-28,,Active,499.0
1245,951,1,2022-04-03,2022-07-02,Cancelled,199.0
1246,952,3,2020-10-16,,Active,649.0
1247,953,3,2024-07-30,2024-08-29,Cancelled,649.0
1248,953,3,2024-10-13,2026-01-06,Cancelled,649.0
1249,954,1,2026-01-04,2026-05-04,Cancelled,199.0
1250,955,2,2019-03-18,2020-06-10,Cancelled,499.0
1251,955,3,2020-06-15,,Active,649.0
1252,956,2,2023-04-04,,Active,499.0
1253,957,1,2024-05-21,2026-04-11,Cancelled,199.0
1254,957,2,2026-04-23,,Active,499.0
1255,958,1,2024-05-24,2025-07-18,Cancelled,199.0
1256,959,3,2020-08-26,2022-02-17,Cancelled,649.0
1257,959,3,2022-03-30,2023-07-23,Cancelled,649.0
1258,960,1,2019-11-09,,Active,199.0
1259,961,3,2022-11-07,2024-03-31,Cancelled,649.0
1260,962,1,2023-10-10,,Active,199.0
1261,963,2,2021-03-03,2021-07-01,Cancelled,499.0
1262,963,1,2021-08-17,2023-02-08,Cancelled,199.0
1263,963,1,2023-02-21,,Active,199.0
1264,964,3,2021-10-07,2022-02-04,Cancelled,649.0
1265,965,1,2022-12-27,2023-03-27,Cancelled,199.0
1266,965,1,2023-05-10,2025-03-30,Cancelled,199.0
1267,966,2,2022-05-17,2023-08-10,Cancelled,499.0
1268,967,2,2022-08-16,2023-01-13,Cancelled,499.0
1269,968,2,2024-02-11,,Active,499.0
1270,969,1,2026-05-19,,Active,199.0
1271,970,1,2024-12-20,2025-03-20,Cancelled,199.0
1272,971,2,2019-01-23,2019-09-20,Cancelled,499.0
1273,971,2,2019-10-04,2021-08-24,Cancelled,499.0
1274,971,2,2021-09-14,2021-11-13,Cancelled,499.0
1275,972,2,2021-08-14,,Active,499.0
1276,973,2,2019-01-27,2020-11-17,Cancelled,499.0
1277,973,2,2020-11-25,2021-01-24,Cancelled,499.0
1278,974,2,2025-07-18,2025-08-17,Cancelled,499.0
1279,974,3,2025-09-19,,Active,649.0
1280,975,2,2023-10-31,2024-07-27,Cancelled,499.0
1281,975,3,2024-08-09,,Active,649.0
1282,976,2,2020-08-22,,Active,499.0
1283,977,3,2025-04-16,,Active,649.0
1284,978,2,2023-03-22,2024-11-11,Cancelled,499.0
1285,978,2,2024-12-14,2025-04-13,Cancelled,499.0
1286,979,2,2019-05-21,2020-11-11,Cancelled,499.0
1287,980,2,2020-02-19,2020-08-17,Cancelled,499.0
1288,980,2,2020-08-19,2021-04-16,Cancelled,499.0
1289,981,2,2025-01-24,2025-04-24,Cancelled,499.0
1290,981,1,2025-06-20,2026-04-16,Cancelled,199.0
1291,982,1,2021-03-02,2022-01-26,Cancelled,199.0
1292,983,2,2022-12-07,2024-05-30,Cancelled,499.0
1293,984,2,2025-09-17,,Active,499.0
1294,985,2,2021-03-02,2021-05-01,Cancelled,499.0
1295,986,3,2019-02-01,2019-03-03,Cancelled,649.0
1296,986,3,2019-04-22,2020-05-16,Cancelled,649.0
1297,987,3,2019-08-18,2021-01-09,Cancelled,649.0
1298,988,2,2025-11-11,2026-06-09,Cancelled,499.0
1299,988,3,2026-06-14,,Active,649.0
1300,989,1,2023-07-01,,Active,199.0
1301,990,1,2021-06-18,2021-12-15,Cancelled,199.0
1302,991,2,2019-08-04,2019-11-02,Cancelled,499.0
1303,992,1,2024-03-20,2024-07-18,Cancelled,199.0
1304,993,1,2019-04-19,2020-10-10,Cancelled,199.0
1305,994,3,2019-09-09,2021-03-02,Cancelled,649.0
1306,994,1,2021-03-16,2021-04-15,Cancelled,199.0
1307,995,3,2023-06-15,,Active,649.0
1308,996,2,2023-10-22,2025-03-15,Cancelled,499.0
1309,996,1,2025-05-06,,Active,199.0
1310,997,2,2023-04-10,,Active,499.0
1311,998,2,2025-10-26,,Active,499.0
1312,999,1,2021-01-06,,Active,199.0
1313,1000,1,2023-03-01,2023-07-29,Cancelled,199.0
1314,1000,3,2023-08-08,2024-08-02,Cancelled,649.0
1315,1000,1,2024-09-03,,Active,199.0
1316,1001,1,2021-04-17,2021-06-16,Cancelled,199.0
1317,1001,1,2021-06-17,2021-12-14,Cancelled,199.0
1318,1002,2,2021-09-18,2023-02-10,Cancelled,499.0
1319,1003,3,2020-02-17,2020-10-14,Cancelled,649.0
1320,1004,1,2024-12-12,,Active,199.0
1321,1005,2,2024-04-10,,Active,499.0
1322,1006,2,2024-05-05,2025-03-01,Cancelled,499.0
1323,1007,1,2020-01-25,2020-07-23,Cancelled,199.0
1324,1007,2,2020-08-16,2021-09-10,Cancelled,499.0
1325,1008,2,2019-11-19,2020-03-18,Cancelled,499.0
1326,1009,2,2024-11-11,2025-07-09,Cancelled,499.0
1327,1010,1,2023-12-28,2024-01-27,Cancelled,199.0
1328,1011,1,2019-03-23,,Active,199.0
1329,1012,1,2023-12-25,2025-01-18,Cancelled,199.0
1330,1013,3,2026-05-07,,Active,649.0
1331,1014,2,2024-08-20,2025-12-13,Cancelled,499.0
1332,1015,1,2021-01-30,,Active,199.0
1333,1016,1,2021-05-16,2021-12-12,Cancelled,199.0
1334,1017,2,2024-08-21,,Active,499.0
1335,1018,2,2022-01-03,,Active,499.0
1336,1019,3,2024-07-10,2025-01-06,Cancelled,649.0
1337,1019,3,2025-02-25,,Active,649.0
1338,1020,2,2026-03-13,,Active,499.0
1339,1021,3,2022-01-15,2023-02-09,Cancelled,649.0
1340,1021,3,2023-04-09,,Active,649.0
1341,1022,3,2023-04-20,,Active,649.0
1342,1023,3,2022-09-02,2023-10-27,Cancelled,649.0
1343,1024,2,2022-10-24,2023-05-22,Cancelled,499.0
1344,1025,1,2019-07-27,,Active,199.0
1345,1026,2,2026-05-25,,Active,499.0
1346,1027,3,2023-01-20,,Active,649.0
1347,1028,3,2020-09-20,2021-06-17,Cancelled,649.0
1348,1028,1,2021-07-11,2022-07-06,Cancelled,199.0
1349,1029,1,2023-04-21,2024-05-15,Cancelled,199.0
1350,1029,2,2024-05-26,2025-04-21,Cancelled,499.0
1351,1030,2,2021-12-25,,Active,499.0
1352,1031,1,2025-02-28,2026-03-25,Cancelled,199.0
1353,1031,3,2026-04-10,,Active,649.0
1354,1032,1,2024-09-11,,Active,199.0
1355,1033,3,2021-11-12,,Active,649.0
1356,1034,2,2024-05-06,2025-08-29,Cancelled,499.0
1357,1034,3,2025-09-06,,Active,649.0
1358,1035,1,2019-04-01,2019-05-01,Cancelled,199.0
1359,1036,1,2026-03-31,,Active,199.0
1360,1037,2,2022-10-30,2023-10-25,Cancelled,499.0
1361,1037,1,2023-12-18,2024-08-14,Cancelled,199.0
1362,1037,2,2024-09-04,2025-10-29,Cancelled,499.0
1363,1038,3,2023-11-27,2024-08-23,Cancelled,649.0
1364,1038,2,2024-10-06,,Active,499.0
1365,1039,2,2023-11-02,2024-01-31,Cancelled,499.0
1366,1040,3,2021-05-07,,Active,649.0
1367,1041,2,2024-03-03,2025-07-26,Cancelled,499.0
1368,1041,1,2025-08-25,,Active,199.0
1369,1042,3,2021-12-24,2022-12-19,Cancelled,649.0
1370,1043,3,2024-02-07,2025-01-02,Cancelled,649.0
1371,1044,2,2019-09-03,2021-06-24,Cancelled,499.0
1372,1045,2,2020-02-04,,Active,499.0
1373,1046,3,2025-12-04,2026-01-03,Cancelled,649.0
1374,1047,1,2024-07-07,2025-09-30,Cancelled,199.0
1375,1047,3,2025-11-06,,Active,649.0
1376,1048,2,2019-12-19,2020-02-17,Cancelled,499.0
1377,1048,1,2020-04-04,,Active,199.0
1378,1049,2,2020-08-08,2021-02-04,Cancelled,499.0
1379,1050,1,2023-02-03,2023-03-05,Cancelled,199.0
1380,1051,3,2019-01-17,,Active,649.0
1381,1052,1,2022-01-04,2022-06-03,Cancelled,199.0
1382,1052,1,2022-07-03,2024-04-23,Cancelled,199.0
1383,1052,2,2024-05-30,2025-02-24,Cancelled,499.0
1384,1053,1,2021-06-13,2023-03-05,Cancelled,199.0
1385,1053,1,2023-05-02,2024-12-22,Cancelled,199.0
1386,1053,3,2025-01-15,,Active,649.0
1387,1054,1,2020-01-03,,Active,199.0
1388,1055,2,2021-03-31,2023-01-20,Cancelled,499.0
1389,1056,2,2021-03-13,,Active,499.0
1390,1057,3,2019-07-03,,Active,649.0
1391,1058,1,2023-10-01,,Active,199.0
1392,1059,2,2021-01-15,,Active,499.0
1393,1060,3,2019-03-27,,Active,649.0
1394,1061,2,2019-03-02,2020-06-24,Cancelled,499.0
1395,1061,3,2020-07-10,2022-04-01,Cancelled,649.0
1396,1062,2,2026-03-29,,Active,499.0
1397,1063,2,2019-11-20,,Active,499.0
1398,1064,1,2025-10-25,,Active,199.0
1399,1065,2,2020-04-01,2020-09-28,Cancelled,499.0
1400,1065,1,2020-11-01,2021-10-27,Cancelled,199.0
1401,1066,2,2019-08-20,2020-07-15,Cancelled,499.0
1402,1066,3,2020-07-27,2022-03-19,Cancelled,649.0
1403,1067,2,2023-02-02,,Active,499.0
1404,1068,1,2025-07-05,,Active,199.0
1405,1069,2,2019-07-16,2020-04-11,Cancelled,499.0
1406,1070,2,2021-06-18,2022-02-13,Cancelled,499.0
1407,1070,2,2022-03-03,2023-07-26,Cancelled,499.0
1408,1070,2,2023-09-04,2025-01-26,Cancelled,499.0
1409,1071,2,2024-08-22,2025-02-18,Cancelled,499.0
1410,1071,3,2025-04-07,2025-08-05,Cancelled,649.0
1411,1072,3,2019-07-04,2020-03-30,Cancelled,649.0
1412,1072,1,2020-05-25,,Active,199.0
1413,1073,1,2020-04-09,2021-10-01,Cancelled,199.0
1414,1074,2,2021-04-18,2021-05-18,Cancelled,499.0
1415,1075,2,2025-01-17,2026-06-11,Cancelled,499.0
1416,1075,2,2026-07-10,,Active,499.0
1417,1076,2,2025-01-23,,Active,499.0
1418,1077,1,2024-04-26,,Active,199.0
1419,1078,1,2023-12-29,2024-05-27,Cancelled,199.0
1420,1079,3,2019-03-13,2020-10-03,Cancelled,649.0
1421,1079,1,2020-11-19,,Active,199.0
1422,1080,1,2020-10-15,2022-06-07,Cancelled,199.0
1423,1081,3,2025-11-28,2026-02-26,Cancelled,649.0
1424,1081,3,2026-03-08,,Active,649.0
1425,1082,3,2024-05-23,,Active,649.0
1426,1083,2,2020-10-21,2021-06-18,Cancelled,499.0
1427,1084,2,2024-04-22,2024-07-21,Cancelled,499.0
1428,1084,1,2024-08-14,2025-10-08,Cancelled,199.0
1429,1085,3,2024-06-06,2024-11-03,Cancelled,649.0
1430,1085,2,2024-11-29,2026-03-24,Cancelled,499.0
1431,1085,2,2026-04-01,2026-05-31,Cancelled,499.0
1432,1086,2,2024-07-26,2026-04-17,Cancelled,499.0
1433,1087,2,2026-05-07,,Active,499.0
1434,1088,2,2023-01-20,2024-10-11,Cancelled,499.0
1435,1089,1,2019-06-13,2020-03-09,Cancelled,199.0
1436,1089,2,2020-03-17,2021-12-07,Cancelled,499.0
1437,1090,2,2025-02-20,2025-07-20,Cancelled,499.0
1438,1091,2,2019-02-10,2020-02-05,Cancelled,499.0
1439,1091,2,2020-02-23,2021-06-17,Cancelled,499.0
1440,1092,1,2023-10-23,2023-12-22,Cancelled,199.0
1441,1092,3,2024-01-06,2025-01-30,Cancelled,649.0
1442,1093,3,2024-12-20,,Active,649.0
1443,1094,1,2019-12-10,2021-04-03,Cancelled,199.0
1444,1094,3,2021-05-05,,Active,649.0
1445,1095,2,2024-12-23,,Active,499.0
1446,1096,2,2025-01-27,,Active,499.0
1447,1097,3,2023-11-26,2024-06-23,Cancelled,649.0
1448,1098,2,2021-06-05,2022-11-27,Cancelled,499.0
1449,1099,2,2020-07-06,,Active,499.0
1450,1100,2,2024-04-14,,Active,499.0
1451,1101,1,2020-03-05,2020-12-30,Cancelled,199.0
1452,1101,3,2021-02-23,2021-09-21,Cancelled,649.0
1453,1102,2,2024-01-23,,Active,499.0
1454,1103,1,2020-04-09,2021-03-05,Cancelled,199.0
1455,1104,1,2021-07-08,2021-09-06,Cancelled,199.0
1456,1105,3,2022-10-18,2024-09-07,Cancelled,649.0
1457,1106,1,2020-03-18,2020-08-15,Cancelled,199.0
1458,1106,3,2020-10-08,2022-05-01,Cancelled,649.0
1459,1106,3,2022-05-09,2023-12-30,Cancelled,649.0
1460,1107,2,2024-12-15,2026-04-09,Cancelled,499.0
1461,1108,1,2024-03-17,2024-08-14,Cancelled,199.0
1462,1108,1,2024-08-23,2025-07-19,Cancelled,199.0
1463,1109,1,2019-02-14,2020-02-09,Cancelled,199.0
1464,1110,2,2025-05-13,,Active,499.0
1465,1111,2,2024-05-16,2024-10-13,Cancelled,499.0
1466,1111,1,2024-10-15,,Active,199.0
1467,1112,1,2025-04-14,,Active,199.0
1468,1113,2,2023-07-06,2024-07-30,Cancelled,499.0
1469,1113,3,2024-08-31,,Active,649.0
1470,1114,1,2023-09-12,2024-11-05,Cancelled,199.0
1471,1115,2,2021-11-16,2023-04-10,Cancelled,499.0
1472,1116,3,2020-09-14,2022-03-08,Cancelled,649.0
1473,1117,2,2020-10-06,2021-09-01,Cancelled,499.0
1474,1118,1,2021-05-15,,Active,199.0
1475,1119,3,2021-03-07,2021-10-03,Cancelled,649.0
1476,1120,2,2024-08-28,2024-12-26,Cancelled,499.0
1477,1121,1,2022-12-06,2024-03-30,Cancelled,199.0
1478,1122,2,2022-01-29,2022-06-28,Cancelled,499.0
1479,1123,1,2024-06-08,2025-10-31,Cancelled,199.0
1480,1123,1,2025-11-08,,Active,199.0
1481,1124,3,2024-06-28,,Active,649.0
1482,1125,3,2026-01-03,,Active,649.0
1483,1126,1,2021-04-27,2022-06-21,Cancelled,199.0
1484,1126,1,2022-08-03,,Active,199.0
1485,1127,2,2020-10-28,,Active,499.0
1486,1128,1,2019-01-18,2019-07-17,Cancelled,199.0
1487,1129,2,2020-03-13,,Active,499.0
1488,1130,1,2023-07-11,,Active,199.0
1489,1131,2,2025-01-24,2025-09-21,Cancelled,499.0
1490,1132,3,2023-07-04,2025-03-25,Cancelled,649.0
1491,1133,2,2026-06-08,,Active,499.0
1492,1134,1,2023-09-15,2025-08-05,Cancelled,199.0
1493,1135,3,2025-08-13,,Active,649.0
1494,1136,1,2021-01-04,2022-06-28,Cancelled,199.0
1495,1137,3,2021-06-05,2021-11-02,Cancelled,649.0
1496,1137,1,2021-11-05,2021-12-05,Cancelled,199.0
1497,1138,1,2025-01-29,2025-02-28,Cancelled,199.0
1498,1139,1,2023-12-15,2025-05-08,Cancelled,199.0
1499,1139,3,2025-05-31,2025-12-27,Cancelled,649.0
1500,1139,2,2026-01-25,,Active,499.0
1501,1140,1,2022-08-27,2024-07-17,Cancelled,199.0
1502,1140,2,2024-07-27,,Active,499.0
1503,1141,3,2026-03-01,,Active,649.0
1504,1142,3,2024-09-18,2025-04-16,Cancelled,649.0
1505,1143,3,2021-03-19,2021-10-15,Cancelled,649.0
1506,1143,1,2021-11-30,2022-04-29,Cancelled,199.0
1507,1144,2,2023-08-01,2023-10-30,Cancelled,499.0
1508,1144,2,2023-11-30,2025-08-21,Cancelled,499.0
1509,1145,2,2021-12-20,2022-10-16,Cancelled,499.0
1510,1146,2,2022-02-13,2023-06-08,Cancelled,499.0
1511,1146,1,2023-07-31,2023-10-29,Cancelled,199.0
1512,1146,3,2023-12-13,,Active,649.0
1513,1147,3,2025-01-13,2025-08-11,Cancelled,649.0
1514,1148,3,2024-02-04,2025-04-29,Cancelled,649.0
1515,1149,2,2019-02-03,,Active,499.0
1516,1150,1,2023-04-24,2025-02-12,Cancelled,199.0
1517,1150,2,2025-03-30,2026-06-23,Cancelled,499.0
1518,1151,3,2023-11-07,2023-12-07,Cancelled,649.0
1519,1151,1,2024-02-01,2024-07-30,Cancelled,199.0
1520,1152,1,2022-10-30,2024-05-22,Cancelled,199.0
1521,1152,1,2024-07-19,2024-08-18,Cancelled,199.0
1522,1153,2,2021-04-01,2021-10-28,Cancelled,499.0
1523,1154,1,2023-11-11,2025-03-05,Cancelled,199.0
1524,1155,2,2026-02-07,2026-06-07,Cancelled,499.0
1525,1155,2,2026-08-01,,Active,499.0
1526,1156,1,2019-08-24,2020-08-18,Cancelled,199.0
1527,1157,2,2023-07-09,2023-12-06,Cancelled,499.0
1528,1158,3,2025-10-28,2026-04-26,Cancelled,649.0
1529,1159,3,2022-01-01,2023-07-25,Cancelled,649.0
1530,1160,2,2021-07-06,2022-06-01,Cancelled,499.0
1531,1160,3,2022-06-09,,Active,649.0
1532,1161,3,2020-11-08,2021-05-07,Cancelled,649.0
1533,1162,1,2020-09-07,,Active,199.0
1534,1163,2,2021-12-06,2023-09-27,Cancelled,499.0
1535,1163,1,2023-10-30,,Active,199.0
1536,1164,3,2024-10-14,2025-08-10,Cancelled,649.0
1537,1165,2,2020-05-12,,Active,499.0
1538,1166,2,2020-09-25,2021-04-23,Cancelled,499.0
1539,1167,3,2026-06-27,,Active,649.0
1540,1168,3,2026-06-19,,Active,649.0
1541,1169,1,2020-09-13,2021-07-10,Cancelled,199.0
1542,1170,2,2022-02-25,2022-03-27,Cancelled,499.0
1543,1171,2,2022-01-09,2023-02-03,Cancelled,499.0
1544,1171,2,2023-02-10,2024-07-04,Cancelled,499.0
1545,1172,2,2021-03-23,2021-11-18,Cancelled,499.0
1546,1173,1,2020-02-23,2021-09-15,Cancelled,199.0
1547,1174,2,2019-06-19,2021-05-09,Cancelled,499.0
1548,1175,1,2023-08-08,2025-02-28,Cancelled,199.0
1549,1176,3,2019-04-25,,Active,649.0
1550,1177,3,2023-08-28,2023-12-26,Cancelled,649.0
1551,1178,2,2019-09-18,2021-02-09,Cancelled,499.0
1552,1178,3,2021-03-13,2022-10-04,Cancelled,649.0
1553,1179,2,2020-02-27,2021-01-22,Cancelled,499.0
1554,1179,1,2021-03-16,2022-09-07,Cancelled,199.0
1555,1180,1,2019-01-14,,Active,199.0
1556,1181,2,2021-12-25,,Active,499.0
1557,1182,2,2021-06-14,2022-02-09,Cancelled,499.0
1558,1183,1,2021-06-28,2022-02-23,Cancelled,199.0
1559,1184,2,2021-04-30,2021-08-28,Cancelled,499.0
1560,1185,2,2026-01-13,,Active,499.0
1561,1186,3,2022-03-23,,Active,649.0
1562,1187,2,2025-01-24,2025-03-25,Cancelled,499.0
1563,1188,2,2020-09-29,2021-10-24,Cancelled,499.0
1564,1188,3,2021-11-08,,Active,649.0
1565,1189,3,2022-08-15,2023-11-08,Cancelled,649.0
1566,1189,3,2023-11-30,,Active,649.0
1567,1190,2,2019-06-21,2020-11-12,Cancelled,499.0
1568,1190,3,2020-12-26,,Active,649.0
1569,1191,3,2020-12-09,,Active,649.0
1570,1192,2,2019-07-14,,Active,499.0
1571,1193,2,2019-02-26,2020-10-18,Cancelled,499.0
1572,1194,1,2020-05-13,,Active,199.0
1573,1195,2,2020-03-11,2021-10-02,Cancelled,499.0
1574,1195,1,2021-11-25,2023-07-18,Cancelled,199.0
1575,1195,1,2023-08-31,2024-10-24,Cancelled,199.0
1576,1196,2,2021-05-16,2022-12-07,Cancelled,499.0
1577,1197,2,2024-07-29,2026-06-19,Cancelled,499.0
1578,1198,2,2020-02-10,,Active,499.0
1579,1199,1,2023-07-31,2025-04-21,Cancelled,199.0
1580,1200,1,2021-09-26,2023-06-18,Cancelled,199.0
1581,1201,2,2022-01-07,2023-07-31,Cancelled,499.0
1582,1202,2,2025-11-30,,Active,499.0
1583,1203,2,2022-06-26,2024-03-17,Cancelled,499.0
1584,1203,1,2024-05-10,2025-09-02,Cancelled,199.0
1585,1203,3,2025-09-28,,Active,649.0
1586,1204,3,2020-12-17,2022-01-11,Cancelled,649.0
1587,1205,3,2020-10-13,2021-10-08,Cancelled,649.0
1588,1206,2,2020-04-06,2021-11-27,Cancelled,499.0
1589,1206,1,2022-01-25,,Active,199.0
1590,1207,2,2025-01-04,2025-02-03,Cancelled,499.0
1591,1208,3,2023-12-26,,Active,649.0
1592,1209,2,2021-01-03,,Active,499.0
1593,1210,1,2022-09-06,2023-02-03,Cancelled,199.0
1594,1211,1,2022-10-15,2023-04-13,Cancelled,199.0
1595,1211,2,2023-04-21,,Active,499.0
1596,1212,3,2019-05-10,,Active,649.0
1597,1213,2,2025-10-23,,Active,499.0
1598,1214,2,2024-11-27,2026-01-21,Cancelled,499.0
1599,1214,3,2026-03-17,,Active,649.0
1600,1215,2,2023-01-05,,Active,499.0
1601,1216,2,2024-05-12,2025-08-05,Cancelled,499.0
1602,1216,3,2025-09-25,,Active,649.0
1603,1217,3,2019-10-26,,Active,649.0
1604,1218,2,2026-04-29,,Active,499.0
1605,1219,3,2023-10-20,2025-08-10,Cancelled,649.0
1606,1219,1,2025-09-26,,Active,199.0
1607,1220,2,2026-01-13,,Active,499.0
1608,1221,3,2025-06-24,,Active,649.0
1609,1222,2,2023-05-19,2024-01-14,Cancelled,499.0
1610,1223,2,2021-02-28,2021-03-30,Cancelled,499.0
1611,1223,3,2021-04-25,,Active,649.0
1612,1224,1,2024-02-22,2025-01-17,Cancelled,199.0
1613,1225,2,2022-11-03,,Active,499.0
1614,1226,2,2022-01-26,,Active,499.0
1615,1227,1,2024-05-01,2024-11-27,Cancelled,199.0
1616,1228,3,2025-08-29,,Active,649.0
1617,1229,1,2020-04-14,2021-09-06,Cancelled,199.0
1618,1230,1,2023-02-22,,Active,199.0
1619,1231,1,2024-11-01,2024-12-31,Cancelled,199.0
1620,1232,1,2021-06-10,,Active,199.0
1621,1233,2,2021-07-25,2022-03-22,Cancelled,499.0
1622,1234,2,2019-01-26,2020-08-18,Cancelled,499.0
1623,1234,1,2020-10-06,,Active,199.0
1624,1235,1,2021-06-03,,Active,199.0
1625,1236,1,2023-05-25,,Active,199.0
1626,1237,2,2026-04-14,,Active,499.0
1627,1238,1,2022-12-09,,Active,199.0
1628,1239,2,2021-03-07,,Active,499.0
1629,1240,1,2025-01-31,,Active,199.0
1630,1241,2,2020-05-28,2021-07-22,Cancelled,499.0
1631,1242,3,2020-05-27,2020-06-26,Cancelled,649.0
1632,1243,1,2022-11-28,,Active,199.0
1633,1244,2,2025-02-10,2026-05-06,Cancelled,499.0
1634,1244,3,2026-07-04,,Active,649.0
1635,1245,1,2020-08-04,2021-11-27,Cancelled,199.0
1636,1245,1,2021-12-05,,Active,199.0
1637,1246,1,2019-02-11,,Active,199.0
1638,1247,1,2024-06-04,,Active,199.0
1639,1248,2,2023-05-28,2023-12-24,Cancelled,499.0
1640,1248,3,2024-01-22,2025-05-16,Cancelled,649.0
1641,1248,3,2025-07-12,2026-06-07,Cancelled,649.0
1642,1249,2,2024-02-21,2024-06-20,Cancelled,499.0
1643,1249,1,2024-07-05,,Active,199.0
1644,1250,3,2021-12-22,,Active,649.0
1645,1251,3,2019-11-21,,Active,649.0
1646,1252,1,2021-06-26,2022-12-18,Cancelled,199.0
1647,1253,2,2022-07-10,,Active,499.0
1648,1254,1,2022-04-01,2022-05-31,Cancelled,199.0
1649,1255,2,2025-08-31,,Active,499.0
1650,1256,1,2020-09-04,2021-01-02,Cancelled,199.0
1651,1256,1,2021-01-10,,Active,199.0
1652,1257,3,2021-05-03,2022-12-24,Cancelled,649.0
1653,1258,2,2020-05-17,,Active,499.0
1654,1259,2,2023-04-12,2024-04-06,Cancelled,499.0
1655,1260,3,2025-01-13,,Active,649.0
1656,1261,1,2025-08-15,,Active,199.0
1657,1262,1,2020-09-15,2022-07-07,Cancelled,199.0
1658,1263,3,2022-03-22,2022-08-19,Cancelled,649.0
1659,1264,2,2024-07-10,,Active,499.0
1660,1265,1,2019-05-06,,Active,199.0
1661,1266,3,2024-05-01,2024-11-27,Cancelled,649.0
1662,1267,1,2020-01-03,,Active,199.0
1663,1268,1,2019-04-02,2020-12-22,Cancelled,199.0
1664,1268,2,2021-01-09,2021-05-09,Cancelled,499.0
1665,1268,2,2021-05-24,,Active,499.0
1666,1269,2,2019-11-06,2020-03-05,Cancelled,499.0
1667,1270,2,2025-08-09,2026-02-05,Cancelled,499.0
1668,1270,3,2026-03-20,,Active,649.0
1669,1271,2,2024-02-08,,Active,499.0
1670,1272,2,2024-12-01,,Active,499.0
1671,1273,2,2024-03-04,,Active,499.0
1672,1274,1,2024-12-19,,Active,199.0
1673,1275,2,2022-09-21,2024-04-13,Cancelled,499.0
1674,1275,1,2024-06-01,,Active,199.0
1675,1276,1,2025-01-24,,Active,199.0
1676,1277,2,2019-06-04,2020-08-27,Cancelled,499.0
1677,1277,2,2020-09-28,2022-01-21,Cancelled,499.0
1678,1277,3,2022-02-14,2022-09-12,Cancelled,649.0
1679,1278,1,2023-05-15,2023-12-11,Cancelled,199.0
1680,1279,1,2024-08-29,2025-02-25,Cancelled,199.0
1681,1280,2,2026-06-12,,Active,499.0
1682,1281,2,2021-09-10,2022-09-05,Cancelled,499.0
1683,1282,2,2020-05-05,2021-05-30,Cancelled,499.0
1684,1283,3,2024-05-25,2024-12-21,Cancelled,649.0
1685,1283,1,2025-01-23,2026-05-18,Cancelled,199.0
1686,1284,1,2019-07-18,,Active,199.0
1687,1285,1,2024-10-27,,Active,199.0
1688,1286,1,2024-04-12,2024-05-12,Cancelled,199.0
1689,1286,2,2024-05-14,2025-10-06,Cancelled,499.0
1690,1287,2,2024-03-07,2025-06-30,Cancelled,499.0
1691,1287,3,2025-07-01,2025-12-28,Cancelled,649.0
1692,1288,1,2021-03-15,2021-11-10,Cancelled,199.0
1693,1289,2,2019-11-26,2020-03-25,Cancelled,499.0
1694,1289,1,2020-05-11,,Active,199.0
1695,1290,2,2023-07-24,2025-02-13,Cancelled,499.0
1696,1291,1,2021-09-20,2023-01-13,Cancelled,199.0
1697,1292,3,2021-12-08,2022-02-06,Cancelled,649.0
1698,1293,2,2020-05-29,,Active,499.0
1699,1294,2,2021-07-02,2022-11-24,Cancelled,499.0
1700,1294,3,2022-12-18,2023-09-14,Cancelled,649.0
1701,1295,1,2025-03-27,,Active,199.0
1702,1296,1,2025-09-11,2026-05-09,Cancelled,199.0
1703,1296,1,2026-06-07,,Active,199.0
1704,1297,2,2021-08-13,,Active,499.0
1705,1298,2,2020-01-24,2021-11-14,Cancelled,499.0
1706,1298,2,2021-11-27,2023-03-22,Cancelled,499.0
1707,1299,1,2019-04-03,2020-02-27,Cancelled,199.0
1708,1299,2,2020-03-29,2021-03-24,Cancelled,499.0
1709,1300,1,2020-06-01,2021-11-23,Cancelled,199.0
1710,1300,1,2021-12-20,2022-01-19,Cancelled,199.0
1711,1301,1,2019-01-27,,Active,199.0
1712,1302,3,2024-01-03,2024-05-02,Cancelled,649.0
1713,1303,1,2023-10-26,2025-02-17,Cancelled,199.0
1714,1304,2,2024-11-12,2025-07-10,Cancelled,499.0
1715,1304,3,2025-08-25,2026-04-22,Cancelled,649.0
1716,1304,2,2026-06-11,,Active,499.0
1717,1305,1,2021-06-29,2021-08-28,Cancelled,199.0
1718,1306,3,2025-03-28,,Active,649.0
1719,1307,2,2020-04-09,,Active,499.0
1720,1308,3,2020-09-24,2022-08-15,Cancelled,649.0
1721,1309,2,2025-11-12,,Active,499.0
1722,1310,2,2025-08-12,,Active,499.0
1723,1311,2,2023-06-28,2024-01-24,Cancelled,499.0
1724,1312,3,2023-07-27,2023-08-26,Cancelled,649.0
1725,1312,3,2023-08-31,2025-01-22,Cancelled,649.0
1726,1312,2,2025-02-19,2025-04-20,Cancelled,499.0
1727,1313,2,2024-04-02,2025-07-26,Cancelled,499.0
1728,1313,1,2025-09-14,2026-02-11,Cancelled,199.0
1729,1314,2,2025-03-03,,Active,499.0
1730,1315,1,2020-09-25,,Active,199.0
1731,1316,3,2019-07-07,2020-06-01,Cancelled,649.0
1732,1317,3,2020-05-21,2021-01-16,Cancelled,649.0
1733,1317,3,2021-02-13,2022-10-06,Cancelled,649.0
1734,1318,2,2021-09-04,2022-06-01,Cancelled,499.0
1735,1319,1,2020-10-07,2021-08-03,Cancelled,199.0
1736,1320,3,2022-12-08,,Active,649.0
1737,1321,1,2020-01-14,,Active,199.0
1738,1322,2,2023-04-29,2024-08-21,Cancelled,499.0
1739,1322,1,2024-08-25,2024-09-24,Cancelled,199.0
1740,1323,1,2024-04-29,2025-02-23,Cancelled,199.0
1741,1323,3,2025-04-05,,Active,649.0
1742,1324,2,2019-09-29,2021-07-20,Cancelled,499.0
1743,1325,1,2021-02-25,2022-08-19,Cancelled,199.0
1744,1325,2,2022-10-12,,Active,499.0
1745,1326,2,2023-01-14,2023-03-15,Cancelled,499.0
1746,1327,1,2019-07-01,2020-01-27,Cancelled,199.0
1747,1328,2,2023-12-28,2024-12-22,Cancelled,499.0
1748,1328,2,2025-01-02,2025-04-02,Cancelled,499.0
1749,1329,3,2024-08-25,,Active,649.0
1750,1330,2,2021-09-17,,Active,499.0
1751,1331,3,2019-01-25,,Active,649.0
1752,1332,2,2022-10-03,2023-11-27,Cancelled,499.0
1753,1332,2,2023-12-09,2025-07-01,Cancelled,499.0
1754,1332,2,2025-08-16,,Active,499.0
1755,1333,1,2025-07-07,,Active,199.0
1756,1334,2,2021-03-12,2023-01-31,Cancelled,499.0
1757,1334,3,2023-02-15,2024-05-10,Cancelled,649.0
1758,1335,2,2025-05-14,,Active,499.0
1759,1336,2,2025-07-11,,Active,499.0
1760,1337,2,2021-02-07,2022-04-03,Cancelled,499.0
1761,1338,2,2023-06-29,2023-08-28,Cancelled,499.0
1762,1338,1,2023-09-04,2024-06-30,Cancelled,199.0
1763,1339,3,2019-04-26,,Active,649.0
1764,1340,1,2023-02-18,,Active,199.0
1765,1341,2,2025-08-05,,Active,499.0
1766,1342,3,2026-01-29,2026-04-29,Cancelled,649.0
1767,1343,1,2020-06-30,,Active,199.0
1768,1344,2,2023-12-26,2025-11-15,Cancelled,499.0
1769,1345,1,2019-06-30,2020-12-21,Cancelled,199.0
1770,1346,3,2021-02-05,2022-08-29,Cancelled,649.0
1771,1346,2,2022-09-01,2023-04-29,Cancelled,499.0
1772,1347,1,2025-04-05,,Active,199.0
1773,1348,2,2023-10-24,2024-10-18,Cancelled,499.0
1774,1348,1,2024-11-08,,Active,199.0
1775,1349,1,2021-12-09,,Active,199.0
1776,1350,2,2026-03-17,,Active,499.0
1777,1351,1,2024-09-07,2025-10-02,Cancelled,199.0
1778,1351,3,2025-11-22,,Active,649.0
1779,1352,2,2019-03-06,2020-08-27,Cancelled,499.0
1780,1353,3,2019-08-07,2020-04-03,Cancelled,649.0
1781,1354,2,2023-09-12,2025-03-05,Cancelled,499.0
1782,1355,2,2025-07-28,2026-03-25,Cancelled,499.0
1783,1356,1,2020-03-05,,Active,199.0
1784,1357,2,2023-01-13,2023-12-09,Cancelled,499.0
1785,1358,1,2025-02-13,2025-06-13,Cancelled,199.0
1786,1358,2,2025-06-22,,Active,499.0
1787,1359,3,2025-06-19,,Active,649.0
1788,1360,3,2023-10-21,,Active,649.0
1789,1361,3,2026-06-30,,Active,649.0
1790,1362,1,2026-01-09,,Active,199.0
1791,1363,1,2025-04-02,,Active,199.0
1792,1364,3,2024-01-08,2025-07-31,Cancelled,649.0
1793,1365,2,2026-05-22,,Active,499.0
1794,1366,1,2019-02-17,2019-04-18,Cancelled,199.0
1795,1367,2,2019-09-02,,Active,499.0
1796,1368,2,2022-10-29,2023-03-28,Cancelled,499.0
1797,1368,3,2023-05-11,2023-06-10,Cancelled,649.0
1798,1369,1,2024-01-12,2024-06-10,Cancelled,199.0
1799,1370,1,2025-10-10,2026-01-08,Cancelled,199.0
1800,1371,1,2024-02-01,2025-04-26,Cancelled,199.0
1801,1371,2,2025-06-16,,Active,499.0
1802,1372,1,2020-09-28,2021-04-26,Cancelled,199.0
1803,1373,1,2025-10-23,,Active,199.0
1804,1374,2,2019-08-15,,Active,499.0
1805,1375,2,2019-09-17,,Active,499.0
1806,1376,1,2024-05-25,2026-04-15,Cancelled,199.0
1807,1377,2,2026-03-22,,Active,499.0
1808,1378,1,2022-10-07,2024-04-29,Cancelled,199.0
1809,1379,3,2020-01-05,2020-11-30,Cancelled,649.0
1810,1379,2,2020-12-17,,Active,499.0
1811,1380,1,2019-05-11,2020-06-04,Cancelled,199.0
1812,1380,2,2020-07-13,2021-01-09,Cancelled,499.0
1813,1381,1,2026-05-06,,Active,199.0
1814,1382,1,2021-02-05,2021-06-05,Cancelled,199.0
1815,1383,1,2023-10-17,2025-09-06,Cancelled,199.0
1816,1384,2,2021-06-13,2022-05-09,Cancelled,499.0
1817,1385,2,2020-08-10,2021-10-04,Cancelled,499.0
1818,1386,1,2024-01-03,2024-07-31,Cancelled,199.0
1819,1386,2,2024-09-03,2024-11-02,Cancelled,499.0
1820,1387,3,2024-07-16,2026-02-06,Cancelled,649.0
1821,1388,2,2022-07-15,2024-01-06,Cancelled,499.0
1822,1389,1,2022-10-21,2024-08-11,Cancelled,199.0
1823,1389,2,2024-10-02,2025-03-01,Cancelled,499.0
1824,1390,3,2022-08-26,2023-02-22,Cancelled,649.0
1825,1391,2,2023-06-08,2024-02-03,Cancelled,499.0
1826,1392,1,2025-01-17,2026-06-11,Cancelled,199.0
1827,1393,1,2024-04-30,2024-11-26,Cancelled,199.0
1828,1393,1,2024-12-11,2025-10-07,Cancelled,199.0
1829,1394,2,2021-02-01,,Active,499.0
1830,1395,2,2020-11-07,2022-08-29,Cancelled,499.0
1831,1396,2,2024-01-16,2024-07-14,Cancelled,499.0
1832,1397,2,2023-11-02,2024-10-27,Cancelled,499.0
1833,1398,2,2021-10-03,2022-01-31,Cancelled,499.0
1834,1398,2,2022-02-28,2023-07-23,Cancelled,499.0
1835,1399,1,2025-04-15,2025-12-11,Cancelled,199.0
1836,1400,3,2022-02-19,2023-07-14,Cancelled,649.0
1837,1400,2,2023-09-10,2024-03-08,Cancelled,499.0
1838,1401,3,2021-07-08,2022-08-02,Cancelled,649.0
1839,1402,3,2023-03-03,2024-09-23,Cancelled,649.0
1840,1402,2,2024-10-23,2025-10-18,Cancelled,499.0
1841,1402,2,2025-11-25,,Active,499.0
1842,1403,3,2020-06-11,,Active,649.0
1843,1404,2,2024-03-19,2025-06-12,Cancelled,499.0
1844,1405,2,2025-09-21,2026-06-18,Cancelled,499.0
1845,1406,3,2026-01-31,,Active,649.0
1846,1407,3,2022-05-08,,Active,649.0
1847,1408,1,2021-01-06,2022-09-28,Cancelled,199.0
1848,1408,2,2022-10-07,,Active,499.0
1849,1409,1,2022-08-04,2023-07-30,Cancelled,199.0
1850,1409,1,2023-09-19,,Active,199.0
1851,1410,2,2019-10-12,,Active,499.0
1852,1411,2,2024-01-03,,Active,499.0
1853,1412,1,2022-03-20,,Active,199.0
1854,1413,1,2019-11-30,2020-12-24,Cancelled,199.0
1855,1413,3,2021-01-06,2022-03-02,Cancelled,649.0
1856,1413,3,2022-04-07,2022-10-04,Cancelled,649.0
1857,1414,1,2023-02-05,,Active,199.0
1858,1415,3,2024-05-21,,Active,649.0
1859,1416,1,2020-09-16,,Active,199.0
1860,1417,1,2022-01-13,2022-08-11,Cancelled,199.0
1861,1418,3,2025-09-04,,Active,649.0
1862,1419,2,2024-04-27,2025-04-22,Cancelled,499.0
1863,1420,2,2024-12-27,2025-05-26,Cancelled,499.0
1864,1421,1,2022-05-15,2023-01-10,Cancelled,199.0
1865,1421,2,2023-01-31,,Active,499.0
1866,1422,2,2022-09-13,2023-05-11,Cancelled,499.0
1867,1422,1,2023-06-03,2024-08-26,Cancelled,199.0
1868,1422,2,2024-09-09,2026-02-01,Cancelled,499.0
1869,1423,1,2022-09-22,,Active,199.0
1870,1424,2,2022-05-17,2022-12-13,Cancelled,499.0
1871,1424,3,2023-02-09,2024-01-05,Cancelled,649.0
1872,1425,2,2020-01-30,2021-06-23,Cancelled,499.0
1873,1426,2,2019-04-22,2019-07-21,Cancelled,499.0
1874,1426,1,2019-09-09,,Active,199.0
1875,1427,1,2025-03-28,2026-01-22,Cancelled,199.0
1876,1428,2,2023-01-10,2024-04-04,Cancelled,499.0
1877,1428,3,2024-04-29,2025-04-24,Cancelled,649.0
1878,1429,2,2022-12-29,2023-02-27,Cancelled,499.0
1879,1429,1,2023-03-31,2023-05-30,Cancelled,199.0
1880,1430,2,2023-06-20,2024-11-11,Cancelled,499.0
1881,1430,2,2024-11-15,,Active,499.0
1882,1431,1,2022-02-03,2023-05-29,Cancelled,199.0
1883,1432,2,2025-09-07,2026-01-05,Cancelled,499.0
1884,1433,1,2022-07-10,,Active,199.0
1885,1434,1,2022-10-04,2023-06-01,Cancelled,199.0
1886,1434,3,2023-06-09,2023-12-06,Cancelled,649.0
1887,1435,3,2022-12-25,2024-03-19,Cancelled,649.0
1888,1436,2,2020-03-06,2021-05-30,Cancelled,499.0
1889,1437,2,2020-04-19,2020-06-18,Cancelled,499.0
1890,1438,1,2020-05-07,,Active,199.0
1891,1439,3,2020-11-26,2021-10-22,Cancelled,649.0
1892,1439,2,2021-11-26,2023-05-20,Cancelled,499.0
1893,1440,3,2020-03-13,2021-12-03,Cancelled,649.0
1894,1440,1,2021-12-18,2022-11-13,Cancelled,199.0
1895,1441,3,2020-09-05,2021-10-30,Cancelled,649.0
1896,1441,1,2021-11-10,2022-10-06,Cancelled,199.0
1897,1441,2,2022-11-14,2024-10-04,Cancelled,499.0
1898,1442,3,2026-01-13,,Active,649.0
1899,1443,1,2021-09-14,2022-12-08,Cancelled,199.0
1900,1443,2,2023-01-19,2023-06-18,Cancelled,499.0
1901,1444,2,2024-12-12,,Active,499.0
1902,1445,2,2021-12-12,2022-02-10,Cancelled,499.0
1903,1446,2,2025-03-08,2025-05-07,Cancelled,499.0
1904,1446,2,2025-05-30,2026-04-25,Cancelled,499.0
1905,1446,2,2026-06-01,,Active,499.0
1906,1447,1,2024-08-23,2025-12-16,Cancelled,199.0
1907,1447,1,2026-01-09,,Active,199.0
1908,1448,1,2025-04-20,,Active,199.0
1909,1449,2,2021-02-28,2021-04-29,Cancelled,499.0
1910,1450,2,2019-09-19,2020-08-14,Cancelled,499.0
1911,1450,1,2020-08-15,2021-07-11,Cancelled,199.0
1912,1451,2,2021-04-23,,Active,499.0
1913,1452,1,2024-04-06,2025-05-01,Cancelled,199.0
1914,1453,2,2023-11-27,2025-04-20,Cancelled,499.0
1915,1453,3,2025-04-22,2025-08-20,Cancelled,649.0
1916,1453,2,2025-09-28,2026-01-26,Cancelled,499.0
1917,1454,2,2024-04-12,2024-09-09,Cancelled,499.0
1918,1454,3,2024-09-15,,Active,649.0
1919,1455,2,2026-06-12,,Active,499.0
1920,1456,3,2020-09-07,2022-05-30,Cancelled,649.0
1921,1457,1,2022-05-01,2023-09-23,Cancelled,199.0
1922,1457,1,2023-10-29,2023-11-28,Cancelled,199.0
1923,1458,2,2022-09-05,2022-12-04,Cancelled,499.0
1924,1459,3,2020-02-13,2020-06-12,Cancelled,649.0
1925,1460,1,2023-12-19,2025-05-12,Cancelled,199.0
1926,1461,2,2019-05-14,2020-02-08,Cancelled,499.0
1927,1462,1,2025-09-22,,Active,199.0
1928,1463,1,2019-08-30,2020-06-25,Cancelled,199.0
1929,1463,2,2020-07-14,2022-01-05,Cancelled,499.0
1930,1464,1,2019-10-30,2021-04-22,Cancelled,199.0
1931,1464,3,2021-04-29,,Active,649.0
1932,1465,3,2020-04-20,,Active,649.0
1933,1466,2,2025-09-08,,Active,499.0
1934,1467,1,2025-06-16,,Active,199.0
1935,1468,2,2025-11-30,,Active,499.0
1936,1469,2,2025-03-31,,Active,499.0
1937,1470,3,2025-12-03,,Active,649.0
1938,1471,3,2022-07-14,2023-11-06,Cancelled,649.0
1939,1472,2,2019-01-14,,Active,499.0
1940,1473,1,2022-04-14,,Active,199.0
1941,1474,2,2020-08-28,2021-05-25,Cancelled,499.0
1942,1475,3,2020-11-01,2021-08-28,Cancelled,649.0
1943,1475,1,2021-09-01,2021-12-30,Cancelled,199.0
1944,1476,1,2024-03-07,,Active,199.0
1945,1477,2,2020-04-01,2021-12-22,Cancelled,499.0
1946,1477,1,2022-02-14,2023-08-08,Cancelled,199.0
1947,1478,2,2021-05-30,2021-07-29,Cancelled,499.0
1948,1478,2,2021-09-22,,Active,499.0
1949,1479,1,2021-12-11,2023-09-02,Cancelled,199.0
1950,1479,1,2023-10-23,2024-07-19,Cancelled,199.0
1951,1479,2,2024-08-04,2025-12-27,Cancelled,499.0
1952,1480,2,2019-06-17,,Active,499.0
1953,1481,1,2024-04-04,,Active,199.0
1954,1482,1,2024-09-19,2026-02-11,Cancelled,199.0
1955,1482,2,2026-02-22,,Active,499.0
1956,1483,1,2023-03-10,2024-12-29,Cancelled,199.0
1957,1484,2,2019-03-20,2019-07-18,Cancelled,499.0
1958,1484,3,2019-09-05,2021-04-27,Cancelled,649.0
1959,1484,1,2021-06-17,,Active,199.0
1960,1485,2,2024-11-24,,Active,499.0
1961,1486,2,2022-05-06,2023-01-01,Cancelled,499.0
1962,1486,1,2023-01-26,,Active,199.0
1963,1487,1,2020-12-30,2022-07-23,Cancelled,199.0
1964,1488,3,2026-02-07,2026-06-07,Cancelled,649.0
1965,1488,1,2026-07-16,,Active,199.0
1966,1489,1,2025-06-11,,Active,199.0
1967,1490,2,2022-04-20,,Active,499.0
1968,1491,1,2022-04-28,,Active,199.0
1969,1492,2,2025-11-01,,Active,499.0
1970,1493,2,2020-06-07,2022-02-27,Cancelled,499.0
1971,1494,1,2022-01-24,2023-04-19,Cancelled,199.0
1972,1495,3,2023-04-11,2024-05-05,Cancelled,649.0
1973,1496,3,2021-08-07,2021-10-06,Cancelled,649.0
1974,1497,2,2021-05-14,2023-03-05,Cancelled,499.0
1975,1498,1,2019-10-22,2020-01-20,Cancelled,199.0
1976,1499,2,2020-12-31,2022-04-25,Cancelled,499.0
1977,1499,1,2022-05-04,,Active,199.0
1978,1500,2,2021-09-07,2023-05-30,Cancelled,499.0
1979,1501,2,2025-04-12,2025-10-09,Cancelled,499.0
1980,1501,2,2025-11-05,,Active,499.0
1981,1502,2,2021-07-11,2022-11-03,Cancelled,499.0
1982,1502,2,2022-12-16,2023-12-11,Cancelled,499.0
1983,1503,1,2020-03-17,2022-01-06,Cancelled,199.0
1984,1504,2,2025-05-06,2025-06-05,Cancelled,499.0
1985,1505,3,2021-08-21,,Active,649.0
1986,1506,1,2025-11-23,,Active,199.0
1987,1507,1,2019-10-26,,Active,199.0
1988,1508,3,2019-03-02,2020-10-22,Cancelled,649.0
1989,1508,1,2020-12-17,,Active,199.0
1990,1509,2,2025-11-28,,Active,499.0
1991,1510,2,2019-09-27,,Active,499.0
1992,1511,3,2019-01-24,2020-11-14,Cancelled,649.0
1993,1512,3,2023-10-28,,Active,649.0
1994,1513,1,2021-05-18,2021-12-14,Cancelled,199.0
1995,1514,2,2022-08-20,2023-08-15,Cancelled,499.0
1996,1515,1,2022-01-23,2022-06-22,Cancelled,199.0
1997,1515,1,2022-07-07,2023-08-01,Cancelled,199.0
1998,1516,3,2021-03-23,2021-12-18,Cancelled,649.0
1999,1516,2,2021-12-28,2022-02-26,Cancelled,499.0
2000,1516,2,2022-04-14,2023-04-09,Cancelled,499.0
2001,1517,2,2022-08-10,2023-04-07,Cancelled,499.0
2002,1517,2,2023-05-05,2025-02-23,Cancelled,499.0
2003,1517,2,2025-03-25,2025-07-23,Cancelled,499.0
2004,1518,1,2020-12-12,2022-01-06,Cancelled,199.0
2005,1519,2,2020-09-07,2021-08-03,Cancelled,499.0
2006,1520,2,2020-09-07,2021-12-01,Cancelled,499.0
2007,1520,1,2021-12-23,2023-02-16,Cancelled,199.0
2008,1521,3,2019-11-21,2020-10-16,Cancelled,649.0
2009,1521,3,2020-11-09,2021-02-07,Cancelled,649.0
2010,1522,2,2022-12-09,2023-10-05,Cancelled,499.0
2011,1523,2,2023-02-10,,Active,499.0
2012,1524,1,2019-02-17,2019-11-14,Cancelled,199.0
2013,1524,1,2019-12-19,,Active,199.0
2014,1525,2,2022-06-12,2023-12-04,Cancelled,499.0
2015,1525,1,2024-01-10,2024-04-09,Cancelled,199.0
2016,1525,2,2024-04-29,2025-05-24,Cancelled,499.0
2017,1526,3,2024-07-16,2024-12-13,Cancelled,649.0
2018,1527,1,2019-01-04,2019-05-04,Cancelled,199.0
2019,1528,1,2021-04-02,2022-10-24,Cancelled,199.0
2020,1529,2,2026-03-16,2026-04-15,Cancelled,499.0
2021,1529,1,2026-05-21,,Active,199.0
2022,1530,1,2022-03-14,2024-02-02,Cancelled,199.0
2023,1531,3,2019-02-15,2019-09-13,Cancelled,649.0
2024,1532,1,2022-12-14,,Active,199.0
2025,1533,2,2022-01-29,2022-07-28,Cancelled,499.0
2026,1534,1,2020-08-01,2020-09-30,Cancelled,199.0
2027,1535,2,2019-07-21,,Active,499.0
2028,1536,2,2025-08-16,,Active,499.0
2029,1537,2,2025-02-03,2026-05-29,Cancelled,499.0
2030,1537,1,2026-06-06,,Active,199.0
2031,1538,2,2024-02-11,2024-05-11,Cancelled,499.0
2032,1539,2,2019-02-18,,Active,499.0
2033,1540,2,2025-07-10,,Active,499.0
2034,1541,1,2022-07-19,,Active,199.0
2035,1542,1,2022-07-25,2024-05-15,Cancelled,199.0
2036,1542,1,2024-06-16,2024-12-13,Cancelled,199.0
2037,1543,2,2025-07-31,,Active,499.0
2038,1544,3,2022-03-30,2022-11-25,Cancelled,649.0
2039,1544,2,2023-01-05,2023-12-31,Cancelled,499.0
2040,1544,2,2024-01-25,2024-09-21,Cancelled,499.0
2041,1545,3,2020-10-08,2022-06-30,Cancelled,649.0
2042,1545,1,2022-08-04,,Active,199.0
2043,1546,1,2020-10-11,2022-01-04,Cancelled,199.0
2044,1547,2,2025-12-12,2026-05-11,Cancelled,499.0
2045,1547,3,2026-06-27,,Active,649.0
2046,1548,1,2023-01-31,,Active,199.0
2047,1549,1,2023-05-05,2024-06-28,Cancelled,199.0
2048,1550,2,2023-06-13,2024-02-08,Cancelled,499.0
2049,1550,2,2024-04-05,2025-12-26,Cancelled,499.0
2050,1550,2,2026-01-05,,Active,499.0
2051,1551,1,2020-08-26,,Active,199.0
2052,1552,1,2022-02-23,2022-11-20,Cancelled,199.0
2053,1553,1,2026-02-18,,Active,199.0
2054,1554,2,2020-02-03,2020-08-31,Cancelled,499.0
2055,1555,2,2026-02-17,2026-05-18,Cancelled,499.0
2056,1556,3,2021-01-17,,Active,649.0
2057,1557,3,2021-03-20,,Active,649.0
2058,1558,2,2019-02-09,2019-10-07,Cancelled,499.0
2059,1558,2,2019-10-16,2020-01-14,Cancelled,499.0
2060,1559,3,2023-12-23,2024-04-21,Cancelled,649.0
2061,1559,3,2024-05-04,,Active,649.0
2062,1560,1,2021-05-23,2022-06-17,Cancelled,199.0
2063,1561,3,2022-06-11,2023-06-06,Cancelled,649.0
2064,1562,2,2023-05-10,2024-02-04,Cancelled,499.0
2065,1563,3,2023-10-03,,Active,649.0
2066,1564,2,2026-03-01,,Active,499.0
2067,1565,1,2023-03-02,2024-12-21,Cancelled,199.0
2068,1566,2,2020-05-02,2021-03-28,Cancelled,499.0
2069,1567,1,2024-04-10,2024-09-07,Cancelled,199.0
2070,1568,1,2019-06-01,2019-12-28,Cancelled,199.0
2071,1569,3,2025-04-28,2025-10-25,Cancelled,649.0
2072,1569,2,2025-12-18,2026-04-17,Cancelled,499.0
2073,1570,2,2021-03-22,2022-10-13,Cancelled,499.0
2074,1570,2,2022-11-20,2024-04-13,Cancelled,499.0
2075,1571,3,2024-05-31,,Active,649.0
2076,1572,1,2020-03-05,,Active,199.0
2077,1573,1,2022-01-18,2022-11-14,Cancelled,199.0
2078,1574,3,2024-03-19,2024-04-18,Cancelled,649.0
2079,1575,2,2023-08-29,2024-09-22,Cancelled,499.0
2080,1576,1,2019-01-16,2019-11-12,Cancelled,199.0
2081,1576,1,2019-11-17,,Active,199.0
2082,1577,1,2019-04-05,2019-07-04,Cancelled,199.0
2083,1578,3,2026-05-09,2026-06-08,Cancelled,649.0
2084,1578,2,2026-07-12,,Active,499.0
2085,1579,1,2022-12-18,2023-10-14,Cancelled,199.0
2086,1580,2,2025-05-31,2026-02-25,Cancelled,499.0
2087,1580,2,2026-04-07,2026-05-07,Cancelled,499.0
2088,1581,2,2019-07-19,2019-11-16,Cancelled,499.0
2089,1581,3,2020-01-13,2020-08-10,Cancelled,649.0
2090,1581,2,2020-09-12,2021-03-11,Cancelled,499.0
2091,1582,3,2022-09-05,2024-03-28,Cancelled,649.0
2092,1582,1,2024-04-19,,Active,199.0
2093,1583,1,2023-04-27,,Active,199.0
2094,1584,2,2025-11-26,,Active,499.0
2095,1585,2,2024-04-29,2024-10-26,Cancelled,499.0
2096,1586,3,2023-09-16,,Active,649.0
2097,1587,1,2021-03-14,2023-02-02,Cancelled,199.0
2098,1587,1,2023-03-23,2024-01-17,Cancelled,199.0
2099,1588,2,2026-06-13,,Active,499.0
2100,1589,3,2021-06-16,2021-09-14,Cancelled,649.0
2101,1590,2,2021-02-01,2022-10-24,Cancelled,499.0
2102,1590,3,2022-10-31,2024-01-24,Cancelled,649.0
2103,1591,2,2024-06-04,2025-06-29,Cancelled,499.0
2104,1592,3,2026-06-22,,Active,649.0
2105,1593,3,2025-06-04,,Active,649.0
2106,1594,1,2020-05-08,2022-02-27,Cancelled,199.0
2107,1594,2,2022-03-07,2023-01-31,Cancelled,499.0
2108,1595,1,2025-02-10,2026-01-06,Cancelled,199.0
2109,1595,1,2026-03-01,,Active,199.0
2110,1596,1,2021-08-25,,Active,199.0
2111,1597,3,2020-08-30,2022-06-21,Cancelled,649.0
2112,1597,1,2022-07-02,,Active,199.0
2113,1598,2,2026-01-04,2026-06-03,Cancelled,499.0
2114,1599,1,2026-02-13,,Active,199.0
2115,1600,3,2021-10-11,2022-03-10,Cancelled,649.0
2116,1601,2,2019-03-13,2021-01-01,Cancelled,499.0
2117,1602,3,2020-07-28,,Active,649.0
2118,1603,1,2023-01-21,2024-12-11,Cancelled,199.0
2119,1604,2,2019-06-12,2019-11-09,Cancelled,499.0
2120,1605,3,2020-09-13,2021-10-08,Cancelled,649.0
2121,1605,2,2021-10-19,2021-11-18,Cancelled,499.0
2122,1606,1,2020-02-12,2021-02-06,Cancelled,199.0
2123,1606,2,2021-02-17,2022-12-09,Cancelled,499.0
2124,1606,1,2022-12-18,2023-02-16,Cancelled,199.0
2125,1607,3,2026-02-19,,Active,649.0
2126,1608,1,2021-08-30,2022-04-27,Cancelled,199.0
2127,1608,2,2022-06-16,,Active,499.0
2128,1609,1,2021-11-06,2022-06-04,Cancelled,199.0
2129,1609,1,2022-07-02,2023-07-27,Cancelled,199.0
2130,1609,1,2023-08-26,2024-12-18,Cancelled,199.0
2131,1610,1,2022-02-27,,Active,199.0
2132,1611,3,2019-02-05,2020-04-30,Cancelled,649.0
2133,1611,1,2020-05-31,,Active,199.0
2134,1612,2,2023-01-25,2024-11-15,Cancelled,499.0
2135,1612,1,2025-01-03,2026-05-28,Cancelled,199.0
2136,1613,2,2025-11-03,,Active,499.0
2137,1614,1,2025-02-05,,Active,199.0
2138,1615,1,2020-11-17,2021-05-16,Cancelled,199.0
2139,1616,2,2019-02-06,2019-11-03,Cancelled,499.0
2140,1617,2,2024-10-18,2026-04-11,Cancelled,499.0
2141,1618,3,2025-04-21,2025-05-21,Cancelled,649.0
2142,1618,1,2025-06-28,2026-04-24,Cancelled,199.0
2143,1619,2,2025-11-28,,Active,499.0
2144,1620,2,2023-04-30,2023-10-27,Cancelled,499.0
2145,1620,2,2023-11-07,2024-06-04,Cancelled,499.0
2146,1620,2,2024-06-29,2025-02-24,Cancelled,499.0
2147,1621,1,2022-07-20,2022-10-18,Cancelled,199.0
2148,1622,2,2024-09-02,2025-10-27,Cancelled,499.0
2149,1622,2,2025-12-09,,Active,499.0
2150,1623,2,2024-03-05,2024-06-03,Cancelled,499.0
2151,1624,2,2024-09-03,2026-05-26,Cancelled,499.0
2152,1625,1,2021-02-17,,Active,199.0
2153,1626,2,2025-10-08,,Active,499.0
2154,1627,3,2019-04-12,2020-08-04,Cancelled,649.0
2155,1628,3,2019-09-13,,Active,649.0
2156,1629,3,2023-11-28,2024-04-26,Cancelled,649.0
2157,1629,1,2024-06-07,2024-12-04,Cancelled,199.0
2158,1629,1,2025-01-07,,Active,199.0
2159,1630,2,2023-04-14,2024-08-06,Cancelled,499.0
2160,1631,1,2023-02-26,2024-11-17,Cancelled,199.0
2161,1632,2,2025-10-24,,Active,499.0
2162,1633,2,2025-07-12,,Active,499.0
2163,1634,2,2024-05-23,2024-10-20,Cancelled,499.0
2164,1635,2,2020-03-26,,Active,499.0
2165,1636,3,2019-09-22,2020-03-20,Cancelled,649.0
2166,1637,3,2020-01-18,2020-09-14,Cancelled,649.0
2167,1638,1,2023-08-09,2025-03-01,Cancelled,199.0
2168,1638,2,2025-03-18,,Active,499.0
2169,1639,1,2024-05-05,2025-01-30,Cancelled,199.0
2170,1640,3,2024-12-30,2025-03-30,Cancelled,649.0
2171,1641,2,2019-10-10,2021-07-01,Cancelled,499.0
2172,1642,1,2021-01-22,2021-02-21,Cancelled,199.0
2173,1642,3,2021-04-03,2022-01-28,Cancelled,649.0
2174,1643,2,2021-07-14,,Active,499.0
2175,1644,1,2023-09-28,,Active,199.0
2176,1645,3,2019-05-08,2020-05-02,Cancelled,649.0
2177,1646,2,2025-04-20,2025-12-16,Cancelled,499.0
2178,1646,1,2026-01-20,,Active,199.0
2179,1647,2,2019-08-09,,Active,499.0
2180,1648,2,2022-12-05,2024-03-29,Cancelled,499.0
2181,1649,1,2025-12-29,,Active,199.0
2182,1650,3,2020-06-15,2021-02-10,Cancelled,649.0
2183,1650,1,2021-02-15,2021-10-13,Cancelled,199.0
2184,1651,1,2024-02-25,2025-03-21,Cancelled,199.0
2185,1651,2,2025-04-24,2026-03-20,Cancelled,499.0
2186,1652,1,2023-02-14,2023-09-12,Cancelled,199.0
2187,1652,2,2023-10-13,,Active,499.0
2188,1653,3,2025-02-22,2026-05-18,Cancelled,649.0
2189,1653,1,2026-05-29,,Active,199.0
2190,1654,2,2023-05-29,,Active,499.0
2191,1655,2,2025-05-11,2025-11-07,Cancelled,499.0
2192,1656,2,2022-01-08,2022-06-07,Cancelled,499.0
2193,1656,3,2022-07-10,2024-01-01,Cancelled,649.0
2194,1656,3,2024-02-19,2024-07-18,Cancelled,649.0
2195,1657,1,2020-03-24,,Active,199.0
2196,1658,2,2024-02-04,,Active,499.0
2197,1659,2,2026-04-03,,Active,499.0
2198,1660,1,2022-04-01,,Active,199.0
2199,1661,1,2025-02-23,2025-06-23,Cancelled,199.0
2200,1661,2,2025-08-20,,Active,499.0
2201,1662,3,2025-07-30,2025-09-28,Cancelled,649.0
2202,1662,2,2025-10-27,,Active,499.0
2203,1663,2,2023-11-03,,Active,499.0
2204,1664,1,2024-12-07,2025-09-03,Cancelled,199.0
2205,1664,1,2025-10-23,,Active,199.0
2206,1665,2,2023-03-22,2023-12-17,Cancelled,499.0
2207,1665,2,2024-01-10,2025-03-05,Cancelled,499.0
2208,1665,3,2025-04-27,2026-04-22,Cancelled,649.0
2209,1666,2,2025-01-12,2025-06-11,Cancelled,499.0
2210,1667,2,2021-07-09,,Active,499.0
2211,1668,2,2022-12-11,2024-03-05,Cancelled,499.0
2212,1669,2,2019-08-02,2021-03-24,Cancelled,499.0
2213,1670,2,2020-06-21,2020-12-18,Cancelled,499.0
2214,1671,1,2023-05-05,2024-06-28,Cancelled,199.0
2215,1671,2,2024-07-14,2024-10-12,Cancelled,499.0
2216,1672,1,2024-06-06,2024-12-03,Cancelled,199.0
2217,1672,1,2025-01-09,,Active,199.0
2218,1673,1,2019-03-23,2021-01-11,Cancelled,199.0
2219,1673,1,2021-02-28,,Active,199.0
2220,1674,2,2019-07-08,2020-08-31,Cancelled,499.0
2221,1675,2,2019-01-18,2019-09-15,Cancelled,499.0
2222,1676,1,2022-11-18,2023-06-16,Cancelled,199.0
2223,1676,2,2023-07-22,,Active,499.0
2224,1677,1,2021-07-06,2022-12-28,Cancelled,199.0
2225,1677,2,2023-01-14,2023-03-15,Cancelled,499.0
2226,1677,3,2023-04-09,2024-10-30,Cancelled,649.0
2227,1678,2,2019-05-26,2019-12-22,Cancelled,499.0
2228,1679,2,2024-12-12,2025-05-11,Cancelled,499.0
2229,1679,3,2025-06-04,2025-07-04,Cancelled,649.0
2230,1679,2,2025-08-06,,Active,499.0
2231,1680,3,2022-12-17,2024-01-11,Cancelled,649.0
2232,1680,2,2024-03-04,2025-06-27,Cancelled,499.0
2233,1680,2,2025-07-08,,Active,499.0
2234,1681,1,2019-01-28,2019-12-24,Cancelled,199.0
2235,1681,2,2020-02-11,2020-05-11,Cancelled,499.0
2236,1682,3,2024-02-22,,Active,649.0
2237,1683,2,2025-10-31,,Active,499.0
2238,1684,2,2022-02-21,2022-09-19,Cancelled,499.0
2239,1684,2,2022-10-30,2023-03-29,Cancelled,499.0
2240,1684,3,2023-04-03,2023-12-29,Cancelled,649.0
2241,1685,1,2026-02-13,,Active,199.0
2242,1686,1,2022-02-15,2022-12-12,Cancelled,199.0
2243,1687,3,2019-08-01,2020-08-25,Cancelled,649.0
2244,1688,3,2019-12-03,2021-02-25,Cancelled,649.0
2245,1689,3,2019-07-03,2020-07-27,Cancelled,649.0
2246,1690,2,2021-04-06,2021-11-02,Cancelled,499.0
2247,1691,2,2021-11-19,2022-02-17,Cancelled,499.0
2248,1691,1,2022-04-05,2023-06-29,Cancelled,199.0
2249,1692,2,2022-05-01,2023-06-25,Cancelled,499.0
2250,1693,1,2022-08-08,2023-01-05,Cancelled,199.0
2251,1693,1,2023-02-08,2024-09-30,Cancelled,199.0
2252,1693,1,2024-11-14,2026-05-08,Cancelled,199.0
2253,1694,3,2025-06-22,2026-05-18,Cancelled,649.0
2254,1695,3,2019-02-01,2019-04-02,Cancelled,649.0
2255,1696,1,2025-09-24,,Active,199.0
2256,1697,1,2020-10-16,,Active,199.0
2257,1698,3,2026-02-23,,Active,649.0
2258,1699,2,2020-01-06,2020-07-04,Cancelled,499.0
2259,1700,2,2019-10-02,,Active,499.0
2260,1701,2,2019-11-29,2020-06-26,Cancelled,499.0
2261,1702,2,2021-03-22,2021-06-20,Cancelled,499.0
2262,1702,1,2021-08-09,2022-09-03,Cancelled,199.0
2263,1703,2,2026-01-21,,Active,499.0
2264,1704,3,2022-06-21,2023-03-18,Cancelled,649.0
2265,1704,1,2023-04-03,2024-02-27,Cancelled,199.0
2266,1704,1,2024-03-02,,Active,199.0
2267,1705,1,2020-03-28,2021-06-21,Cancelled,199.0
2268,1706,1,2023-10-24,2024-11-17,Cancelled,199.0
2269,1707,1,2022-10-22,,Active,199.0
2270,1708,3,2024-04-08,2025-10-30,Cancelled,649.0
2271,1709,1,2024-07-23,2024-11-20,Cancelled,199.0
2272,1710,1,2024-11-22,,Active,199.0
2273,1711,3,2020-02-19,,Active,649.0
2274,1712,3,2022-09-19,2022-10-19,Cancelled,649.0
2275,1713,1,2023-09-23,2024-03-21,Cancelled,199.0
2276,1714,2,2023-03-04,2023-07-02,Cancelled,499.0
2277,1714,3,2023-08-19,,Active,649.0
2278,1715,2,2026-04-16,,Active,499.0
2279,1716,3,2026-03-15,,Active,649.0
2280,1717,2,2025-01-31,,Active,499.0
2281,1718,1,2020-10-19,,Active,199.0
2282,1719,1,2022-12-19,,Active,199.0
2283,1720,2,2025-01-09,2025-04-09,Cancelled,499.0
2284,1721,3,2021-01-04,2021-05-04,Cancelled,649.0
2285,1721,1,2021-05-15,2021-06-14,Cancelled,199.0
2286,1722,3,2024-05-02,,Active,649.0
2287,1723,1,2020-11-13,2022-05-07,Cancelled,199.0
2288,1724,2,2020-01-19,2020-09-15,Cancelled,499.0
2289,1724,2,2020-10-03,2022-04-26,Cancelled,499.0
2290,1724,1,2022-06-06,2023-01-02,Cancelled,199.0
2291,1725,3,2020-10-18,,Active,649.0
2292,1726,1,2025-12-11,,Active,199.0
2293,1727,3,2026-06-18,,Active,649.0
2294,1728,2,2025-05-30,2026-02-24,Cancelled,499.0
2295,1728,2,2026-02-25,,Active,499.0
2296,1729,3,2021-01-12,2021-04-12,Cancelled,649.0
2297,1730,1,2024-11-04,,Active,199.0
2298,1731,2,2020-08-20,2022-04-12,Cancelled,499.0
2299,1732,2,2019-12-14,2020-03-13,Cancelled,499.0
2300,1732,1,2020-04-25,2021-05-20,Cancelled,199.0
2301,1733,2,2020-12-09,2022-05-03,Cancelled,499.0
2302,1734,3,2020-01-18,2020-08-15,Cancelled,649.0
2303,1734,2,2020-10-02,2021-10-27,Cancelled,499.0
2304,1735,2,2023-10-20,2025-05-12,Cancelled,499.0
2305,1736,1,2024-02-14,2024-03-15,Cancelled,199.0
2306,1737,1,2019-04-08,2019-07-07,Cancelled,199.0
2307,1738,2,2019-10-21,2020-06-17,Cancelled,499.0
2308,1738,2,2020-08-15,2021-05-12,Cancelled,499.0
2309,1739,2,2022-08-04,2023-05-01,Cancelled,499.0
2310,1740,1,2019-11-07,,Active,199.0
2311,1741,2,2025-03-17,2025-08-14,Cancelled,499.0
2312,1741,1,2025-10-07,2026-03-06,Cancelled,199.0
2313,1742,2,2021-12-31,2022-01-30,Cancelled,499.0
2314,1742,2,2022-02-01,2022-07-01,Cancelled,499.0
2315,1743,2,2022-02-04,,Active,499.0
2316,1744,2,2019-01-15,2020-08-07,Cancelled,499.0
2317,1744,1,2020-09-12,2021-03-11,Cancelled,199.0
2318,1745,1,2024-04-04,2025-11-25,Cancelled,199.0
2319,1746,2,2024-05-29,,Active,499.0
2320,1747,3,2024-09-01,2025-06-28,Cancelled,649.0
2321,1747,3,2025-07-12,,Active,649.0
2322,1748,2,2023-01-19,2023-09-16,Cancelled,499.0
2323,1748,2,2023-10-28,,Active,499.0
2324,1749,1,2021-01-08,2022-04-03,Cancelled,199.0
2325,1750,2,2019-08-03,2020-01-30,Cancelled,499.0
2326,1750,2,2020-03-01,2022-01-20,Cancelled,499.0
2327,1751,3,2021-05-13,2021-08-11,Cancelled,649.0
2328,1752,2,2023-01-28,2024-11-18,Cancelled,499.0
2329,1753,3,2019-11-16,,Active,649.0
2330,1754,3,2019-05-29,2020-06-22,Cancelled,649.0
2331,1754,3,2020-07-07,,Active,649.0
2332,1755,3,2020-08-17,2021-06-13,Cancelled,649.0
2333,1755,3,2021-07-19,,Active,649.0
2334,1756,2,2019-07-13,2019-10-11,Cancelled,499.0
2335,1756,3,2019-10-19,2021-02-10,Cancelled,649.0
2336,1757,3,2019-02-08,2019-10-06,Cancelled,649.0
2337,1757,1,2019-11-10,2021-01-03,Cancelled,199.0
2338,1758,2,2022-08-22,2024-05-13,Cancelled,499.0
2339,1759,3,2024-08-02,2025-04-29,Cancelled,649.0
2340,1760,3,2022-09-30,2023-11-24,Cancelled,649.0
2341,1761,3,2019-09-07,2019-12-06,Cancelled,649.0
2342,1762,1,2021-07-17,,Active,199.0
2343,1763,2,2019-04-08,2020-07-01,Cancelled,499.0
2344,1764,1,2023-08-30,,Active,199.0
2345,1765,2,2020-09-30,,Active,499.0
2346,1766,1,2021-11-26,,Active,199.0
2347,1767,1,2025-10-05,2026-02-02,Cancelled,199.0
2348,1768,1,2023-05-27,,Active,199.0
2349,1769,1,2024-09-25,,Active,199.0
2350,1770,1,2021-08-15,,Active,199.0
2351,1771,1,2025-12-23,,Active,199.0
2352,1772,3,2024-05-11,2025-11-02,Cancelled,649.0
2353,1773,3,2022-11-12,2023-11-07,Cancelled,649.0
2354,1774,1,2023-05-06,2024-12-26,Cancelled,199.0
2355,1774,3,2025-02-14,,Active,649.0
2356,1775,1,2023-09-03,,Active,199.0
2357,1776,1,2020-03-14,2020-07-12,Cancelled,199.0
2358,1777,2,2020-11-20,2022-10-11,Cancelled,499.0
2359,1778,3,2024-02-23,2025-05-18,Cancelled,649.0
2360,1778,2,2025-07-07,2025-10-05,Cancelled,499.0
2361,1779,2,2022-04-21,,Active,499.0
2362,1780,3,2024-11-16,,Active,649.0
2363,1781,1,2022-12-10,,Active,199.0
2364,1782,1,2019-06-30,,Active,199.0
2365,1783,2,2023-12-26,2025-10-16,Cancelled,499.0
2366,1784,3,2023-07-29,2024-07-23,Cancelled,649.0
2367,1784,2,2024-08-17,2025-09-11,Cancelled,499.0
2368,1784,2,2025-11-05,,Active,499.0
2369,1785,1,2021-09-25,2022-02-22,Cancelled,199.0
2370,1786,3,2024-12-04,2026-05-28,Cancelled,649.0
2371,1787,2,2021-08-18,2022-07-14,Cancelled,499.0
2372,1788,2,2019-11-10,,Active,499.0
2373,1789,1,2019-11-28,2020-11-22,Cancelled,199.0
2374,1789,2,2021-01-05,2021-12-31,Cancelled,499.0
2375,1790,3,2025-10-04,,Active,649.0
2376,1791,3,2021-10-26,2022-07-23,Cancelled,649.0
2377,1792,1,2022-02-09,,Active,199.0
2378,1793,3,2021-04-16,2021-10-13,Cancelled,649.0
2379,1793,2,2021-11-30,2022-01-29,Cancelled,499.0
2380,1794,1,2024-07-13,2026-04-04,Cancelled,199.0
2381,1795,1,2023-07-16,2025-02-05,Cancelled,199.0
2382,1796,2,2025-09-27,2025-10-27,Cancelled,499.0
2383,1796,1,2025-11-04,,Active,199.0
2384,1797,2,2025-09-15,2026-03-14,Cancelled,499.0
2385,1798,2,2026-06-02,,Active,499.0
2386,1799,2,2021-06-20,2023-02-10,Cancelled,499.0
2387,1799,3,2023-03-22,2024-05-15,Cancelled,649.0
2388,1799,2,2024-06-02,2026-04-23,Cancelled,499.0
2389,1800,3,2023-05-18,2024-12-08,Cancelled,649.0
2390,1801,1,2021-08-06,2022-11-29,Cancelled,199.0
2391,1801,2,2022-12-16,2023-08-13,Cancelled,499.0
2392,1802,1,2024-04-12,,Active,199.0
2393,1803,1,2024-08-10,2025-03-08,Cancelled,199.0
2394,1803,3,2025-05-06,,Active,649.0
2395,1804,2,2020-11-20,,Active,499.0
2396,1805,2,2025-06-11,2026-04-07,Cancelled,499.0
2397,1805,1,2026-05-16,,Active,199.0
2398,1806,1,2021-03-05,,Active,199.0
2399,1807,2,2026-05-16,,Active,499.0
2400,1808,1,2025-05-18,2025-08-16,Cancelled,199.0
2401,1808,1,2025-09-03,,Active,199.0
2402,1809,2,2019-02-19,2020-03-15,Cancelled,499.0
2403,1809,1,2020-04-30,2020-11-26,Cancelled,199.0
2404,1810,1,2021-12-26,2023-08-18,Cancelled,199.0
2405,1810,3,2023-09-26,2024-12-19,Cancelled,649.0
2406,1811,3,2021-11-29,2022-08-26,Cancelled,649.0
2407,1812,3,2025-03-01,,Active,649.0
2408,1813,3,2024-06-06,,Active,649.0
2409,1814,3,2019-05-19,,Active,649.0
2410,1815,2,2025-04-20,2025-06-19,Cancelled,499.0
2411,1816,2,2020-08-20,2021-02-16,Cancelled,499.0
2412,1817,2,2021-10-09,2022-07-06,Cancelled,499.0
2413,1818,2,2020-04-10,2021-09-02,Cancelled,499.0
2414,1818,2,2021-10-01,2022-09-26,Cancelled,499.0
2415,1819,3,2020-03-07,2021-11-27,Cancelled,649.0
2416,1820,3,2022-12-14,,Active,649.0
2417,1821,1,2019-08-20,2020-10-13,Cancelled,199.0
2418,1822,3,2019-08-09,2021-05-30,Cancelled,649.0
2419,1823,1,2024-11-21,,Active,199.0
2420,1824,2,2021-07-30,2023-02-20,Cancelled,499.0
2421,1825,2,2023-11-10,2025-09-30,Cancelled,499.0
2422,1826,3,2026-05-24,,Active,649.0
2423,1827,1,2019-05-20,,Active,199.0
2424,1828,3,2024-12-14,,Active,649.0
2425,1829,1,2019-10-28,2020-03-26,Cancelled,199.0
2426,1830,2,2024-09-13,,Active,499.0
2427,1831,2,2021-04-17,2022-05-12,Cancelled,499.0
2428,1832,3,2020-01-05,2020-04-04,Cancelled,649.0
2429,1833,2,2020-09-18,2021-04-16,Cancelled,499.0
2430,1833,1,2021-05-05,2021-12-01,Cancelled,199.0
2431,1834,2,2021-09-25,,Active,499.0
2432,1835,1,2024-06-21,2025-06-16,Cancelled,199.0
2433,1836,3,2024-02-07,2025-03-03,Cancelled,649.0
2434,1836,2,2025-04-12,2026-02-06,Cancelled,499.0
2435,1837,2,2024-06-17,2025-02-12,Cancelled,499.0
2436,1838,2,2019-03-01,2020-01-25,Cancelled,499.0
2437,1839,1,2026-04-24,,Active,199.0
2438,1840,2,2022-04-03,,Active,499.0
2439,1841,2,2019-11-01,2021-04-24,Cancelled,499.0
2440,1842,2,2025-12-17,,Active,499.0
2441,1843,1,2024-12-10,,Active,199.0
2442,1844,1,2019-08-14,,Active,199.0
2443,1845,2,2022-04-11,,Active,499.0
2444,1846,3,2025-10-17,,Active,649.0
2445,1847,1,2024-02-13,2025-11-04,Cancelled,199.0
2446,1847,2,2025-11-27,,Active,499.0
2447,1848,3,2020-06-16,2021-12-08,Cancelled,649.0
2448,1848,2,2022-01-27,2023-03-23,Cancelled,499.0
2449,1848,3,2023-04-30,2024-06-23,Cancelled,649.0
2450,1849,2,2024-04-01,,Active,499.0
2451,1850,3,2020-06-01,2021-12-23,Cancelled,649.0
2452,1851,3,2021-08-21,,Active,649.0
2453,1852,2,2020-06-19,,Active,499.0
2454,1853,1,2024-03-13,2025-12-03,Cancelled,199.0
2455,1854,2,2025-12-24,,Active,499.0
2456,1855,2,2019-05-02,,Active,499.0
2457,1856,1,2023-07-12,2024-10-04,Cancelled,199.0
2458,1857,1,2020-11-11,2022-02-04,Cancelled,199.0
2459,1858,2,2024-08-17,,Active,499.0
2460,1859,2,2020-01-17,2021-01-11,Cancelled,499.0
2461,1859,2,2021-02-18,2021-11-15,Cancelled,499.0
2462,1859,3,2021-12-01,2023-07-24,Cancelled,649.0
2463,1860,3,2021-09-30,2022-07-27,Cancelled,649.0
2464,1860,2,2022-09-12,2023-09-07,Cancelled,499.0
2465,1861,3,2020-07-17,,Active,649.0
2466,1862,1,2025-07-18,,Active,199.0
2467,1863,2,2019-08-15,2020-08-09,Cancelled,499.0
2468,1864,3,2023-05-13,,Active,649.0
2469,1865,3,2019-11-26,,Active,649.0
2470,1866,2,2023-07-01,2025-03-22,Cancelled,499.0
2471,1866,1,2025-05-16,2025-11-12,Cancelled,199.0
2472,1867,3,2024-10-03,2025-05-31,Cancelled,649.0
2473,1867,1,2025-07-10,2025-10-08,Cancelled,199.0
2474,1868,3,2024-08-21,2024-10-20,Cancelled,649.0
2475,1868,2,2024-11-28,2026-03-23,Cancelled,499.0
2476,1869,1,2019-04-02,2019-09-29,Cancelled,199.0
2477,1870,2,2024-10-19,2025-12-13,Cancelled,499.0
2478,1871,3,2021-03-23,2022-11-13,Cancelled,649.0
2479,1872,3,2024-02-10,,Active,649.0
2480,1873,1,2026-03-23,,Active,199.0
2481,1874,2,2019-11-22,2020-06-19,Cancelled,499.0
2482,1875,2,2021-09-20,2023-07-12,Cancelled,499.0
2483,1875,2,2023-09-02,,Active,499.0
2484,1876,2,2025-07-01,2025-11-28,Cancelled,499.0
2485,1877,3,2020-01-23,2020-06-21,Cancelled,649.0
2486,1878,3,2020-12-15,2022-07-08,Cancelled,649.0
2487,1878,2,2022-07-10,2023-10-03,Cancelled,499.0
2488,1879,1,2023-02-12,2024-02-07,Cancelled,199.0
2489,1879,3,2024-03-05,2025-04-29,Cancelled,649.0
2490,1879,1,2025-06-03,,Active,199.0
2491,1880,3,2026-06-20,,Active,649.0
2492,1881,3,2021-03-17,2022-01-11,Cancelled,649.0
2493,1881,3,2022-03-09,2022-06-07,Cancelled,649.0
2494,1882,2,2021-11-21,2023-10-12,Cancelled,499.0
2495,1882,1,2023-11-14,2024-11-08,Cancelled,199.0
2496,1882,3,2024-11-21,,Active,649.0
2497,1883,1,2024-12-18,,Active,199.0
2498,1884,2,2019-11-25,,Active,499.0
2499,1885,3,2021-06-16,2023-02-06,Cancelled,649.0
2500,1885,1,2023-02-28,2024-12-19,Cancelled,199.0
2501,1885,3,2025-01-21,2025-11-17,Cancelled,649.0
2502,1886,1,2021-05-15,,Active,199.0
2503,1887,1,2022-01-03,2023-03-29,Cancelled,199.0
2504,1887,1,2023-05-11,2024-04-05,Cancelled,199.0
2505,1887,1,2024-04-17,2025-06-11,Cancelled,199.0
2506,1888,3,2023-04-20,2023-11-16,Cancelled,649.0
2507,1889,1,2020-08-29,2021-02-25,Cancelled,199.0
2508,1890,1,2021-12-07,2023-06-30,Cancelled,199.0
2509,1890,1,2023-07-12,2025-03-03,Cancelled,199.0
2510,1891,2,2025-11-15,2025-12-15,Cancelled,499.0
2511,1891,3,2026-01-14,2026-02-13,Cancelled,649.0
2512,1892,1,2025-03-18,2026-02-11,Cancelled,199.0
2513,1892,2,2026-04-11,,Active,499.0
2514,1893,2,2026-03-03,,Active,499.0
2515,1894,1,2024-02-11,2024-12-07,Cancelled,199.0
2516,1895,2,2023-05-14,2024-01-09,Cancelled,499.0
2517,1896,2,2020-08-07,2021-10-31,Cancelled,499.0
2518,1896,3,2021-12-03,2022-03-03,Cancelled,649.0
2519,1896,3,2022-03-04,2023-10-25,Cancelled,649.0
2520,1897,2,2020-03-10,2021-12-30,Cancelled,499.0
2521,1897,3,2022-02-10,2022-11-07,Cancelled,649.0
2522,1898,1,2023-01-15,2024-02-09,Cancelled,199.0
2523,1899,2,2022-01-13,2023-07-07,Cancelled,499.0
2524,1899,2,2023-07-19,2025-05-09,Cancelled,499.0
2525,1899,3,2025-06-11,,Active,649.0
2526,1900,2,2024-11-26,,Active,499.0
2527,1901,2,2019-01-27,2020-02-21,Cancelled,499.0
2528,1901,1,2020-03-10,2020-08-07,Cancelled,199.0
2529,1902,1,2025-09-06,2026-02-03,Cancelled,199.0
2530,1903,3,2020-04-11,2021-12-02,Cancelled,649.0
2531,1904,1,2021-12-17,2022-07-15,Cancelled,199.0
2532,1905,3,2021-09-02,2022-08-28,Cancelled,649.0
2533,1906,2,2025-12-06,2026-06-04,Cancelled,499.0
2534,1906,2,2026-07-30,,Active,499.0
2535,1907,3,2024-05-26,2025-11-17,Cancelled,649.0
2536,1907,3,2025-12-08,,Active,649.0
2537,1908,3,2019-04-09,2020-07-02,Cancelled,649.0
2538,1908,2,2020-07-26,2021-10-19,Cancelled,499.0
2539,1908,1,2021-10-30,2022-08-26,Cancelled,199.0
2540,1909,1,2025-05-24,,Active,199.0
2541,1910,2,2024-01-27,2025-03-22,Cancelled,499.0
2542,1911,2,2019-07-06,2020-11-27,Cancelled,499.0
2543,1912,2,2024-11-11,,Active,499.0
2544,1913,1,2019-04-03,,Active,199.0
2545,1914,2,2022-03-10,2022-08-07,Cancelled,499.0
2546,1915,2,2020-03-19,2022-01-08,Cancelled,499.0
2547,1915,2,2022-03-05,2022-07-03,Cancelled,499.0
2548,1916,3,2019-01-31,2020-12-21,Cancelled,649.0
2549,1916,2,2021-02-16,2022-08-10,Cancelled,499.0
2550,1916,2,2022-09-29,2024-01-22,Cancelled,499.0
2551,1917,3,2023-03-12,2024-12-01,Cancelled,649.0
2552,1917,2,2024-12-06,2025-04-05,Cancelled,499.0
2553,1917,2,2025-04-11,,Active,499.0
2554,1918,1,2024-02-25,,Active,199.0
2555,1919,1,2022-08-06,2024-06-26,Cancelled,199.0
2556,1920,3,2021-07-26,2022-06-21,Cancelled,649.0
2557,1921,2,2022-11-06,,Active,499.0
2558,1922,3,2020-02-20,,Active,649.0
2559,1923,2,2019-05-17,2020-03-12,Cancelled,499.0
2560,1923,2,2020-03-27,2021-01-21,Cancelled,499.0
2561,1924,2,2020-03-06,2022-01-25,Cancelled,499.0
2562,1924,2,2022-03-24,2023-02-17,Cancelled,499.0
2563,1925,1,2019-05-29,2019-11-25,Cancelled,199.0
2564,1926,1,2024-10-06,2026-04-29,Cancelled,199.0
2565,1927,3,2023-07-25,2024-08-18,Cancelled,649.0
2566,1928,2,2020-05-28,,Active,499.0
2567,1929,2,2023-04-10,2023-08-08,Cancelled,499.0
2568,1929,1,2023-08-13,2025-03-05,Cancelled,199.0
2569,1930,2,2022-08-18,2024-03-10,Cancelled,499.0
2570,1930,3,2024-03-22,2024-11-17,Cancelled,649.0
2571,1931,3,2019-11-01,2021-05-24,Cancelled,649.0
2572,1932,2,2026-04-10,,Active,499.0
2573,1933,2,2026-01-11,2026-03-12,Cancelled,499.0
2574,1933,1,2026-05-03,,Active,199.0
2575,1934,3,2024-09-08,2025-12-02,Cancelled,649.0
2576,1934,2,2025-12-23,,Active,499.0
2577,1935,1,2025-01-23,,Active,199.0
2578,1936,1,2023-02-07,2023-08-06,Cancelled,199.0
2579,1937,3,2025-01-09,,Active,649.0
2580,1938,2,2022-12-17,2023-08-14,Cancelled,499.0
2581,1938,1,2023-09-26,2024-03-24,Cancelled,199.0
2582,1938,2,2024-05-05,2025-01-30,Cancelled,499.0
2583,1939,1,2020-03-30,,Active,199.0
2584,1940,3,2020-04-03,2021-12-24,Cancelled,649.0
2585,1940,3,2022-02-16,2022-08-15,Cancelled,649.0
2586,1941,2,2025-05-27,2026-06-21,Cancelled,499.0
2587,1941,1,2026-07-18,,Active,199.0
2588,1942,1,2022-05-07,,Active,199.0
2589,1943,2,2024-06-20,,Active,499.0
2590,1944,2,2020-02-01,2021-12-22,Cancelled,499.0
2591,1944,2,2022-02-17,2022-08-16,Cancelled,499.0
2592,1944,2,2022-09-10,2022-11-09,Cancelled,499.0
2593,1945,2,2022-05-11,2022-10-08,Cancelled,499.0
2594,1945,1,2022-11-21,2023-04-20,Cancelled,199.0
2595,1946,1,2019-08-17,2020-05-13,Cancelled,199.0
2596,1946,1,2020-05-19,2021-09-11,Cancelled,199.0
2597,1946,1,2021-10-15,2022-03-14,Cancelled,199.0
2598,1947,1,2020-08-27,2022-01-19,Cancelled,199.0
2599,1947,1,2022-02-21,2022-09-19,Cancelled,199.0
2600,1948,3,2019-10-26,2021-03-19,Cancelled,649.0
2601,1948,3,2021-04-22,,Active,649.0
2602,1949,1,2020-07-23,,Active,199.0
2603,1950,1,2023-07-19,2023-10-17,Cancelled,199.0
2604,1950,2,2023-11-27,2024-07-24,Cancelled,499.0
2605,1951,1,2019-01-15,2019-03-16,Cancelled,199.0
2606,1952,3,2020-06-13,2020-12-10,Cancelled,649.0
2607,1952,1,2021-01-27,2022-09-19,Cancelled,199.0
2608,1953,1,2024-03-06,,Active,199.0
2609,1954,2,2020-02-13,2021-09-05,Cancelled,499.0
2610,1955,1,2023-03-02,2023-04-01,Cancelled,199.0
2611,1955,1,2023-05-22,2024-01-17,Cancelled,199.0
2612,1955,2,2024-02-28,2025-07-22,Cancelled,499.0
2613,1956,2,2025-07-02,2025-11-29,Cancelled,499.0
2614,1957,1,2024-11-05,2025-04-04,Cancelled,199.0
2615,1957,2,2025-04-08,2025-10-05,Cancelled,499.0
2616,1958,1,2019-12-01,2019-12-31,Cancelled,199.0
2617,1959,1,2020-02-08,2021-06-02,Cancelled,199.0
2618,1959,3,2021-06-04,,Active,649.0
2619,1960,3,2024-04-16,2025-03-12,Cancelled,649.0
2620,1961,2,2021-08-06,2022-06-02,Cancelled,499.0
2621,1961,3,2022-07-05,2023-08-29,Cancelled,649.0
2622,1961,2,2023-09-08,2024-01-06,Cancelled,499.0
2623,1962,2,2022-02-15,2023-12-07,Cancelled,499.0
2624,1963,3,2022-07-29,2023-10-22,Cancelled,649.0
2625,1964,1,2023-05-05,2024-03-30,Cancelled,199.0
2626,1964,1,2024-05-04,2025-03-30,Cancelled,199.0
2627,1965,2,2022-05-14,2023-09-06,Cancelled,499.0
2628,1966,1,2019-03-05,2019-10-01,Cancelled,199.0
2629,1966,2,2019-11-29,,Active,499.0
2630,1967,2,2019-09-16,2020-05-13,Cancelled,499.0
2631,1967,1,2020-07-07,,Active,199.0
2632,1968,2,2019-01-01,,Active,499.0
2633,1969,2,2020-12-26,2021-09-22,Cancelled,499.0
2634,1969,1,2021-09-30,,Active,199.0
2635,1970,3,2025-02-15,,Active,649.0
2636,1971,3,2026-04-14,,Active,649.0
2637,1972,3,2022-07-25,2023-08-19,Cancelled,649.0
2638,1972,3,2023-10-02,2025-05-24,Cancelled,649.0
2639,1973,2,2019-03-16,,Active,499.0
2640,1974,2,2019-07-15,2021-04-05,Cancelled,499.0
2641,1975,1,2025-02-09,2025-10-07,Cancelled,199.0
2642,1975,1,2025-11-18,2025-12-18,Cancelled,199.0
2643,1976,3,2021-07-29,2021-10-27,Cancelled,649.0
2644,1977,1,2025-08-10,,Active,199.0
2645,1978,1,2022-10-18,2023-11-12,Cancelled,199.0
2646,1979,1,2025-08-04,,Active,199.0
2647,1980,1,2020-01-06,2020-05-05,Cancelled,199.0
2648,1980,2,2020-05-09,2021-08-02,Cancelled,499.0
2649,1981,3,2025-06-07,2026-05-03,Cancelled,649.0
2650,1982,2,2023-02-04,2023-12-01,Cancelled,499.0
2651,1983,3,2022-04-12,,Active,649.0
2652,1984,1,2022-12-18,2024-01-12,Cancelled,199.0
2653,1985,2,2021-06-14,2022-03-11,Cancelled,499.0
2654,1985,2,2022-05-07,2023-10-29,Cancelled,499.0
2655,1985,1,2023-11-28,2024-08-24,Cancelled,199.0
2656,1986,3,2023-07-09,,Active,649.0
2657,1987,3,2024-10-09,2026-07-01,Cancelled,649.0
2658,1987,3,2026-08-14,,Active,649.0
2659,1988,2,2025-01-27,2025-09-24,Cancelled,499.0
2660,1989,2,2026-05-02,,Active,499.0
2661,1990,2,2022-02-04,2023-03-01,Cancelled,499.0
2662,1991,2,2024-10-06,,Active,499.0
2663,1992,3,2025-08-29,,Active,649.0
2664,1993,3,2019-02-18,2020-10-10,Cancelled,649.0
2665,1993,2,2020-10-16,2021-11-10,Cancelled,499.0
2666,1993,1,2021-12-09,2022-05-08,Cancelled,199.0
2667,1994,1,2022-07-23,2022-10-21,Cancelled,199.0
2668,1994,3,2022-11-05,2023-11-30,Cancelled,649.0
2669,1995,2,2024-04-02,2026-01-22,Cancelled,499.0
2670,1996,1,2022-06-05,2023-01-31,Cancelled,199.0
2671,1997,3,2019-10-01,2021-01-23,Cancelled,649.0
2672,1998,1,2023-12-01,,Active,199.0
2673,1999,1,2022-01-16,2023-03-12,Cancelled,199.0
2674,2000,2,2023-08-18,2025-01-09,Cancelled,499.0
2675,2001,1,2019-01-04,2020-11-24,Cancelled,199.0
2676,2002,2,2019-02-01,,Active,499.0
2677,2003,1,2023-07-09,,Active,199.0
2678,2004,3,2026-05-13,,Active,649.0
2679,2005,3,2023-10-17,2024-09-11,Cancelled,649.0
2680,2006,2,2026-01-25,,Active,499.0
2681,2007,2,2025-05-08,,Active,499.0
2682,2008,2,2021-02-09,2021-12-06,Cancelled,499.0
2683,2008,2,2021-12-21,2022-08-18,Cancelled,499.0
2684,2009,2,2019-10-08,2021-04-30,Cancelled,499.0
2685,2009,1,2021-06-24,2021-10-22,Cancelled,199.0
2686,2010,2,2023-03-10,2024-09-30,Cancelled,499.0
2687,2010,2,2024-11-11,2026-02-04,Cancelled,499.0
2688,2010,2,2026-02-24,,Active,499.0
2689,2011,2,2023-08-26,2024-03-23,Cancelled,499.0
2690,2011,3,2024-03-29,,Active,649.0
2691,2012,2,2024-10-10,2025-01-08,Cancelled,499.0
2692,2012,1,2025-02-21,2025-03-23,Cancelled,199.0
2693,2012,3,2025-04-14,,Active,649.0
2694,2013,2,2022-11-27,2023-12-22,Cancelled,499.0
2695,2014,3,2025-11-25,,Active,649.0
2696,2015,2,2025-04-29,2026-03-25,Cancelled,499.0
2697,2016,1,2023-05-24,2025-03-14,Cancelled,199.0
2698,2016,2,2025-04-12,,Active,499.0
2699,2017,3,2023-02-18,2024-09-10,Cancelled,649.0
2700,2018,1,2019-02-21,2019-05-22,Cancelled,199.0
2701,2019,1,2024-11-08,2024-12-08,Cancelled,199.0
2702,2019,2,2025-01-28,2025-06-27,Cancelled,499.0
2703,2020,1,2024-02-07,2024-03-08,Cancelled,199.0
2704,2020,2,2024-04-07,,Active,499.0
2705,2021,1,2025-09-19,,Active,199.0
2706,2022,1,2019-09-12,2020-04-09,Cancelled,199.0
2707,2023,1,2020-02-04,2020-05-04,Cancelled,199.0
2708,2024,3,2024-01-12,2025-02-05,Cancelled,649.0
2709,2025,3,2022-09-01,,Active,649.0
2710,2026,2,2023-05-28,2023-10-25,Cancelled,499.0
2711,2026,1,2023-12-21,,Active,199.0
2712,2027,1,2022-04-04,2022-07-03,Cancelled,199.0
2713,2027,3,2022-07-11,2022-11-08,Cancelled,649.0
2714,2028,3,2023-10-21,2023-12-20,Cancelled,649.0
2715,2029,2,2023-12-08,,Active,499.0
2716,2030,1,2020-06-02,2021-05-28,Cancelled,199.0
2717,2031,2,2024-09-12,2025-04-10,Cancelled,499.0
2718,2031,1,2025-05-27,,Active,199.0
2719,2032,2,2022-09-13,2023-02-10,Cancelled,499.0
2720,2033,3,2023-04-25,,Active,649.0
2721,2034,3,2023-08-19,2025-03-11,Cancelled,649.0
2722,2034,1,2025-03-24,,Active,199.0
2723,2035,3,2024-07-31,2025-11-23,Cancelled,649.0
2724,2036,1,2021-04-02,2023-02-21,Cancelled,199.0
2725,2037,2,2019-01-19,2019-05-19,Cancelled,499.0
2726,2038,1,2020-05-12,2021-11-03,Cancelled,199.0
2727,2039,2,2026-03-29,,Active,499.0
2728,2040,2,2020-09-01,2021-12-25,Cancelled,499.0
2729,2040,3,2022-01-07,2023-07-01,Cancelled,649.0
2730,2041,2,2020-11-13,,Active,499.0
2731,2042,1,2025-06-07,,Active,199.0
2732,2043,3,2020-10-07,2022-01-30,Cancelled,649.0
2733,2044,3,2022-06-25,,Active,649.0
2734,2045,3,2021-10-11,2022-11-05,Cancelled,649.0
2735,2045,1,2022-12-06,2024-03-30,Cancelled,199.0
2736,2045,1,2024-04-12,2025-09-04,Cancelled,199.0
2737,2046,1,2023-12-16,2024-09-11,Cancelled,199.0
2738,2047,1,2023-06-16,2024-02-11,Cancelled,199.0
2739,2047,2,2024-03-30,2025-09-21,Cancelled,499.0
2740,2048,3,2022-11-10,2023-05-09,Cancelled,649.0
2741,2049,1,2022-10-05,2024-07-26,Cancelled,199.0
2742,2049,3,2024-07-30,2024-09-28,Cancelled,649.0
2743,2050,1,2025-04-02,2025-11-28,Cancelled,199.0
2744,2051,3,2023-05-12,2025-01-31,Cancelled,649.0
2745,2051,1,2025-02-10,2025-08-09,Cancelled,199.0
2746,2052,2,2022-10-24,2023-11-18,Cancelled,499.0
2747,2052,2,2023-12-23,2025-05-16,Cancelled,499.0
2748,2053,3,2025-08-26,2026-06-22,Cancelled,649.0
2749,2054,2,2019-09-13,2020-02-10,Cancelled,499.0
2750,2054,3,2020-03-10,,Active,649.0
2751,2055,3,2025-04-01,,Active,649.0
2752,2056,2,2020-06-26,2021-02-21,Cancelled,499.0
2753,2057,2,2021-06-27,2023-04-18,Cancelled,499.0
2754,2057,3,2023-06-14,2024-04-09,Cancelled,649.0
2755,2058,3,2019-02-06,2020-06-30,Cancelled,649.0
2756,2059,2,2023-04-14,2024-04-08,Cancelled,499.0
2757,2060,1,2025-03-26,2026-05-20,Cancelled,199.0
2758,2060,3,2026-05-27,,Active,649.0
2759,2061,3,2021-11-11,2022-12-06,Cancelled,649.0
2760,2062,3,2023-12-22,2024-09-17,Cancelled,649.0
2761,2063,1,2021-12-12,2022-07-10,Cancelled,199.0
2762,2064,2,2024-09-09,,Active,499.0
2763,2065,2,2026-06-27,,Active,499.0
2764,2066,3,2024-05-11,,Active,649.0
2765,2067,2,2021-07-20,,Active,499.0
2766,2068,2,2025-03-07,2025-11-02,Cancelled,499.0
2767,2068,2,2025-11-08,2026-04-07,Cancelled,499.0
2768,2069,1,2019-04-14,2020-01-09,Cancelled,199.0
2769,2070,2,2026-05-26,,Active,499.0
2770,2071,3,2025-04-17,2026-02-11,Cancelled,649.0
2771,2072,3,2023-11-25,2025-02-17,Cancelled,649.0
2772,2072,2,2025-04-01,,Active,499.0
2773,2073,3,2023-08-27,2023-12-25,Cancelled,649.0
2774,2073,2,2024-02-11,,Active,499.0
2775,2074,1,2020-11-21,,Active,199.0
2776,2075,2,2022-03-27,,Active,499.0
2777,2076,1,2019-10-05,2021-06-26,Cancelled,199.0
2778,2077,2,2021-07-16,,Active,499.0
2779,2078,2,2023-06-03,2024-04-28,Cancelled,499.0
2780,2078,2,2024-05-08,,Active,499.0
2781,2079,2,2021-09-18,,Active,499.0
2782,2080,3,2024-10-11,2025-11-05,Cancelled,649.0
2783,2081,1,2025-05-24,2025-06-23,Cancelled,199.0
2784,2082,2,2023-03-18,2023-09-14,Cancelled,499.0
2785,2082,2,2023-11-03,,Active,499.0
2786,2083,3,2021-07-22,,Active,649.0
2787,2084,1,2021-04-11,2021-11-07,Cancelled,199.0
2788,2084,2,2021-12-08,2022-08-05,Cancelled,499.0
2789,2085,2,2023-02-05,2023-09-03,Cancelled,499.0
2790,2086,2,2024-05-24,,Active,499.0
2791,2087,2,2019-12-13,2021-06-05,Cancelled,499.0
2792,2088,3,2022-05-11,2022-11-07,Cancelled,649.0
2793,2088,1,2022-11-28,2024-09-18,Cancelled,199.0
2794,2088,2,2024-10-25,2025-03-24,Cancelled,499.0
2795,2089,1,2022-04-21,,Active,199.0
2796,2090,3,2021-02-23,2022-08-17,Cancelled,649.0
2797,2091,1,2020-10-12,2021-11-06,Cancelled,199.0
2798,2091,2,2021-12-18,,Active,499.0
2799,2092,1,2025-04-21,,Active,199.0
2800,2093,3,2022-03-30,2022-07-28,Cancelled,649.0
2801,2094,2,2023-04-28,2023-05-28,Cancelled,499.0
2802,2095,1,2019-04-15,2021-01-04,Cancelled,199.0
2803,2096,3,2021-02-15,,Active,649.0
2804,2097,2,2020-09-04,2020-12-03,Cancelled,499.0
2805,2097,2,2020-12-29,2022-02-22,Cancelled,499.0
2806,2098,3,2021-06-18,,Active,649.0
2807,2099,1,2025-04-23,,Active,199.0
2808,2100,2,2023-04-15,2023-07-14,Cancelled,499.0
2809,2100,2,2023-08-30,2025-06-20,Cancelled,499.0
2810,2100,1,2025-08-03,,Active,199.0
2811,2101,3,2025-10-06,,Active,649.0
2812,2102,2,2022-03-03,2023-12-23,Cancelled,499.0
2813,2103,3,2024-10-09,2026-01-02,Cancelled,649.0
2814,2104,1,2020-03-15,2022-02-03,Cancelled,199.0
2815,2104,2,2022-02-09,2022-05-10,Cancelled,499.0
2816,2105,1,2025-02-10,,Active,199.0
2817,2106,3,2023-07-30,,Active,649.0
2818,2107,2,2019-04-17,2020-08-09,Cancelled,499.0
2819,2107,3,2020-08-13,2021-08-08,Cancelled,649.0
2820,2108,1,2024-03-01,2024-08-28,Cancelled,199.0
2821,2109,2,2022-08-05,2023-07-01,Cancelled,499.0
2822,2109,1,2023-08-19,2024-12-11,Cancelled,199.0
2823,2109,3,2024-12-28,2026-02-21,Cancelled,649.0
2824,2110,2,2019-01-01,2019-03-02,Cancelled,499.0
2825,2111,1,2025-05-07,2025-07-06,Cancelled,199.0
2826,2112,3,2023-01-09,2024-05-03,Cancelled,649.0
2827,2112,1,2024-05-22,2024-10-19,Cancelled,199.0
2828,2113,1,2023-07-19,2024-11-10,Cancelled,199.0
2829,2114,3,2023-04-30,2023-12-26,Cancelled,649.0
2830,2115,2,2019-09-06,2020-04-03,Cancelled,499.0
2831,2116,2,2021-06-28,2022-09-21,Cancelled,499.0
2832,2117,2,2024-04-05,2026-01-25,Cancelled,499.0
2833,2118,2,2021-07-16,2022-12-08,Cancelled,499.0
2834,2119,1,2025-08-29,2026-01-26,Cancelled,199.0
2835,2120,1,2021-05-19,2022-10-11,Cancelled,199.0
2836,2120,1,2022-10-22,,Active,199.0
2837,2121,1,2022-06-12,2024-04-02,Cancelled,199.0
2838,2122,1,2022-05-04,2023-04-29,Cancelled,199.0
2839,2123,2,2019-02-21,,Active,499.0
2840,2124,3,2025-02-01,2025-04-02,Cancelled,649.0
2841,2125,1,2020-01-07,,Active,199.0
2842,2126,1,2022-07-08,2024-04-28,Cancelled,199.0
2843,2127,3,2025-10-21,,Active,649.0
2844,2128,2,2026-06-13,,Active,499.0
2845,2129,2,2020-09-22,2021-02-19,Cancelled,499.0
2846,2129,2,2021-03-15,2021-09-11,Cancelled,499.0
2847,2130,3,2021-10-26,2023-06-18,Cancelled,649.0
2848,2131,2,2023-03-30,,Active,499.0
2849,2132,2,2024-03-29,2025-05-23,Cancelled,499.0
2850,2133,3,2020-11-15,2021-01-14,Cancelled,649.0
2851,2133,3,2021-03-12,,Active,649.0
2852,2134,2,2023-02-12,2024-09-04,Cancelled,499.0
2853,2135,3,2025-04-03,,Active,649.0
2854,2136,2,2024-09-18,2024-10-18,Cancelled,499.0
2855,2136,2,2024-12-04,,Active,499.0
2856,2137,3,2025-02-28,2026-01-24,Cancelled,649.0
2857,2137,3,2026-02-10,,Active,649.0
2858,2138,3,2025-08-29,,Active,649.0
2859,2139,1,2025-06-16,,Active,199.0
2860,2140,1,2022-11-01,2023-12-26,Cancelled,199.0
2861,2140,3,2024-02-16,2025-10-08,Cancelled,649.0
2862,2141,2,2026-04-21,,Active,499.0
2863,2142,2,2022-09-15,2024-03-08,Cancelled,499.0
2864,2142,3,2024-03-24,,Active,649.0
2865,2143,3,2024-04-26,,Active,649.0
2866,2144,1,2026-01-25,,Active,199.0
2867,2145,3,2019-04-29,2019-08-27,Cancelled,649.0
2868,2146,3,2025-12-31,,Active,649.0
2869,2147,3,2025-02-28,2026-01-24,Cancelled,649.0
2870,2148,2,2026-06-22,,Active,499.0
2871,2149,2,2024-10-16,2025-05-14,Cancelled,499.0
2872,2150,1,2020-03-04,2020-12-29,Cancelled,199.0
2873,2151,2,2021-04-06,2021-07-05,Cancelled,499.0
2874,2152,2,2019-01-10,2020-09-01,Cancelled,499.0
2875,2152,3,2020-10-13,2021-04-11,Cancelled,649.0
2876,2153,2,2023-07-23,2024-06-17,Cancelled,499.0
2877,2154,2,2022-04-12,,Active,499.0
2878,2155,3,2022-07-23,2023-09-16,Cancelled,649.0
2879,2156,1,2024-06-30,2025-12-22,Cancelled,199.0
2880,2157,1,2025-02-23,,Active,199.0
2881,2158,3,2019-07-19,2020-02-14,Cancelled,649.0
2882,2159,3,2025-11-15,,Active,649.0
2883,2160,1,2021-10-19,2023-05-12,Cancelled,199.0
2884,2161,2,2024-08-21,2025-02-17,Cancelled,499.0
2885,2162,1,2023-05-12,,Active,199.0
2886,2163,1,2022-04-30,,Active,199.0
2887,2164,2,2020-08-04,2021-05-31,Cancelled,499.0
2888,2164,2,2021-07-19,2023-06-09,Cancelled,499.0
2889,2164,3,2023-08-06,2024-03-03,Cancelled,649.0
2890,2165,2,2020-06-03,2021-04-29,Cancelled,499.0
2891,2165,2,2021-06-04,,Active,499.0
2892,2166,1,2024-06-24,2025-02-19,Cancelled,199.0
2893,2166,1,2025-03-08,,Active,199.0
2894,2167,2,2021-05-29,2022-07-23,Cancelled,499.0
2895,2168,2,2020-09-20,2021-09-15,Cancelled,499.0
2896,2169,3,2019-01-16,,Active,649.0
2897,2170,3,2025-04-20,2025-05-20,Cancelled,649.0
2898,2170,2,2025-06-03,,Active,499.0
2899,2171,2,2021-12-19,2023-01-13,Cancelled,499.0
2900,2171,2,2023-01-30,2023-05-30,Cancelled,499.0
2901,2172,1,2021-08-11,2023-03-04,Cancelled,199.0
2902,2172,2,2023-03-14,,Active,499.0
2903,2173,3,2021-10-14,2022-05-12,Cancelled,649.0
2904,2173,2,2022-06-11,2022-10-09,Cancelled,499.0
2905,2174,2,2023-06-28,2025-05-18,Cancelled,499.0
2906,2175,1,2022-08-12,2024-01-04,Cancelled,199.0
2907,2175,2,2024-02-15,2024-05-15,Cancelled,499.0
2908,2176,2,2023-01-29,2024-12-19,Cancelled,499.0
2909,2176,1,2025-01-01,,Active,199.0
2910,2177,1,2021-01-30,2021-05-30,Cancelled,199.0
2911,2178,3,2021-03-22,2022-05-16,Cancelled,649.0
2912,2178,2,2022-05-23,2024-02-12,Cancelled,499.0
2913,2179,3,2025-06-20,,Active,649.0
2914,2180,2,2022-04-17,2022-06-16,Cancelled,499.0
2915,2180,1,2022-08-12,2024-03-04,Cancelled,199.0
2916,2180,1,2024-03-15,2025-05-09,Cancelled,199.0
2917,2181,1,2026-04-17,,Active,199.0
2918,2182,3,2025-05-05,2026-06-29,Cancelled,649.0
2919,2182,3,2026-08-21,,Active,649.0
2920,2183,2,2024-05-02,2024-11-28,Cancelled,499.0
2921,2183,3,2024-11-30,,Active,649.0
2922,2184,2,2023-02-10,2024-09-02,Cancelled,499.0
2923,2184,1,2024-09-05,2024-10-05,Cancelled,199.0
2924,2184,2,2024-11-22,,Active,499.0
2925,2185,3,2025-04-11,2026-06-05,Cancelled,649.0
2926,2186,2,2019-06-02,2019-07-02,Cancelled,499.0
2927,2187,2,2022-09-28,2024-08-18,Cancelled,499.0
2928,2188,2,2024-05-06,,Active,499.0
2929,2189,3,2019-10-24,2020-03-22,Cancelled,649.0
2930,2190,1,2020-05-14,2020-11-10,Cancelled,199.0
2931,2190,3,2020-12-19,,Active,649.0
2932,2191,2,2019-06-28,2020-05-23,Cancelled,499.0
2933,2192,2,2022-08-23,2022-09-22,Cancelled,499.0
2934,2193,2,2023-01-22,2023-10-19,Cancelled,499.0
2935,2194,2,2022-07-06,2023-12-28,Cancelled,499.0
2936,2194,2,2024-02-12,2025-04-07,Cancelled,499.0
2937,2195,2,2019-05-31,2020-10-22,Cancelled,499.0
2938,2195,2,2020-11-14,,Active,499.0
2939,2196,2,2022-08-25,2023-12-18,Cancelled,499.0
2940,2196,1,2024-01-21,2025-09-12,Cancelled,199.0
2941,2196,1,2025-10-15,,Active,199.0
2942,2197,1,2025-08-28,,Active,199.0
2943,2198,3,2019-03-26,2021-02-13,Cancelled,649.0
2944,2199,3,2024-10-25,2025-03-24,Cancelled,649.0
2945,2200,3,2021-01-15,2022-11-06,Cancelled,649.0
2946,2200,1,2022-11-08,2023-12-03,Cancelled,199.0
2947,2201,3,2019-07-24,2020-09-16,Cancelled,649.0
2948,2202,2,2019-05-19,2019-12-15,Cancelled,499.0
2949,2202,1,2019-12-26,2021-11-15,Cancelled,199.0
2950,2203,2,2019-02-04,,Active,499.0
2951,2204,1,2022-02-10,,Active,199.0
2952,2205,2,2022-09-25,2022-10-25,Cancelled,499.0
2953,2206,1,2023-08-29,2023-11-27,Cancelled,199.0
2954,2207,1,2019-08-11,2020-06-06,Cancelled,199.0
2955,2207,1,2020-06-14,2021-04-10,Cancelled,199.0
2956,2208,2,2023-11-26,2023-12-26,Cancelled,499.0
2957,2209,2,2024-07-18,2025-05-14,Cancelled,499.0
2958,2210,3,2019-06-26,2020-06-20,Cancelled,649.0
2959,2211,1,2024-01-23,2024-03-23,Cancelled,199.0
2960,2211,2,2024-05-08,2026-01-28,Cancelled,499.0
2961,2212,1,2019-11-22,,Active,199.0
2962,2213,2,2022-04-17,,Active,499.0
2963,2214,2,2023-12-17,2025-10-07,Cancelled,499.0
2964,2215,2,2025-07-12,,Active,499.0
2965,2216,1,2022-12-25,2023-05-24,Cancelled,199.0
2966,2216,2,2023-06-26,2025-03-17,Cancelled,499.0
2967,2217,3,2022-04-07,,Active,649.0
2968,2218,2,2025-03-31,2025-11-26,Cancelled,499.0
2969,2218,3,2026-01-02,,Active,649.0
2970,2219,3,2020-08-14,2020-11-12,Cancelled,649.0
2971,2220,1,2020-07-15,2022-01-06,Cancelled,199.0
2972,2221,3,2022-06-30,,Active,649.0
2973,2222,2,2019-11-26,,Active,499.0
2974,2223,2,2019-03-02,,Active,499.0
2975,2224,3,2021-09-18,2023-06-10,Cancelled,649.0
2976,2225,2,2020-02-22,2020-08-20,Cancelled,499.0
2977,2226,3,2023-10-11,,Active,649.0
2978,2227,2,2023-02-11,2023-12-08,Cancelled,499.0
2979,2227,2,2024-02-02,2025-10-24,Cancelled,499.0
2980,2227,2,2025-11-21,,Active,499.0
2981,2228,1,2022-08-23,2023-07-19,Cancelled,199.0
2982,2228,1,2023-09-03,,Active,199.0
2983,2229,2,2022-09-20,2023-10-15,Cancelled,499.0
2984,2229,1,2023-11-22,2024-10-17,Cancelled,199.0
2985,2230,3,2019-09-27,2019-10-27,Cancelled,649.0
2986,2230,2,2019-11-12,2021-09-02,Cancelled,499.0
2987,2231,2,2022-01-07,2023-01-02,Cancelled,499.0
2988,2232,3,2019-07-15,,Active,649.0
2989,2233,2,2021-08-29,2022-06-25,Cancelled,499.0
2990,2234,1,2024-01-30,2025-02-23,Cancelled,199.0
2991,2234,2,2025-04-22,,Active,499.0
2992,2235,1,2026-05-24,,Active,199.0
2993,2236,2,2021-03-24,2022-09-15,Cancelled,499.0
2994,2236,2,2022-11-05,2024-07-27,Cancelled,499.0
2995,2237,3,2020-12-24,2021-08-21,Cancelled,649.0
2996,2237,2,2021-10-01,2023-06-23,Cancelled,499.0
2997,2238,1,2024-01-08,2025-05-02,Cancelled,199.0
2998,2239,1,2025-11-18,2026-05-17,Cancelled,199.0
2999,2240,3,2021-03-18,2021-09-14,Cancelled,649.0
3000,2241,1,2025-04-13,,Active,199.0
3001,2242,2,2021-05-11,2021-08-09,Cancelled,499.0
3002,2242,2,2021-09-26,2023-03-20,Cancelled,499.0
3003,2242,3,2023-04-19,2024-09-10,Cancelled,649.0
3004,2243,2,2023-10-17,2024-04-14,Cancelled,499.0
3005,2244,1,2020-07-28,2021-11-20,Cancelled,199.0
3006,2244,3,2022-01-11,2023-03-07,Cancelled,649.0
3007,2244,2,2023-04-20,,Active,499.0
3008,2245,2,2020-12-18,2022-08-10,Cancelled,499.0
3009,2245,1,2022-09-14,2023-03-13,Cancelled,199.0
3010,2246,2,2026-05-17,,Active,499.0
3011,2247,1,2021-12-01,2022-04-30,Cancelled,199.0
3012,2248,3,2019-02-14,2020-08-07,Cancelled,649.0
3013,2248,3,2020-09-30,2021-03-29,Cancelled,649.0
3014,2249,3,2024-10-15,2025-03-14,Cancelled,649.0
3015,2249,1,2025-04-06,,Active,199.0
3016,2250,1,2019-12-15,2020-05-13,Cancelled,199.0
3017,2251,3,2019-10-31,,Active,649.0
3018,2252,1,2025-04-08,2026-03-04,Cancelled,199.0
3019,2253,2,2021-08-12,2022-09-06,Cancelled,499.0
3020,2254,3,2020-01-14,2021-05-08,Cancelled,649.0
3021,2255,2,2026-04-25,,Active,499.0
3022,2256,1,2021-02-07,2021-05-08,Cancelled,199.0
3023,2256,2,2021-06-30,,Active,499.0
3024,2257,2,2023-09-29,2024-07-25,Cancelled,499.0
3025,2257,2,2024-08-30,2025-10-24,Cancelled,499.0
3026,2258,1,2020-12-20,2021-02-18,Cancelled,199.0
3027,2258,2,2021-03-29,,Active,499.0
3028,2259,2,2023-05-11,2024-02-05,Cancelled,499.0
3029,2260,2,2024-03-23,2025-11-13,Cancelled,499.0
3030,2261,2,2024-09-05,2026-03-29,Cancelled,499.0
3031,2262,2,2022-01-30,2022-10-27,Cancelled,499.0
3032,2263,2,2023-08-14,2025-07-04,Cancelled,499.0
3033,2264,3,2025-04-20,2025-10-17,Cancelled,649.0
3034,2264,1,2025-10-27,,Active,199.0
3035,2265,2,2025-04-19,,Active,499.0
3036,2266,1,2024-08-08,2026-03-31,Cancelled,199.0
3037,2266,1,2026-04-24,,Active,199.0
3038,2267,2,2021-12-30,2023-03-25,Cancelled,499.0
3039,2268,3,2022-12-25,,Active,649.0
3040,2269,1,2026-04-03,,Active,199.0
3041,2270,2,2020-11-12,2021-08-09,Cancelled,499.0
3042,2271,2,2024-03-11,2025-01-05,Cancelled,499.0
3043,2272,3,2024-12-09,,Active,649.0
3044,2273,3,2022-08-09,2024-01-01,Cancelled,649.0
3045,2273,2,2024-02-25,2025-03-21,Cancelled,499.0
3046,2273,1,2025-04-13,2026-05-08,Cancelled,199.0
3047,2274,3,2025-06-29,,Active,649.0
3048,2275,3,2022-03-18,,Active,649.0
3049,2276,3,2025-04-08,2025-07-07,Cancelled,649.0
3050,2277,2,2023-10-31,,Active,499.0
3051,2278,2,2019-05-22,,Active,499.0
3052,2279,3,2025-03-04,,Active,649.0
3053,2280,1,2024-03-26,,Active,199.0
3054,2281,3,2020-08-31,,Active,649.0
3055,2282,2,2024-04-11,2026-03-02,Cancelled,499.0
3056,2283,1,2022-11-01,2024-07-23,Cancelled,199.0
3057,2283,3,2024-09-03,2025-11-27,Cancelled,649.0
3058,2284,3,2026-01-26,2026-03-27,Cancelled,649.0
3059,2285,2,2021-04-14,2021-07-13,Cancelled,499.0
3060,2285,2,2021-07-30,2022-04-26,Cancelled,499.0
3061,2286,2,2020-12-22,2021-07-20,Cancelled,499.0
3062,2287,2,2019-06-09,,Active,499.0
3063,2288,3,2024-11-23,2025-08-20,Cancelled,649.0
3064,2289,1,2026-05-21,,Active,199.0
3065,2290,2,2024-03-01,2025-08-23,Cancelled,499.0
3066,2290,2,2025-08-30,2025-12-28,Cancelled,499.0
3067,2290,3,2026-01-02,,Active,649.0
3068,2291,1,2021-10-08,2022-07-05,Cancelled,199.0
3069,2292,3,2025-08-02,,Active,649.0
3070,2293,1,2020-11-24,2021-04-23,Cancelled,199.0
3071,2294,2,2024-03-13,2025-04-07,Cancelled,499.0
3072,2295,3,2023-06-23,,Active,649.0
3073,2296,2,2025-05-23,2026-05-18,Cancelled,499.0
3074,2296,2,2026-05-27,,Active,499.0
3075,2297,2,2026-04-14,,Active,499.0
3076,2298,3,2021-09-11,2022-06-08,Cancelled,649.0
3077,2298,1,2022-07-10,,Active,199.0
3078,2299,1,2019-09-18,2021-03-11,Cancelled,199.0
3079,2300,3,2020-03-07,2020-12-02,Cancelled,649.0
3080,2301,1,2024-07-17,2026-03-09,Cancelled,199.0
3081,2301,1,2026-03-10,,Active,199.0
3082,2302,1,2021-09-21,,Active,199.0
3083,2303,2,2020-01-19,,Active,499.0
3084,2304,1,2025-02-09,,Active,199.0
3085,2305,3,2023-11-12,,Active,649.0
3086,2306,3,2019-12-27,2021-02-19,Cancelled,649.0
3087,2307,1,2024-05-06,2024-07-05,Cancelled,199.0
3088,2307,1,2024-08-20,2025-10-14,Cancelled,199.0
3089,2308,2,2023-10-13,2024-10-07,Cancelled,499.0
3090,2309,1,2026-05-20,,Active,199.0
3091,2310,1,2026-05-27,,Active,199.0
3092,2311,2,2026-04-24,,Active,499.0
3093,2312,1,2025-09-16,2026-05-14,Cancelled,199.0
3094,2313,2,2024-12-11,,Active,499.0
3095,2314,1,2024-01-12,,Active,199.0
3096,2315,1,2023-01-31,2024-05-25,Cancelled,199.0
3097,2315,1,2024-05-30,2025-11-21,Cancelled,199.0
3098,2316,2,2024-12-10,2025-10-06,Cancelled,499.0
3099,2316,2,2025-11-20,2026-03-20,Cancelled,499.0
3100,2316,2,2026-05-11,,Active,499.0
3101,2317,3,2026-03-29,,Active,649.0
3102,2318,3,2019-11-15,,Active,649.0
3103,2319,1,2020-01-09,,Active,199.0
3104,2320,1,2022-09-27,2024-01-20,Cancelled,199.0
3105,2321,1,2021-03-14,2022-03-09,Cancelled,199.0
3106,2322,1,2022-12-27,2023-11-22,Cancelled,199.0
3107,2323,3,2021-05-02,2022-01-27,Cancelled,649.0
3108,2323,1,2022-03-21,2023-06-14,Cancelled,199.0
3109,2323,2,2023-06-25,2024-11-16,Cancelled,499.0
3110,2324,1,2024-11-13,,Active,199.0
3111,2325,1,2025-09-25,,Active,199.0
3112,2326,2,2021-02-12,,Active,499.0
3113,2327,2,2024-10-15,2025-11-09,Cancelled,499.0
3114,2327,3,2025-12-27,,Active,649.0
3115,2328,1,2019-10-19,2021-02-10,Cancelled,199.0
3116,2329,2,2024-12-21,2026-02-14,Cancelled,499.0
3117,2330,2,2024-03-26,2024-07-24,Cancelled,499.0
3118,2331,1,2024-04-29,2024-12-25,Cancelled,199.0
3119,2332,1,2022-09-10,2022-12-09,Cancelled,199.0
3120,2333,1,2019-10-20,2020-01-18,Cancelled,199.0
3121,2333,2,2020-01-28,2021-08-20,Cancelled,499.0
3122,2334,1,2025-04-25,,Active,199.0
3123,2335,2,2019-10-28,2020-08-23,Cancelled,499.0
3124,2336,1,2022-08-11,2023-02-07,Cancelled,199.0
3125,2336,3,2023-02-13,2024-04-08,Cancelled,649.0
3126,2337,2,2020-04-22,2021-06-16,Cancelled,499.0
3127,2338,2,2025-05-06,2026-03-02,Cancelled,499.0
3128,2338,1,2026-04-18,,Active,199.0
3129,2339,2,2023-04-22,2023-11-18,Cancelled,499.0
3130,2339,2,2024-01-08,2025-02-01,Cancelled,499.0
3131,2340,1,2022-10-22,2024-03-15,Cancelled,199.0
3132,2340,1,2024-03-29,2024-05-28,Cancelled,199.0
3133,2340,2,2024-07-16,,Active,499.0
3134,2341,1,2021-05-18,2022-09-10,Cancelled,199.0
3135,2341,3,2022-09-12,2024-03-05,Cancelled,649.0
3136,2342,2,2024-11-13,2026-01-07,Cancelled,499.0
3137,2343,2,2020-07-29,2020-09-27,Cancelled,499.0
3138,2344,1,2024-05-27,2024-11-23,Cancelled,199.0
3139,2344,3,2024-11-27,,Active,649.0
3140,2345,2,2026-04-07,,Active,499.0
3141,2346,2,2020-12-29,2022-03-24,Cancelled,499.0
3142,2346,2,2022-05-21,2022-09-18,Cancelled,499.0
3143,2346,2,2022-09-25,2024-01-18,Cancelled,499.0
3144,2347,3,2024-02-22,2024-11-18,Cancelled,649.0
3145,2347,2,2024-12-22,2025-04-21,Cancelled,499.0
3146,2348,3,2021-04-27,2021-12-23,Cancelled,649.0
3147,2348,1,2021-12-30,,Active,199.0
3148,2349,2,2025-12-20,,Active,499.0
3149,2350,2,2025-09-27,,Active,499.0
3150,2351,3,2021-05-09,2022-05-04,Cancelled,649.0
3151,2351,1,2022-06-14,,Active,199.0
3152,2352,2,2020-09-24,2021-02-21,Cancelled,499.0
3153,2353,2,2019-08-15,2020-08-09,Cancelled,499.0
3154,2354,3,2024-03-24,2024-05-23,Cancelled,649.0
3155,2355,2,2025-11-22,,Active,499.0
3156,2356,2,2020-02-02,2021-09-24,Cancelled,499.0
3157,2356,3,2021-10-05,2022-08-01,Cancelled,649.0
3158,2357,1,2025-02-12,2025-11-09,Cancelled,199.0
3159,2357,1,2025-12-17,,Active,199.0
3160,2358,3,2024-08-29,,Active,649.0
3161,2359,1,2022-07-16,2023-04-12,Cancelled,199.0
3162,2359,2,2023-04-26,2024-11-16,Cancelled,499.0
3163,2360,1,2020-09-03,,Active,199.0
3164,2361,2,2023-11-23,2025-03-17,Cancelled,499.0
3165,2362,1,2023-06-15,2024-04-10,Cancelled,199.0
3166,2363,2,2025-01-31,2026-06-25,Cancelled,499.0
3167,2363,1,2026-08-10,,Active,199.0
3168,2364,1,2023-03-25,,Active,199.0
3169,2365,3,2019-05-14,2019-11-10,Cancelled,649.0
3170,2365,2,2019-12-25,2021-04-18,Cancelled,499.0
3171,2365,3,2021-05-09,,Active,649.0
3172,2366,2,2020-07-11,,Active,499.0
3173,2367,2,2021-11-08,2023-06-01,Cancelled,499.0
3174,2368,1,2022-09-07,2023-06-04,Cancelled,199.0
3175,2369,2,2021-08-16,2022-07-12,Cancelled,499.0
3176,2369,3,2022-08-21,2023-07-17,Cancelled,649.0
3177,2370,1,2025-08-04,,Active,199.0
3178,2371,1,2021-02-08,2022-09-01,Cancelled,199.0
3179,2371,2,2022-09-22,2023-09-17,Cancelled,499.0
3180,2371,3,2023-10-31,2024-11-24,Cancelled,649.0
3181,2372,2,2024-02-07,2024-09-04,Cancelled,499.0
3182,2372,1,2024-10-24,2025-02-21,Cancelled,199.0
3183,2372,2,2025-04-19,2026-06-13,Cancelled,499.0
3184,2373,1,2021-09-16,2022-11-10,Cancelled,199.0
3185,2374,1,2026-06-10,,Active,199.0
3186,2375,2,2025-11-13,,Active,499.0
3187,2376,3,2024-11-18,,Active,649.0
3188,2377,2,2024-09-25,,Active,499.0
3189,2378,1,2023-10-28,2024-09-22,Cancelled,199.0
3190,2379,2,2023-05-27,,Active,499.0
3191,2380,2,2023-03-23,2024-06-15,Cancelled,499.0
3192,2381,1,2019-03-15,2019-08-12,Cancelled,199.0
3193,2381,1,2019-09-14,2020-07-10,Cancelled,199.0
3194,2381,2,2020-08-04,2022-06-25,Cancelled,499.0
3195,2382,1,2026-01-10,,Active,199.0
3196,2383,2,2026-05-11,,Active,499.0
3197,2384,2,2022-12-13,,Active,499.0
3198,2385,1,2025-07-11,,Active,199.0
3199,2386,2,2022-01-07,,Active,499.0
3200,2387,1,2019-11-04,2021-02-26,Cancelled,199.0
3201,2388,2,2025-04-03,,Active,499.0
3202,2389,1,2022-10-26,2023-06-23,Cancelled,199.0
3203,2390,3,2026-01-18,,Active,649.0
3204,2391,2,2020-08-06,2021-07-02,Cancelled,499.0
3205,2392,3,2022-08-04,2024-06-24,Cancelled,649.0
3206,2392,2,2024-08-19,2025-08-14,Cancelled,499.0
3207,2393,3,2024-01-02,2024-11-27,Cancelled,649.0
3208,2394,2,2020-01-11,,Active,499.0
3209,2395,2,2026-06-21,,Active,499.0
3210,2396,1,2023-07-24,,Active,199.0
3211,2397,2,2020-04-15,,Active,499.0
3212,2398,3,2024-07-21,,Active,649.0
3213,2399,2,2025-08-02,,Active,499.0
3214,2400,1,2021-10-20,2022-06-17,Cancelled,199.0
3215,2401,1,2023-07-29,2024-04-24,Cancelled,199.0
3216,2402,2,2024-08-09,2025-12-02,Cancelled,499.0
3217,2403,2,2020-02-03,2021-11-24,Cancelled,499.0
3218,2404,3,2022-12-25,,Active,649.0
3219,2405,1,2023-03-12,2025-01-30,Cancelled,199.0
3220,2405,2,2025-02-27,,Active,499.0
3221,2406,2,2021-04-05,2022-09-27,Cancelled,499.0
3222,2407,1,2021-03-31,2021-10-27,Cancelled,199.0
3223,2408,2,2023-09-20,2024-04-17,Cancelled,499.0
3224,2409,2,2024-08-20,,Active,499.0
3225,2410,2,2021-11-30,2021-12-30,Cancelled,499.0
3226,2410,2,2022-02-18,,Active,499.0
3227,2411,1,2020-02-06,2020-04-06,Cancelled,199.0
3228,2411,2,2020-05-05,2020-12-31,Cancelled,499.0
3229,2411,3,2021-01-03,,Active,649.0
3230,2412,3,2024-11-24,,Active,649.0
3231,2413,1,2020-04-20,2021-09-12,Cancelled,199.0
3232,2414,3,2019-01-09,,Active,649.0
3233,2415,2,2021-06-01,2022-11-23,Cancelled,499.0
3234,2416,1,2025-02-18,2025-09-16,Cancelled,199.0
3235,2417,2,2024-09-02,2024-12-31,Cancelled,499.0
3236,2418,1,2021-04-19,2022-10-11,Cancelled,199.0
3237,2418,1,2022-11-07,2024-01-31,Cancelled,199.0
3238,2419,1,2022-11-23,2024-09-13,Cancelled,199.0
3239,2420,3,2026-03-12,,Active,649.0
3240,2421,3,2024-05-22,2026-03-13,Cancelled,649.0
3241,2421,3,2026-03-24,,Active,649.0
3242,2422,3,2024-09-09,,Active,649.0
3243,2423,2,2019-08-28,2021-07-18,Cancelled,499.0
3244,2423,1,2021-08-18,2022-12-11,Cancelled,199.0
3245,2424,1,2020-10-21,2022-07-13,Cancelled,199.0
3246,2425,2,2019-10-12,2020-09-06,Cancelled,499.0
3247,2425,2,2020-10-01,2022-04-24,Cancelled,499.0
3248,2426,1,2026-05-03,,Active,199.0
3249,2427,2,2021-07-26,,Active,499.0
3250,2428,2,2022-09-29,2024-07-20,Cancelled,499.0
3251,2428,2,2024-08-26,2025-12-19,Cancelled,499.0
3252,2429,3,2023-02-19,,Active,649.0
3253,2430,2,2022-12-02,2023-05-01,Cancelled,499.0
3254,2431,1,2019-05-23,2020-08-15,Cancelled,199.0
3255,2432,2,2025-10-26,,Active,499.0
3256,2433,1,2021-11-07,2022-12-02,Cancelled,199.0
3257,2434,3,2025-11-19,,Active,649.0
3258,2435,3,2024-09-25,2024-10-25,Cancelled,649.0
3259,2436,2,2024-03-23,2024-12-18,Cancelled,499.0
3260,2436,2,2025-01-12,,Active,499.0
3261,2437,1,2024-04-08,,Active,199.0
3262,2438,3,2026-05-02,,Active,649.0
3263,2439,3,2021-04-10,2021-07-09,Cancelled,649.0
3264,2440,2,2021-06-19,2022-09-12,Cancelled,499.0
3265,2440,3,2022-10-11,2023-08-07,Cancelled,649.0
3266,2441,1,2024-01-11,2024-06-09,Cancelled,199.0
3267,2441,1,2024-06-21,,Active,199.0
3268,2442,2,2020-09-28,2021-08-24,Cancelled,499.0
3269,2442,2,2021-10-04,,Active,499.0
3270,2443,2,2025-01-10,,Active,499.0
3271,2444,3,2019-03-22,2019-08-19,Cancelled,649.0
3272,2444,1,2019-08-26,2021-07-16,Cancelled,199.0
3273,2445,1,2025-09-22,,Active,199.0
3274,2446,1,2021-08-06,2022-09-30,Cancelled,199.0
3275,2447,2,2019-01-13,2019-09-10,Cancelled,499.0
3276,2448,1,2023-07-09,2023-10-07,Cancelled,199.0
3277,2448,1,2023-10-10,2024-04-07,Cancelled,199.0
3278,2448,2,2024-05-08,2025-11-29,Cancelled,499.0
3279,2449,3,2021-01-24,2022-06-18,Cancelled,649.0
3280,2450,1,2021-04-16,2022-04-11,Cancelled,199.0
3281,2450,1,2022-05-19,2023-03-15,Cancelled,199.0
3282,2451,3,2022-08-11,,Active,649.0
3283,2452,2,2023-05-07,2024-05-01,Cancelled,499.0
3284,2452,2,2024-05-03,2024-11-29,Cancelled,499.0
3285,2453,3,2020-01-08,2020-03-08,Cancelled,649.0
3286,2454,2,2019-05-13,2021-01-02,Cancelled,499.0
3287,2454,2,2021-01-09,,Active,499.0
3288,2455,2,2022-06-17,2024-04-07,Cancelled,499.0
3289,2455,2,2024-05-23,2025-02-17,Cancelled,499.0
3290,2456,2,2021-08-27,,Active,499.0
3291,2457,1,2023-05-13,2023-09-10,Cancelled,199.0
3292,2458,1,2024-08-10,2025-02-06,Cancelled,199.0
3293,2459,1,2023-08-10,2024-02-06,Cancelled,199.0
3294,2459,1,2024-02-12,,Active,199.0
3295,2460,2,2019-10-13,2020-08-08,Cancelled,499.0
3296,2461,2,2026-06-20,,Active,499.0
3297,2462,1,2024-05-11,2025-10-03,Cancelled,199.0
3298,2462,2,2025-10-24,,Active,499.0
3299,2463,1,2019-05-15,2019-11-11,Cancelled,199.0
3300,2464,1,2024-09-20,2026-02-12,Cancelled,199.0
3301,2465,3,2025-08-08,,Active,649.0
3302,2466,2,2023-04-07,2023-05-07,Cancelled,499.0
3303,2467,2,2025-03-29,2025-08-26,Cancelled,499.0
3304,2467,3,2025-10-09,,Active,649.0
3305,2468,2,2025-08-23,,Active,499.0
3306,2469,2,2026-03-24,,Active,499.0
3307,2470,1,2026-02-26,,Active,199.0
3308,2471,1,2020-06-14,2022-04-05,Cancelled,199.0
3309,2472,2,2019-04-05,,Active,499.0
3310,2473,3,2023-11-20,2025-05-13,Cancelled,649.0
3311,2474,1,2024-02-03,2024-08-31,Cancelled,199.0
3312,2474,2,2024-09-29,,Active,499.0
3313,2475,3,2023-04-07,2025-02-25,Cancelled,649.0
3314,2475,3,2025-02-27,2025-06-27,Cancelled,649.0
3315,2476,1,2020-10-11,2022-05-04,Cancelled,199.0
3316,2477,1,2026-02-10,,Active,199.0
3317,2478,3,2022-01-22,2023-02-16,Cancelled,649.0
3318,2479,1,2024-07-23,2025-11-15,Cancelled,199.0
3319,2480,3,2023-09-03,2023-12-02,Cancelled,649.0
3320,2481,1,2025-09-18,,Active,199.0
3321,2482,2,2024-05-04,,Active,499.0
3322,2483,3,2023-10-04,2024-10-28,Cancelled,649.0
3323,2484,3,2025-04-19,,Active,649.0
3324,2485,2,2019-05-29,,Active,499.0
3325,2486,1,2024-04-15,,Active,199.0
3326,2487,2,2023-05-25,2025-04-14,Cancelled,499.0
3327,2487,1,2025-05-08,,Active,199.0
3328,2488,2,2024-10-29,2025-10-24,Cancelled,499.0
3329,2488,1,2025-12-21,,Active,199.0
3330,2489,3,2020-09-05,2022-02-27,Cancelled,649.0
3331,2489,3,2022-03-18,2022-11-13,Cancelled,649.0
3332,2489,1,2022-11-20,2022-12-20,Cancelled,199.0
3333,2490,3,2023-06-29,2023-11-26,Cancelled,649.0
3334,2491,2,2021-02-16,,Active,499.0
3335,2492,1,2019-11-17,2020-08-13,Cancelled,199.0
3336,2492,2,2020-10-10,,Active,499.0
3337,2493,1,2023-04-25,2025-01-14,Cancelled,199.0
3338,2494,1,2019-02-28,2019-06-28,Cancelled,199.0
3339,2495,2,2019-09-13,2019-11-12,Cancelled,499.0
3340,2496,2,2022-12-21,2024-03-15,Cancelled,499.0
3341,2496,2,2024-03-20,2025-08-12,Cancelled,499.0
3342,2497,2,2025-09-26,,Active,499.0
3343,2498,3,2024-05-13,2024-08-11,Cancelled,649.0
3344,2499,1,2019-02-12,,Active,199.0
3345,2500,3,2019-10-26,,Active,649.0
3346,2501,3,2022-03-26,2023-05-20,Cancelled,649.0
3347,2501,1,2023-06-05,2025-02-24,Cancelled,199.0
3348,2502,3,2022-03-21,2023-04-15,Cancelled,649.0
3349,2502,2,2023-04-28,,Active,499.0
3350,2503,1,2019-04-20,,Active,199.0
3351,2504,3,2020-12-02,2021-01-31,Cancelled,649.0
3352,2505,3,2019-12-14,,Active,649.0
3353,2506,3,2023-04-02,,Active,649.0
3354,2507,3,2023-12-08,,Active,649.0
3355,2508,2,2021-12-05,2023-01-29,Cancelled,499.0
3356,2508,3,2023-03-15,,Active,649.0
3357,2509,3,2023-04-14,2024-05-08,Cancelled,649.0
3358,2510,3,2020-07-05,,Active,649.0
3359,2511,3,2025-05-20,,Active,649.0
3360,2512,2,2019-01-13,2020-10-04,Cancelled,499.0
3361,2512,1,2020-10-06,2021-04-04,Cancelled,199.0
3362,2512,1,2021-04-19,2022-10-11,Cancelled,199.0
3363,2513,1,2022-10-12,2024-09-01,Cancelled,199.0
3364,2514,2,2021-05-30,,Active,499.0
3365,2515,1,2022-05-19,2023-09-11,Cancelled,199.0
3366,2515,2,2023-09-12,,Active,499.0
3367,2516,3,2022-11-14,,Active,649.0
3368,2517,1,2023-11-04,2024-10-29,Cancelled,199.0
3369,2518,3,2025-12-19,2026-06-17,Cancelled,649.0
3370,2519,2,2023-03-17,2023-08-14,Cancelled,499.0
3371,2520,1,2020-09-14,,Active,199.0
3372,2521,2,2022-12-06,2024-10-26,Cancelled,499.0
3373,2522,2,2022-11-03,,Active,499.0
3374,2523,1,2025-06-25,2026-03-22,Cancelled,199.0
3375,2523,1,2026-04-02,,Active,199.0
3376,2524,2,2023-04-01,2023-08-29,Cancelled,499.0
3377,2525,3,2025-07-04,2025-12-01,Cancelled,649.0
3378,2525,2,2025-12-11,2026-03-11,Cancelled,499.0
3379,2525,1,2026-03-31,,Active,199.0
3380,2526,2,2023-11-13,,Active,499.0
3381,2527,3,2023-04-15,2024-01-10,Cancelled,649.0
3382,2527,1,2024-02-01,2025-04-26,Cancelled,199.0
3383,2527,1,2025-06-23,,Active,199.0
3384,2528,3,2021-06-18,2022-11-10,Cancelled,649.0
3385,2529,2,2020-12-02,2021-07-30,Cancelled,499.0
3386,2529,2,2021-08-15,2022-10-09,Cancelled,499.0
3387,2529,1,2022-10-15,2023-04-13,Cancelled,199.0
3388,2530,2,2019-09-30,2020-06-26,Cancelled,499.0
3389,2531,2,2023-02-10,2023-12-07,Cancelled,499.0
3390,2532,3,2025-11-27,,Active,649.0
3391,2533,3,2019-02-04,,Active,649.0
3392,2534,1,2026-02-21,,Active,199.0
3393,2535,1,2025-06-10,,Active,199.0
3394,2536,1,2022-04-14,,Active,199.0
3395,2537,3,2021-05-08,2022-08-31,Cancelled,649.0
3396,2538,3,2023-05-09,,Active,649.0
3397,2539,2,2025-05-31,2025-07-30,Cancelled,499.0
3398,2540,2,2019-03-21,2020-03-15,Cancelled,499.0
3399,2541,2,2022-05-15,2022-06-14,Cancelled,499.0
3400,2541,2,2022-07-04,2023-08-28,Cancelled,499.0
3401,2542,3,2019-05-10,,Active,649.0
3402,2543,2,2023-10-30,2025-02-21,Cancelled,499.0
3403,2543,2,2025-02-23,2025-10-21,Cancelled,499.0
3404,2544,1,2019-07-29,2021-03-20,Cancelled,199.0
3405,2545,1,2021-05-16,2022-08-09,Cancelled,199.0
3406,2546,1,2024-07-15,2024-10-13,Cancelled,199.0
3407,2546,2,2024-11-25,,Active,499.0
3408,2547,2,2024-08-20,2024-12-18,Cancelled,499.0
3409,2547,1,2025-02-01,,Active,199.0
3410,2548,3,2020-09-14,,Active,649.0
3411,2549,3,2022-11-05,2024-01-29,Cancelled,649.0
3412,2549,2,2024-03-03,2024-11-28,Cancelled,499.0
3413,2550,2,2020-05-20,2021-09-12,Cancelled,499.0
3414,2550,3,2021-10-15,2022-08-11,Cancelled,649.0
3415,2551,1,2023-06-08,2023-10-06,Cancelled,199.0
3416,2551,2,2023-11-27,,Active,499.0
3417,2552,2,2019-01-23,2019-06-22,Cancelled,499.0
3418,2552,1,2019-08-18,2019-11-16,Cancelled,199.0
3419,2552,1,2019-12-26,2020-07-23,Cancelled,199.0
3420,2553,2,2025-02-06,,Active,499.0
3421,2554,2,2019-03-04,2020-12-23,Cancelled,499.0
3422,2555,3,2023-07-25,2024-06-19,Cancelled,649.0
3423,2555,3,2024-07-17,2026-05-08,Cancelled,649.0
3424,2556,3,2022-01-14,2023-10-06,Cancelled,649.0
3425,2557,2,2020-09-03,,Active,499.0
3426,2558,2,2023-01-23,2024-03-18,Cancelled,499.0
3427,2558,2,2024-05-08,,Active,499.0
3428,2559,2,2020-01-24,2020-07-22,Cancelled,499.0
3429,2559,1,2020-09-05,2022-04-28,Cancelled,199.0
3430,2560,1,2023-05-05,,Active,199.0
3431,2561,3,2023-11-01,2024-10-26,Cancelled,649.0
3432,2562,1,2022-06-07,2023-12-29,Cancelled,199.0
3433,2563,3,2021-09-17,2021-10-17,Cancelled,649.0
3434,2563,3,2021-12-02,2023-06-25,Cancelled,649.0
3435,2564,3,2022-06-12,2023-11-04,Cancelled,649.0
3436,2565,2,2026-03-04,,Active,499.0
3437,2566,3,2024-08-24,2025-08-19,Cancelled,649.0
3438,2566,2,2025-09-19,2025-10-19,Cancelled,499.0
3439,2567,3,2019-01-16,2020-07-09,Cancelled,649.0
3440,2568,3,2021-03-03,2022-07-26,Cancelled,649.0
3441,2569,2,2019-03-10,2019-11-05,Cancelled,499.0
3442,2569,2,2020-01-01,2021-10-22,Cancelled,499.0
3443,2570,2,2020-10-12,2022-04-05,Cancelled,499.0
3444,2571,2,2024-11-01,2025-01-30,Cancelled,499.0
3445,2572,1,2025-05-28,2025-07-27,Cancelled,199.0
3446,2573,2,2022-06-05,2023-01-01,Cancelled,499.0
3447,2574,2,2024-03-02,2025-08-24,Cancelled,499.0
3448,2574,2,2025-10-15,,Active,499.0
3449,2575,2,2021-10-11,,Active,499.0
3450,2576,2,2022-07-29,2023-06-24,Cancelled,499.0
3451,2577,2,2025-03-20,,Active,499.0
3452,2578,2,2021-01-24,,Active,499.0
3453,2579,1,2021-05-21,2021-09-18,Cancelled,199.0
3454,2580,2,2020-01-09,2021-01-03,Cancelled,499.0
3455,2581,3,2020-08-20,,Active,649.0
3456,2582,1,2019-04-13,,Active,199.0
3457,2583,2,2025-02-11,,Active,499.0
3458,2584,2,2025-05-22,2026-04-17,Cancelled,499.0
3459,2585,2,2022-02-28,2022-05-29,Cancelled,499.0
3460,2586,3,2023-06-13,2024-11-04,Cancelled,649.0
3461,2587,3,2020-11-12,,Active,649.0
3462,2588,2,2019-05-06,2020-10-27,Cancelled,499.0
3463,2588,2,2020-12-03,2022-01-27,Cancelled,499.0
3464,2588,2,2022-01-29,2022-05-29,Cancelled,499.0
3465,2589,1,2022-11-13,,Active,199.0
3466,2590,3,2020-03-10,2020-10-06,Cancelled,649.0
3467,2591,2,2025-05-11,,Active,499.0
3468,2592,1,2021-02-04,2022-08-28,Cancelled,199.0
3469,2593,1,2024-07-12,2025-10-05,Cancelled,199.0
3470,2594,1,2020-12-21,,Active,199.0
3471,2595,2,2019-12-13,,Active,499.0
3472,2596,2,2023-02-10,,Active,499.0
3473,2597,3,2020-05-16,2020-08-14,Cancelled,649.0
3474,2598,2,2021-12-29,,Active,499.0
3475,2599,1,2021-03-14,2022-08-06,Cancelled,199.0
3476,2599,1,2022-09-29,2023-09-24,Cancelled,199.0
3477,2600,3,2025-08-12,,Active,649.0
3478,2601,3,2022-10-09,2023-06-06,Cancelled,649.0
3479,2601,2,2023-06-18,,Active,499.0
3480,2602,1,2024-05-23,2025-11-14,Cancelled,199.0
3481,2602,1,2025-11-17,,Active,199.0
3482,2603,2,2023-06-01,,Active,499.0
3483,2604,2,2025-10-29,,Active,499.0
3484,2605,3,2022-04-18,2022-08-16,Cancelled,649.0
3485,2605,2,2022-09-29,2024-07-20,Cancelled,499.0
3486,2606,1,2025-06-20,,Active,199.0
3487,2607,3,2025-09-25,2025-12-24,Cancelled,649.0
3488,2608,2,2025-11-27,2026-01-26,Cancelled,499.0
3489,2609,2,2024-03-20,2025-10-11,Cancelled,499.0
3490,2609,1,2025-10-25,,Active,199.0
3491,2610,3,2026-05-07,,Active,649.0
3492,2611,1,2024-08-02,2024-10-01,Cancelled,199.0
3493,2612,3,2021-05-03,2021-10-30,Cancelled,649.0
3494,2613,2,2020-03-05,,Active,499.0
3495,2614,1,2020-07-28,,Active,199.0
3496,2615,2,2023-04-20,2023-09-17,Cancelled,499.0
3497,2615,1,2023-09-19,2024-08-14,Cancelled,199.0
3498,2615,1,2024-09-01,,Active,199.0
3499,2616,2,2020-03-28,,Active,499.0
3500,2617,3,2020-10-12,2021-08-08,Cancelled,649.0
3501,2618,3,2023-09-16,2024-02-13,Cancelled,649.0
3502,2619,1,2021-06-30,,Active,199.0
3503,2620,2,2024-02-08,2024-07-07,Cancelled,499.0
3504,2620,2,2024-08-03,2026-03-26,Cancelled,499.0
3505,2620,2,2026-03-30,,Active,499.0
3506,2621,3,2026-06-23,,Active,649.0
3507,2622,3,2019-08-29,2020-08-23,Cancelled,649.0
3508,2622,2,2020-10-21,,Active,499.0
3509,2623,2,2023-10-22,,Active,499.0
3510,2624,1,2025-02-26,2026-05-22,Cancelled,199.0
3511,2625,1,2020-01-20,2020-07-18,Cancelled,199.0
3512,2625,3,2020-09-02,,Active,649.0
3513,2626,2,2024-11-14,2024-12-14,Cancelled,499.0
3514,2627,1,2022-10-21,2023-11-15,Cancelled,199.0
3515,2628,2,2023-09-17,2024-01-15,Cancelled,499.0
3516,2628,1,2024-03-10,,Active,199.0
3517,2629,2,2019-05-22,2021-02-10,Cancelled,499.0
3518,2630,1,2022-04-07,2023-11-28,Cancelled,199.0
3519,2630,1,2024-01-10,2024-07-08,Cancelled,199.0
3520,2631,3,2021-10-01,,Active,649.0
3521,2632,2,2020-02-25,2021-08-18,Cancelled,499.0
3522,2632,1,2021-09-18,,Active,199.0
3523,2633,1,2024-09-19,2025-06-16,Cancelled,199.0
3524,2634,3,2022-10-16,2023-10-11,Cancelled,649.0
3525,2634,1,2023-11-16,,Active,199.0
3526,2635,1,2025-08-01,2026-06-27,Cancelled,199.0
3527,2636,1,2020-03-11,2021-07-04,Cancelled,199.0
3528,2636,1,2021-07-30,2023-02-20,Cancelled,199.0
3529,2637,1,2024-06-23,2024-10-21,Cancelled,199.0
3530,2637,1,2024-12-19,,Active,199.0
3531,2638,2,2023-07-15,2024-04-10,Cancelled,499.0
3532,2638,2,2024-05-06,2025-01-31,Cancelled,499.0
3533,2638,1,2025-02-15,2025-08-14,Cancelled,199.0
3534,2639,1,2023-11-18,2024-07-15,Cancelled,199.0
3535,2640,3,2021-04-28,2021-11-24,Cancelled,649.0
3536,2641,1,2024-03-06,2025-06-29,Cancelled,199.0
3537,2642,2,2020-11-08,2021-10-04,Cancelled,499.0
3538,2642,2,2021-10-16,2021-11-15,Cancelled,499.0
3539,2642,2,2021-12-16,2022-09-12,Cancelled,499.0
3540,2643,3,2024-09-18,2024-10-18,Cancelled,649.0
3541,2643,1,2024-11-17,,Active,199.0
3542,2644,2,2022-04-22,,Active,499.0
3543,2645,2,2022-08-05,2023-11-28,Cancelled,499.0
3544,2646,2,2023-05-09,2025-03-29,Cancelled,499.0
3545,2647,2,2019-08-19,2021-01-10,Cancelled,499.0
3546,2647,2,2021-02-04,2022-01-30,Cancelled,499.0
3547,2648,2,2021-10-03,,Active,499.0
3548,2649,1,2020-07-10,,Active,199.0
3549,2650,2,2026-03-23,,Active,499.0
3550,2651,1,2022-02-28,2023-06-23,Cancelled,199.0
3551,2652,1,2019-01-17,2019-04-17,Cancelled,199.0
3552,2653,1,2019-03-13,,Active,199.0
3553,2654,1,2025-11-04,,Active,199.0
3554,2655,1,2020-03-05,2021-04-29,Cancelled,199.0
3555,2656,2,2019-01-02,,Active,499.0
3556,2657,1,2020-08-03,2021-05-30,Cancelled,199.0
3557,2657,2,2021-06-27,2022-01-23,Cancelled,499.0
3558,2658,2,2020-08-16,,Active,499.0
3559,2659,1,2019-08-07,2019-10-06,Cancelled,199.0
3560,2660,2,2026-06-21,,Active,499.0
3561,2661,1,2019-06-11,2020-10-03,Cancelled,199.0
3562,2661,3,2020-11-08,,Active,649.0
3563,2662,3,2024-06-16,2026-03-08,Cancelled,649.0
3564,2663,3,2025-04-10,,Active,649.0
3565,2664,1,2023-10-31,,Active,199.0
3566,2665,1,2019-12-29,2021-10-19,Cancelled,199.0
3567,2666,3,2024-06-11,2024-08-10,Cancelled,649.0
3568,2666,2,2024-09-06,2026-02-28,Cancelled,499.0
3569,2667,3,2021-06-21,2022-04-17,Cancelled,649.0
3570,2667,1,2022-06-09,,Active,199.0
3571,2668,2,2022-01-22,2023-06-16,Cancelled,499.0
3572,2668,2,2023-06-21,,Active,499.0
3573,2669,1,2020-11-19,2022-09-10,Cancelled,199.0
3574,2670,1,2024-11-17,,Active,199.0
3575,2671,1,2023-05-07,2024-03-02,Cancelled,199.0
3576,2672,3,2020-02-29,,Active,649.0
3577,2673,1,2022-01-20,2022-11-16,Cancelled,199.0
3578,2673,2,2023-01-08,2024-02-02,Cancelled,499.0
3579,2674,2,2024-12-13,,Active,499.0
3580,2675,1,2026-01-11,,Active,199.0
3581,2676,3,2026-01-16,,Active,649.0
3582,2677,1,2020-01-05,2020-10-31,Cancelled,199.0
3583,2678,2,2025-06-06,2025-10-04,Cancelled,499.0
3584,2679,2,2023-03-31,2023-08-28,Cancelled,499.0
3585,2680,2,2024-07-18,,Active,499.0
3586,2681,2,2021-11-22,,Active,499.0
3587,2682,2,2023-11-19,2024-01-18,Cancelled,499.0
3588,2683,3,2020-12-07,,Active,649.0
3589,2684,1,2022-11-27,,Active,199.0
3590,2685,3,2020-09-10,2021-07-07,Cancelled,649.0
3591,2686,3,2021-12-18,2023-05-12,Cancelled,649.0
3592,2687,2,2022-01-22,2023-05-17,Cancelled,499.0
3593,2688,3,2025-06-28,2026-02-23,Cancelled,649.0
3594,2688,2,2026-04-14,,Active,499.0
3595,2689,3,2023-09-17,2024-09-11,Cancelled,649.0
3596,2689,3,2024-09-29,,Active,649.0
3597,2690,3,2023-11-08,2024-11-02,Cancelled,649.0
3598,2691,2,2021-02-15,2022-02-10,Cancelled,499.0
3599,2692,2,2022-04-05,2022-08-03,Cancelled,499.0
3600,2693,3,2022-07-18,2023-06-13,Cancelled,649.0
3601,2694,3,2024-11-18,,Active,649.0
3602,2695,1,2020-05-22,2022-04-12,Cancelled,199.0
3603,2696,1,2019-05-29,2020-04-23,Cancelled,199.0
3604,2697,3,2022-10-14,2023-07-11,Cancelled,649.0
3605,2697,2,2023-08-05,2023-10-04,Cancelled,499.0
3606,2698,1,2025-02-04,,Active,199.0
3607,2699,2,2024-07-01,2026-03-23,Cancelled,499.0
3608,2699,2,2026-04-25,,Active,499.0
3609,2700,1,2025-01-28,2025-03-29,Cancelled,199.0
3610,2700,2,2025-05-18,,Active,499.0
3611,2701,3,2021-12-13,,Active,649.0
3612,2702,2,2020-09-17,2021-12-11,Cancelled,499.0
3613,2703,1,2023-12-12,,Active,199.0
3614,2704,1,2019-04-14,2019-12-10,Cancelled,199.0
3615,2704,2,2019-12-12,,Active,499.0
3616,2705,2,2025-09-17,,Active,499.0
3617,2706,3,2024-05-08,2025-09-30,Cancelled,649.0
3618,2707,2,2022-10-11,,Active,499.0
3619,2708,3,2020-07-01,2021-02-26,Cancelled,649.0
3620,2709,3,2020-11-16,2021-06-14,Cancelled,649.0
3621,2710,1,2026-06-20,,Active,199.0
3622,2711,1,2019-02-09,2020-03-05,Cancelled,199.0
3623,2711,1,2020-04-21,2022-03-12,Cancelled,199.0
3624,2711,2,2022-03-16,2023-04-10,Cancelled,499.0
3625,2712,3,2019-01-26,2019-07-25,Cancelled,649.0
3626,2712,3,2019-08-02,,Active,649.0
3627,2713,2,2021-08-09,,Active,499.0
3628,2714,2,2020-09-21,2021-04-19,Cancelled,499.0
3629,2715,3,2024-01-27,2024-03-27,Cancelled,649.0
3630,2716,1,2019-04-26,2021-02-14,Cancelled,199.0
3631,2717,1,2024-11-20,,Active,199.0
3632,2718,1,2024-11-12,,Active,199.0
3633,2719,1,2020-09-20,2022-07-12,Cancelled,199.0
3634,2720,3,2023-05-04,2024-08-26,Cancelled,649.0
3635,2721,2,2024-01-14,2025-02-07,Cancelled,499.0
3636,2721,1,2025-03-16,2025-07-14,Cancelled,199.0
3637,2722,2,2025-05-12,,Active,499.0
3638,2723,3,2024-06-28,2025-04-24,Cancelled,649.0
3639,2724,1,2026-03-20,,Active,199.0
3640,2725,2,2019-11-14,2020-09-09,Cancelled,499.0
3641,2726,2,2023-07-29,2023-11-26,Cancelled,499.0
3642,2727,2,2024-10-16,2025-04-14,Cancelled,499.0
3643,2728,1,2020-09-26,2021-02-23,Cancelled,199.0
3644,2729,1,2020-08-21,2021-02-17,Cancelled,199.0
3645,2729,2,2021-03-30,,Active,499.0
3646,2730,1,2019-09-11,2021-01-03,Cancelled,199.0
3647,2731,2,2026-05-22,,Active,499.0
3648,2732,2,2025-06-29,,Active,499.0
3649,2733,1,2019-11-28,2021-02-20,Cancelled,199.0
3650,2734,1,2020-11-02,2022-04-26,Cancelled,199.0
3651,2735,3,2022-06-08,2023-08-02,Cancelled,649.0
3652,2735,1,2023-09-03,,Active,199.0
3653,2736,1,2025-09-12,2026-05-10,Cancelled,199.0
3654,2737,1,2025-03-10,,Active,199.0
3655,2738,1,2025-08-01,,Active,199.0
3656,2739,2,2025-03-17,,Active,499.0
3657,2740,2,2023-09-15,2025-06-06,Cancelled,499.0
3658,2741,2,2021-03-07,,Active,499.0
3659,2742,3,2023-07-12,,Active,649.0
3660,2743,2,2022-09-15,,Active,499.0
3661,2744,1,2026-02-16,,Active,199.0
3662,2745,3,2022-05-12,,Active,649.0
3663,2746,1,2024-08-31,2026-02-22,Cancelled,199.0
3664,2747,2,2020-04-20,2021-07-14,Cancelled,499.0
3665,2747,2,2021-09-01,2022-10-26,Cancelled,499.0
3666,2747,2,2022-12-23,2024-09-13,Cancelled,499.0
3667,2748,1,2024-02-14,2024-04-14,Cancelled,199.0
3668,2748,2,2024-05-12,,Active,499.0
3669,2749,3,2022-05-27,2022-10-24,Cancelled,649.0
3670,2750,1,2022-04-08,2022-05-08,Cancelled,199.0
3671,2750,3,2022-05-18,,Active,649.0
3672,2751,2,2024-08-28,,Active,499.0
3673,2752,2,2022-08-18,2023-07-14,Cancelled,499.0
3674,2752,2,2023-08-30,,Active,499.0
3675,2753,3,2019-06-11,2019-12-08,Cancelled,649.0
3676,2753,1,2019-12-10,,Active,199.0
3677,2754,2,2021-11-30,2023-03-25,Cancelled,499.0
3678,2754,2,2023-05-02,2023-08-30,Cancelled,499.0
3679,2755,2,2026-03-22,2026-06-20,Cancelled,499.0
3680,2755,2,2026-08-08,,Active,499.0
3681,2756,3,2026-02-04,,Active,649.0
3682,2757,3,2023-08-10,2024-06-05,Cancelled,649.0
3683,2758,3,2023-10-14,2025-01-06,Cancelled,649.0
3684,2759,1,2020-12-20,2021-01-19,Cancelled,199.0
3685,2760,3,2024-11-06,2025-09-02,Cancelled,649.0
3686,2761,2,2023-06-30,2024-05-25,Cancelled,499.0
3687,2761,2,2024-06-27,2025-12-19,Cancelled,499.0
3688,2761,1,2026-02-05,,Active,199.0
3689,2762,2,2019-04-12,2020-11-02,Cancelled,499.0
3690,2763,2,2026-02-12,,Active,499.0
3691,2764,1,2025-05-22,2026-03-18,Cancelled,199.0
3692,2764,1,2026-04-08,,Active,199.0
3693,2765,1,2019-08-12,2019-12-10,Cancelled,199.0
3694,2765,2,2020-01-20,,Active,499.0
3695,2766,3,2022-02-17,2023-04-13,Cancelled,649.0
3696,2767,1,2024-07-26,,Active,199.0
3697,2768,3,2024-07-11,2025-10-04,Cancelled,649.0
3698,2768,1,2025-10-07,,Active,199.0
3699,2769,2,2020-04-03,2020-05-03,Cancelled,499.0
3700,2769,3,2020-06-13,2021-11-05,Cancelled,649.0
3701,2770,2,2019-04-20,2019-12-16,Cancelled,499.0
3702,2770,1,2020-01-17,,Active,199.0
3703,2771,2,2026-05-19,,Active,499.0
3704,2772,2,2025-09-13,,Active,499.0
3705,2773,2,2024-07-14,2025-03-11,Cancelled,499.0
3706,2773,2,2025-03-12,2025-08-09,Cancelled,499.0
3707,2773,1,2025-08-17,2026-04-14,Cancelled,199.0
3708,2774,2,2023-12-12,,Active,499.0
3709,2775,3,2024-02-23,2025-10-15,Cancelled,649.0
3710,2775,2,2025-12-10,,Active,499.0
3711,2776,1,2022-06-06,2022-10-04,Cancelled,199.0
3712,2776,3,2022-11-06,,Active,649.0
3713,2777,1,2024-02-17,,Active,199.0
3714,2778,2,2021-04-11,2021-12-07,Cancelled,499.0
3715,2779,2,2019-08-18,2020-04-14,Cancelled,499.0
3716,2780,1,2021-05-01,,Active,199.0
3717,2781,2,2021-03-15,,Active,499.0
3718,2782,2,2021-04-10,2022-06-04,Cancelled,499.0
3719,2783,3,2022-07-13,,Active,649.0
3720,2784,3,2019-12-25,2021-09-15,Cancelled,649.0
3721,2784,3,2021-10-15,2022-04-13,Cancelled,649.0
3722,2785,2,2022-01-21,,Active,499.0
3723,2786,1,2022-06-23,2023-12-15,Cancelled,199.0
3724,2786,1,2024-01-21,,Active,199.0
3725,2787,2,2020-05-30,,Active,499.0
3726,2788,1,2022-05-26,,Active,199.0
3727,2789,1,2024-01-21,2025-06-14,Cancelled,199.0
3728,2789,3,2025-08-02,2025-10-01,Cancelled,649.0
3729,2790,1,2022-02-01,2022-11-28,Cancelled,199.0
3730,2790,1,2022-12-22,2024-05-15,Cancelled,199.0
3731,2791,1,2019-01-07,2020-11-27,Cancelled,199.0
3732,2792,1,2024-04-09,,Active,199.0
3733,2793,1,2023-05-04,2024-08-26,Cancelled,199.0
3734,2794,1,2022-02-23,2023-02-18,Cancelled,199.0
3735,2795,1,2019-03-04,2019-10-30,Cancelled,199.0
3736,2796,1,2019-09-01,2021-01-23,Cancelled,199.0
3737,2796,3,2021-03-22,2022-10-13,Cancelled,649.0
3738,2796,3,2022-11-14,,Active,649.0
3739,2797,2,2019-08-06,2020-08-30,Cancelled,499.0
3740,2797,2,2020-09-10,2021-08-06,Cancelled,499.0
3741,2797,1,2021-09-27,,Active,199.0
3742,2798,1,2025-05-21,,Active,199.0
3743,2799,2,2021-04-25,2021-09-22,Cancelled,499.0
3744,2800,1,2022-03-09,,Active,199.0
3745,2801,1,2024-03-20,2025-04-14,Cancelled,199.0
3746,2802,1,2023-11-30,2025-09-20,Cancelled,199.0
3747,2803,3,2019-06-26,2020-02-21,Cancelled,649.0
3748,2804,2,2025-12-21,,Active,499.0
3749,2805,1,2020-12-26,2021-03-26,Cancelled,199.0
3750,2806,2,2024-10-02,2025-08-28,Cancelled,499.0
3751,2807,1,2025-03-28,,Active,199.0
3752,2808,2,2023-01-15,2024-07-08,Cancelled,499.0
3753,2809,2,2020-03-19,2020-08-16,Cancelled,499.0
3754,2810,3,2023-02-01,2023-10-29,Cancelled,649.0
3755,2811,2,2020-10-31,2021-04-29,Cancelled,499.0
3756,2812,2,2025-05-15,,Active,499.0
3757,2813,3,2024-08-27,2025-07-23,Cancelled,649.0
3758,2813,1,2025-09-18,,Active,199.0
3759,2814,1,2025-03-05,,Active,199.0
3760,2815,2,2025-03-17,,Active,499.0
3761,2816,3,2020-05-04,,Active,649.0
3762,2817,1,2019-03-25,2019-05-24,Cancelled,199.0
3763,2818,2,2023-09-12,2023-12-11,Cancelled,499.0
3764,2819,2,2023-08-08,2024-03-05,Cancelled,499.0
3765,2820,3,2025-06-28,2026-05-24,Cancelled,649.0
3766,2820,2,2026-06-16,,Active,499.0
3767,2821,3,2023-10-13,2024-11-06,Cancelled,649.0
3768,2821,3,2024-12-08,,Active,649.0
3769,2822,2,2025-01-08,2026-03-04,Cancelled,499.0
3770,2822,2,2026-03-31,,Active,499.0
3771,2823,1,2021-08-12,2023-01-04,Cancelled,199.0
3772,2824,1,2019-12-08,2020-02-06,Cancelled,199.0
3773,2824,2,2020-03-07,2022-01-26,Cancelled,499.0
3774,2825,1,2019-04-14,2020-07-07,Cancelled,199.0
3775,2825,2,2020-08-01,,Active,499.0
3776,2826,1,2022-04-07,2023-07-31,Cancelled,199.0
3777,2826,1,2023-09-16,2025-06-07,Cancelled,199.0
3778,2827,1,2019-01-06,2020-09-27,Cancelled,199.0
3779,2827,3,2020-11-22,2021-08-19,Cancelled,649.0
3780,2828,1,2022-11-19,2023-12-14,Cancelled,199.0
3781,2829,3,2022-01-02,2023-05-27,Cancelled,649.0
3782,2830,2,2020-12-06,2021-08-03,Cancelled,499.0
3783,2830,1,2021-08-22,2022-06-18,Cancelled,199.0
3784,2831,2,2023-06-07,2025-02-26,Cancelled,499.0
3785,2831,3,2025-03-17,,Active,649.0
3786,2832,2,2024-02-04,,Active,499.0
3787,2833,1,2019-04-19,,Active,199.0
3788,2834,1,2022-07-27,2024-06-16,Cancelled,199.0
3789,2835,2,2026-01-16,,Active,499.0
3790,2836,1,2021-03-25,2022-08-17,Cancelled,199.0
3791,2837,1,2024-11-08,,Active,199.0
3792,2838,3,2021-07-11,2023-06-01,Cancelled,649.0
3793,2838,2,2023-06-16,2025-04-06,Cancelled,499.0
3794,2839,1,2021-01-13,2022-11-04,Cancelled,199.0
3795,2840,2,2025-06-03,,Active,499.0
3796,2841,1,2021-09-02,,Active,199.0
3797,2842,2,2025-06-29,,Active,499.0
3798,2843,3,2023-11-28,2024-09-23,Cancelled,649.0
3799,2844,1,2025-02-02,2026-04-28,Cancelled,199.0
3800,2845,2,2025-02-08,2025-12-05,Cancelled,499.0
3801,2845,2,2025-12-29,2026-02-27,Cancelled,499.0
3802,2845,3,2026-03-05,,Active,649.0
3803,2846,1,2025-11-07,2026-03-07,Cancelled,199.0
3804,2846,1,2026-03-25,2026-06-23,Cancelled,199.0
3805,2847,2,2023-02-28,2024-03-24,Cancelled,499.0
3806,2848,1,2026-02-20,,Active,199.0
3807,2849,3,2019-06-13,2019-07-13,Cancelled,649.0
3808,2849,1,2019-08-04,,Active,199.0
3809,2850,2,2022-09-08,2024-03-01,Cancelled,499.0
3810,2851,1,2021-12-21,2022-06-19,Cancelled,199.0
3811,2851,1,2022-08-14,2024-03-06,Cancelled,199.0
3812,2851,2,2024-03-10,,Active,499.0
3813,2852,2,2019-09-22,2020-12-15,Cancelled,499.0
3814,2853,2,2025-07-19,,Active,499.0
3815,2854,1,2024-12-30,2025-12-25,Cancelled,199.0
3816,2855,3,2024-08-11,2025-04-08,Cancelled,649.0
3817,2856,2,2023-10-01,,Active,499.0
3818,2857,1,2023-07-07,2024-12-28,Cancelled,199.0
3819,2858,2,2021-11-07,2023-03-02,Cancelled,499.0
3820,2858,1,2023-03-07,,Active,199.0
3821,2859,1,2024-02-15,2026-01-05,Cancelled,199.0
3822,2860,1,2026-04-25,,Active,199.0
3823,2861,1,2020-11-18,2021-11-13,Cancelled,199.0
3824,2861,1,2021-12-24,2022-08-21,Cancelled,199.0
3825,2862,2,2021-07-16,,Active,499.0
3826,2863,1,2019-10-27,2020-03-25,Cancelled,199.0
3827,2864,2,2025-10-21,,Active,499.0
3828,2865,1,2022-12-22,2023-05-21,Cancelled,199.0
3829,2866,2,2023-06-11,2024-04-06,Cancelled,499.0
3830,2866,1,2024-05-17,2025-08-10,Cancelled,199.0
3831,2867,2,2020-12-30,2021-09-26,Cancelled,499.0
3832,2868,2,2019-04-11,2020-09-02,Cancelled,499.0
3833,2869,2,2025-01-12,2025-07-11,Cancelled,499.0
3834,2870,2,2025-06-13,,Active,499.0
3835,2871,1,2021-07-22,2022-09-15,Cancelled,199.0
3836,2871,1,2022-10-28,2023-07-25,Cancelled,199.0
3837,2871,3,2023-09-20,,Active,649.0
3838,2872,2,2024-09-17,2026-04-10,Cancelled,499.0
3839,2872,3,2026-04-27,,Active,649.0
3840,2873,2,2023-04-16,2024-09-07,Cancelled,499.0
3841,2874,1,2023-10-26,2024-11-19,Cancelled,199.0
3842,2874,2,2024-11-21,2024-12-21,Cancelled,499.0
3843,2875,3,2020-04-18,2021-08-11,Cancelled,649.0
3844,2876,3,2023-08-10,2023-12-08,Cancelled,649.0
3845,2877,3,2020-03-17,2021-01-11,Cancelled,649.0
3846,2878,2,2020-08-22,2022-01-14,Cancelled,499.0
3847,2878,2,2022-01-27,,Active,499.0
3848,2879,3,2021-09-03,2022-09-28,Cancelled,649.0
3849,2880,1,2020-08-10,2022-07-01,Cancelled,199.0
3850,2881,2,2025-10-25,2026-01-23,Cancelled,499.0
3851,2882,2,2019-03-21,2020-10-11,Cancelled,499.0
3852,2883,2,2025-10-11,,Active,499.0
3853,2884,1,2020-02-27,2020-07-26,Cancelled,199.0
3854,2885,1,2025-07-10,,Active,199.0
3855,2886,3,2021-07-10,2023-04-01,Cancelled,649.0
3856,2887,2,2025-11-27,,Active,499.0
3857,2888,3,2023-01-20,2023-08-18,Cancelled,649.0
3858,2889,2,2022-09-02,2022-10-02,Cancelled,499.0
3859,2890,3,2019-12-25,2020-09-20,Cancelled,649.0
3860,2890,2,2020-10-20,2021-05-18,Cancelled,499.0
3861,2891,1,2022-04-02,2022-09-29,Cancelled,199.0
3862,2891,2,2022-11-23,,Active,499.0
3863,2892,1,2023-03-07,2024-09-27,Cancelled,199.0
3864,2893,2,2026-05-16,,Active,499.0
3865,2894,1,2020-12-21,2022-01-15,Cancelled,199.0
3866,2895,1,2019-08-15,,Active,199.0
3867,2896,3,2020-11-26,,Active,649.0
3868,2897,3,2020-10-27,2022-03-21,Cancelled,649.0
3869,2897,2,2022-03-31,2022-12-26,Cancelled,499.0
3870,2898,2,2026-02-08,,Active,499.0
3871,2899,3,2020-02-16,2021-08-09,Cancelled,649.0
3872,2899,2,2021-09-18,2022-07-15,Cancelled,499.0
3873,2899,2,2022-07-16,,Active,499.0
3874,2900,1,2026-06-10,,Active,199.0
3875,2901,3,2019-11-06,2021-02-28,Cancelled,649.0
3876,2901,2,2021-04-11,,Active,499.0
3877,2902,1,2025-01-30,2025-09-27,Cancelled,199.0
3878,2903,1,2022-02-09,,Active,199.0
3879,2904,1,2019-05-29,2020-02-23,Cancelled,199.0
3880,2905,2,2023-08-08,2025-06-28,Cancelled,499.0
3881,2905,1,2025-07-16,,Active,199.0
3882,2906,3,2024-06-17,2025-08-11,Cancelled,649.0
3883,2907,2,2025-04-15,2026-02-09,Cancelled,499.0
3884,2908,3,2020-05-03,2020-11-29,Cancelled,649.0
3885,2909,1,2023-08-18,2025-06-08,Cancelled,199.0
3886,2910,2,2023-04-08,,Active,499.0
3887,2911,3,2022-04-26,,Active,649.0
3888,2912,3,2025-09-12,2026-03-11,Cancelled,649.0
3889,2912,1,2026-04-24,,Active,199.0
3890,2913,1,2022-03-04,2023-10-25,Cancelled,199.0
3891,2913,1,2023-10-31,2024-01-29,Cancelled,199.0
3892,2913,2,2024-03-02,2024-10-28,Cancelled,499.0
3893,2914,3,2021-11-06,2023-01-30,Cancelled,649.0
3894,2914,2,2023-03-16,2023-11-11,Cancelled,499.0
3895,2915,3,2022-12-09,2023-11-04,Cancelled,649.0
3896,2916,3,2025-12-18,2026-04-17,Cancelled,649.0
3897,2916,1,2026-04-21,,Active,199.0
3898,2917,2,2025-07-02,,Active,499.0
3899,2918,1,2024-04-23,2025-04-18,Cancelled,199.0
3900,2918,2,2025-06-08,,Active,499.0
3901,2919,1,2019-08-10,2020-10-03,Cancelled,199.0
3902,2920,2,2021-04-04,2023-01-24,Cancelled,499.0
3903,2921,1,2019-02-11,2020-01-07,Cancelled,199.0
3904,2922,2,2019-09-17,2021-04-09,Cancelled,499.0
3905,2923,2,2025-03-27,,Active,499.0
3906,2924,1,2025-02-10,,Active,199.0
3907,2925,3,2019-10-08,2021-01-30,Cancelled,649.0
3908,2925,1,2021-03-28,2022-09-19,Cancelled,199.0
3909,2926,1,2022-06-08,,Active,199.0
3910,2927,2,2021-02-03,,Active,499.0
3911,2928,3,2019-07-19,2020-02-14,Cancelled,649.0
3912,2928,2,2020-02-28,,Active,499.0
3913,2929,3,2021-11-10,2023-06-03,Cancelled,649.0
3914,2929,2,2023-07-06,2024-01-02,Cancelled,499.0
3915,2929,1,2024-02-06,2025-01-31,Cancelled,199.0
3916,2930,2,2019-10-10,2021-05-02,Cancelled,499.0
3917,2931,1,2024-07-08,2025-08-02,Cancelled,199.0
3918,2931,1,2025-09-07,,Active,199.0
3919,2932,3,2026-04-01,,Active,649.0
3920,2933,2,2022-03-02,2023-02-25,Cancelled,499.0
3921,2934,3,2020-10-27,2021-05-25,Cancelled,649.0
3922,2934,2,2021-06-01,2022-11-23,Cancelled,499.0
3923,2935,2,2022-09-29,2024-05-21,Cancelled,499.0
3924,2936,1,2026-03-31,,Active,199.0
3925,2937,1,2020-03-12,2020-04-11,Cancelled,199.0
3926,2938,1,2024-02-09,2025-06-03,Cancelled,199.0
3927,2939,3,2019-09-13,2020-07-09,Cancelled,649.0
3928,2939,1,2020-08-30,,Active,199.0
3929,2940,2,2021-04-02,2021-08-30,Cancelled,499.0
3930,2940,1,2021-10-28,2021-11-27,Cancelled,199.0
3931,2940,2,2022-01-20,,Active,499.0
3932,2941,3,2022-04-17,2022-08-15,Cancelled,649.0
3933,2941,2,2022-08-29,,Active,499.0
3934,2942,1,2021-11-16,2023-01-10,Cancelled,199.0
3935,2943,1,2020-05-03,2021-04-28,Cancelled,199.0
3936,2944,1,2024-10-28,,Active,199.0
3937,2945,1,2024-01-17,2025-06-10,Cancelled,199.0
3938,2945,1,2025-06-12,,Active,199.0
3939,2946,1,2022-04-07,,Active,199.0
3940,2947,2,2022-02-20,2022-04-21,Cancelled,499.0
3941,2948,3,2019-07-24,2021-03-15,Cancelled,649.0
3942,2949,2,2023-12-14,,Active,499.0
3943,2950,3,2020-09-21,2021-01-19,Cancelled,649.0
3944,2950,3,2021-02-13,2021-09-11,Cancelled,649.0
3945,2951,2,2021-04-04,,Active,499.0
3946,2952,3,2025-06-13,2025-07-13,Cancelled,649.0
3947,2952,1,2025-08-07,,Active,199.0
3948,2953,1,2023-10-25,2024-01-23,Cancelled,199.0
3949,2953,2,2024-01-24,2025-11-14,Cancelled,499.0
3950,2953,2,2025-12-26,,Active,499.0
3951,2954,2,2024-03-21,,Active,499.0
3952,2955,3,2020-12-25,2022-07-18,Cancelled,649.0
3953,2955,2,2022-09-13,2024-07-04,Cancelled,499.0
3954,2955,2,2024-07-29,2024-08-28,Cancelled,499.0
3955,2956,1,2022-10-03,,Active,199.0
3956,2957,3,2019-02-07,2019-11-04,Cancelled,649.0
3957,2957,1,2019-12-17,,Active,199.0
3958,2958,1,2020-11-03,2022-05-27,Cancelled,199.0
3959,2959,1,2024-12-30,2026-01-24,Cancelled,199.0
3960,2960,1,2022-07-23,2023-08-17,Cancelled,199.0
3961,2960,2,2023-08-18,2024-03-15,Cancelled,499.0
3962,2961,3,2023-10-05,2025-07-26,Cancelled,649.0
3963,2962,1,2024-11-29,2026-02-22,Cancelled,199.0
3964,2962,2,2026-02-28,,Active,499.0
3965,2963,2,2026-01-09,,Active,499.0
3966,2964,2,2019-08-12,2020-03-09,Cancelled,499.0
3967,2965,1,2023-05-10,,Active,199.0
3968,2966,1,2026-06-16,,Active,199.0
3969,2967,2,2020-07-01,2020-10-29,Cancelled,499.0
3970,2968,3,2025-06-12,2025-09-10,Cancelled,649.0
3971,2969,1,2023-05-08,,Active,199.0
3972,2970,2,2021-05-20,2022-05-15,Cancelled,499.0
3973,2971,2,2024-11-14,2025-03-14,Cancelled,499.0
3974,2971,2,2025-04-02,,Active,499.0
3975,2972,1,2025-07-11,2026-06-06,Cancelled,199.0
3976,2972,1,2026-06-08,,Active,199.0
3977,2973,3,2020-01-26,,Active,649.0
3978,2974,1,2024-02-10,,Active,199.0
3979,2975,2,2026-01-07,,Active,499.0
3980,2976,2,2023-12-30,,Active,499.0
3981,2977,2,2023-02-07,,Active,499.0
3982,2978,3,2020-01-18,2020-09-14,Cancelled,649.0
3983,2979,2,2022-05-17,2022-08-15,Cancelled,499.0
3984,2980,1,2025-10-16,,Active,199.0
3985,2981,2,2024-12-28,2026-05-22,Cancelled,499.0
3986,2981,3,2026-06-30,,Active,649.0
3987,2982,1,2022-05-18,2023-03-14,Cancelled,199.0
3988,2983,2,2021-04-25,,Active,499.0
3989,2984,2,2025-01-08,2025-02-07,Cancelled,499.0
3990,2985,2,2026-04-03,,Active,499.0
3991,2986,1,2021-03-31,2021-04-30,Cancelled,199.0
3992,2986,2,2021-06-04,,Active,499.0
3993,2987,2,2025-01-29,2026-06-23,Cancelled,499.0
3994,2988,2,2021-04-23,2022-05-18,Cancelled,499.0
3995,2988,1,2022-07-09,2022-09-07,Cancelled,199.0
3996,2989,3,2025-03-15,2026-06-08,Cancelled,649.0
3997,2989,3,2026-07-29,,Active,649.0
3998,2990,1,2026-03-26,,Active,199.0
3999,2991,2,2023-12-22,2024-01-21,Cancelled,499.0
4000,2991,2,2024-01-22,,Active,499.0
4001,2992,2,2022-09-21,,Active,499.0
4002,2993,2,2021-05-10,,Active,499.0
4003,2994,1,2019-06-13,2021-04-03,Cancelled,199.0
4004,2994,1,2021-04-06,2022-07-30,Cancelled,199.0
4005,2995,2,2019-05-24,2021-01-13,Cancelled,499.0
4006,2996,1,2025-04-07,2025-05-07,Cancelled,199.0
4007,2997,3,2023-12-17,2024-11-11,Cancelled,649.0
4008,2998,2,2020-09-14,2021-12-08,Cancelled,499.0
4009,2998,2,2022-01-10,2023-10-02,Cancelled,499.0
4010,2999,2,2023-02-20,2024-03-16,Cancelled,499.0
4011,2999,3,2024-04-03,2025-02-27,Cancelled,649.0
4012,3000,1,2025-08-03,,Active,199.0
4013,3001,3,2023-11-09,2024-09-04,Cancelled,649.0
4014,3002,1,2025-11-14,,Active,199.0
4015,3003,2,2019-11-18,2020-11-12,Cancelled,499.0
4016,3003,1,2020-11-20,2021-12-15,Cancelled,199.0
4017,3004,3,2019-07-19,2020-05-14,Cancelled,649.0
4018,3004,2,2020-07-12,2021-07-07,Cancelled,499.0
4019,3004,3,2021-07-27,,Active,649.0
4020,3005,2,2023-12-30,2025-02-22,Cancelled,499.0
4021,3005,2,2025-03-18,,Active,499.0
4022,3006,3,2023-05-14,2025-03-04,Cancelled,649.0
4023,3006,2,2025-03-07,,Active,499.0
4024,3007,1,2024-02-28,2024-03-29,Cancelled,199.0
4025,3008,3,2026-05-11,,Active,649.0
4026,3009,2,2019-10-26,2021-03-19,Cancelled,499.0
4027,3010,2,2025-12-23,,Active,499.0
4028,3011,1,2019-06-16,,Active,199.0
4029,3012,3,2022-12-09,,Active,649.0
4030,3013,2,2025-03-27,2025-05-26,Cancelled,499.0
4031,3014,1,2024-02-07,,Active,199.0
4032,3015,1,2020-09-01,2021-04-29,Cancelled,199.0
4033,3016,1,2023-07-13,,Active,199.0
4034,3017,2,2025-10-05,2026-04-03,Cancelled,499.0
4035,3017,1,2026-04-17,,Active,199.0
4036,3018,1,2020-07-10,2021-09-03,Cancelled,199.0
4037,3019,1,2026-01-10,,Active,199.0
4038,3020,2,2023-11-23,2025-02-15,Cancelled,499.0
4039,3020,3,2025-03-04,,Active,649.0
4040,3021,2,2019-08-26,2019-10-25,Cancelled,499.0
4041,3021,3,2019-11-13,,Active,649.0
4042,3022,1,2021-07-01,2022-09-24,Cancelled,199.0
4043,3023,2,2025-06-18,,Active,499.0
4044,3024,3,2021-07-14,2022-01-10,Cancelled,649.0
4045,3024,2,2022-03-03,2022-07-31,Cancelled,499.0
4046,3024,3,2022-09-08,2022-12-07,Cancelled,649.0
4047,3025,1,2026-02-05,,Active,199.0
4048,3026,3,2022-02-23,2024-01-14,Cancelled,649.0
4049,3026,3,2024-02-07,2025-07-01,Cancelled,649.0
4050,3027,2,2021-07-27,2022-05-23,Cancelled,499.0
4051,3028,2,2025-05-22,,Active,499.0
4052,3029,3,2024-11-20,2026-03-15,Cancelled,649.0
4053,3029,2,2026-04-25,,Active,499.0
4054,3030,1,2020-10-14,,Active,199.0
4055,3031,1,2024-11-08,,Active,199.0
4056,3032,2,2020-11-17,2022-05-11,Cancelled,499.0
4057,3032,2,2022-05-29,2023-01-24,Cancelled,499.0
4058,3033,2,2025-09-18,2025-10-18,Cancelled,499.0
4059,3034,2,2019-01-21,,Active,499.0
4060,3035,3,2023-12-19,2024-02-17,Cancelled,649.0
4061,3036,1,2020-02-29,2020-06-28,Cancelled,199.0
4062,3037,2,2024-01-28,2025-08-20,Cancelled,499.0
4063,3038,1,2026-05-03,,Active,199.0
4064,3039,2,2024-01-02,2024-10-28,Cancelled,499.0
4065,3040,1,2022-04-02,,Active,199.0
4066,3041,2,2025-03-04,,Active,499.0
4067,3042,3,2020-06-18,2022-02-08,Cancelled,649.0
4068,3043,3,2023-01-27,2024-10-18,Cancelled,649.0
4069,3044,2,2026-03-29,,Active,499.0
4070,3045,2,2021-09-01,2022-09-26,Cancelled,499.0
4071,3046,2,2019-03-16,2021-01-04,Cancelled,499.0
4072,3046,2,2021-01-28,2021-04-28,Cancelled,499.0
4073,3047,1,2022-04-23,2023-12-14,Cancelled,199.0
4074,3048,1,2022-08-18,2023-07-14,Cancelled,199.0
4075,3049,3,2025-02-01,,Active,649.0
4076,3050,3,2025-01-12,,Active,649.0
4077,3051,1,2021-07-20,2022-07-15,Cancelled,199.0
4078,3051,3,2022-08-24,2024-07-14,Cancelled,649.0
4079,3052,3,2024-10-16,2025-11-10,Cancelled,649.0
4080,3053,2,2020-01-27,2020-04-26,Cancelled,499.0
4081,3054,1,2020-06-02,,Active,199.0
4082,3055,2,2023-07-12,2024-02-07,Cancelled,499.0
4083,3055,3,2024-02-15,2024-05-15,Cancelled,649.0
4084,3056,1,2024-04-21,2025-04-16,Cancelled,199.0
4085,3057,2,2025-01-19,,Active,499.0
4086,3058,1,2023-08-31,2024-03-28,Cancelled,199.0
4087,3059,2,2019-12-16,,Active,499.0
4088,3060,1,2024-01-23,2024-07-21,Cancelled,199.0
4089,3060,1,2024-09-01,2025-12-25,Cancelled,199.0
4090,3060,2,2026-01-11,,Active,499.0
4091,3061,2,2022-03-21,,Active,499.0
4092,3062,3,2020-12-29,2021-08-26,Cancelled,649.0
4093,3062,2,2021-10-06,2022-08-02,Cancelled,499.0
4094,3063,3,2021-07-17,2022-10-10,Cancelled,649.0
4095,3063,1,2022-12-08,,Active,199.0
4096,3064,3,2025-01-28,,Active,649.0
4097,3065,2,2020-05-01,2021-08-24,Cancelled,499.0
4098,3066,2,2023-03-12,,Active,499.0
4099,3067,2,2019-08-16,,Active,499.0
4100,3068,2,2024-06-08,2025-05-04,Cancelled,499.0
4101,3069,1,2020-02-15,2021-08-08,Cancelled,199.0
4102,3070,2,2026-01-16,,Active,499.0
4103,3071,2,2025-08-11,,Active,499.0
4104,3072,2,2025-05-31,,Active,499.0
4105,3073,3,2021-08-12,,Active,649.0
4106,3074,2,2024-11-12,,Active,499.0
4107,3075,2,2020-01-04,,Active,499.0
4108,3076,2,2021-03-04,2021-08-31,Cancelled,499.0
4109,3076,2,2021-09-23,2022-12-17,Cancelled,499.0
4110,3076,1,2023-01-01,,Active,199.0
4111,3077,2,2019-12-29,2020-10-24,Cancelled,499.0
4112,3078,2,2019-05-29,,Active,499.0
4113,3079,3,2021-10-01,2022-11-25,Cancelled,649.0
4114,3079,2,2022-12-05,2023-10-31,Cancelled,499.0
4115,3080,2,2023-04-23,2023-10-20,Cancelled,499.0
4116,3081,3,2025-06-19,2025-10-17,Cancelled,649.0
4117,3081,3,2025-10-21,2026-03-20,Cancelled,649.0
4118,3082,2,2019-04-05,2020-05-29,Cancelled,499.0
4119,3082,2,2020-07-15,2021-07-10,Cancelled,499.0
4120,3083,1,2022-01-19,2023-03-15,Cancelled,199.0
4121,3083,1,2023-05-13,2025-02-01,Cancelled,199.0
4122,3084,3,2024-05-09,2025-01-04,Cancelled,649.0
4123,3085,2,2020-07-05,2021-08-29,Cancelled,499.0
4124,3086,3,2024-07-10,,Active,649.0
4125,3087,2,2023-04-11,2023-12-07,Cancelled,499.0
4126,3088,1,2023-03-22,,Active,199.0
4127,3089,1,2019-12-09,,Active,199.0
4128,3090,2,2020-04-05,,Active,499.0
4129,3091,2,2025-07-30,2025-12-27,Cancelled,499.0
4130,3092,1,2025-07-25,,Active,199.0
4131,3093,1,2022-05-24,2024-02-13,Cancelled,199.0
4132,3094,2,2023-06-20,,Active,499.0
4133,3095,3,2023-01-23,2023-11-19,Cancelled,649.0
4134,3096,2,2022-11-10,2023-11-05,Cancelled,499.0
4135,3096,1,2023-12-22,2024-08-18,Cancelled,199.0
4136,3097,3,2024-05-04,,Active,649.0
4137,3098,1,2023-04-04,2024-10-25,Cancelled,199.0
4138,3099,1,2019-12-09,,Active,199.0
4139,3100,1,2019-08-15,,Active,199.0
4140,3101,1,2025-05-16,,Active,199.0
4141,3102,1,2024-07-20,2025-06-15,Cancelled,199.0
4142,3103,1,2020-06-28,,Active,199.0
4143,3104,2,2019-06-16,,Active,499.0
4144,3105,2,2020-08-23,,Active,499.0
4145,3106,1,2023-05-03,2024-09-24,Cancelled,199.0
4146,3106,1,2024-10-02,2024-12-31,Cancelled,199.0
4147,3107,2,2023-05-18,2023-12-14,Cancelled,499.0
4148,3107,1,2024-01-05,2024-03-05,Cancelled,199.0
4149,3108,1,2020-04-08,2021-12-29,Cancelled,199.0
4150,3109,3,2020-04-27,2021-07-21,Cancelled,649.0
4151,3109,3,2021-08-29,2021-10-28,Cancelled,649.0
4152,3110,2,2020-07-22,2021-03-19,Cancelled,499.0
4153,3110,1,2021-04-15,2023-02-04,Cancelled,199.0
4154,3110,1,2023-03-22,2023-09-18,Cancelled,199.0
4155,3111,2,2022-04-28,,Active,499.0
4156,3112,1,2020-09-30,2022-07-22,Cancelled,199.0
4157,3113,1,2022-06-03,2023-12-25,Cancelled,199.0
4158,3114,1,2019-02-09,2020-10-31,Cancelled,199.0
4159,3114,1,2020-12-02,2021-11-27,Cancelled,199.0
4160,3115,1,2026-01-07,2026-03-08,Cancelled,199.0
4161,3115,1,2026-03-31,,Active,199.0
4162,3116,2,2025-09-07,,Active,499.0
4163,3117,3,2021-07-16,2021-11-13,Cancelled,649.0
4164,3117,2,2021-11-18,2022-03-18,Cancelled,499.0
4165,3118,2,2025-01-10,2025-09-07,Cancelled,499.0
4166,3118,2,2025-09-11,2026-04-09,Cancelled,499.0
4167,3119,2,2023-01-05,2023-04-05,Cancelled,499.0
4168,3120,2,2019-03-27,2021-02-14,Cancelled,499.0
4169,3120,1,2021-03-16,2022-10-07,Cancelled,199.0
4170,3121,2,2021-02-18,,Active,499.0
4171,3122,3,2019-06-06,2020-12-27,Cancelled,649.0
4172,3123,3,2024-04-22,,Active,649.0
4173,3124,2,2024-11-13,2025-12-08,Cancelled,499.0
4174,3124,1,2025-12-21,2026-03-21,Cancelled,199.0
4175,3125,1,2023-08-17,2024-12-09,Cancelled,199.0
4176,3126,1,2019-01-19,2020-02-13,Cancelled,199.0
4177,3127,2,2020-10-08,,Active,499.0
4178,3128,2,2022-07-08,,Active,499.0
4179,3129,2,2020-02-01,2021-07-25,Cancelled,499.0
4180,3129,2,2021-08-02,2023-05-24,Cancelled,499.0
4181,3129,2,2023-06-08,,Active,499.0
4182,3130,3,2019-10-21,2020-03-19,Cancelled,649.0
4183,3131,1,2021-04-13,2023-03-04,Cancelled,199.0
4184,3131,2,2023-03-30,2023-06-28,Cancelled,499.0
4185,3132,2,2023-06-08,2024-10-30,Cancelled,499.0
4186,3132,3,2024-11-08,,Active,649.0
4187,3133,1,2019-08-31,2021-06-21,Cancelled,199.0
4188,3134,3,2026-06-26,,Active,649.0
4189,3135,1,2022-06-10,,Active,199.0
4190,3136,1,2020-04-15,2021-08-08,Cancelled,199.0
4191,3137,2,2019-02-24,2020-01-20,Cancelled,499.0
4192,3138,2,2026-03-04,,Active,499.0
4193,3139,1,2023-06-16,2024-03-12,Cancelled,199.0
4194,3139,2,2024-04-20,2025-08-13,Cancelled,499.0
4195,3139,3,2025-08-26,,Active,649.0
4196,3140,1,2025-06-27,2026-04-23,Cancelled,199.0
4197,3141,3,2024-10-27,,Active,649.0
4198,3142,2,2026-05-23,,Active,499.0
4199,3143,1,2025-09-02,2026-01-30,Cancelled,199.0
4200,3144,3,2024-09-28,,Active,649.0
4201,3145,3,2025-05-19,,Active,649.0
4202,3146,1,2025-06-04,2025-11-01,Cancelled,199.0
4203,3147,3,2020-11-28,,Active,649.0
4204,3148,2,2023-06-17,,Active,499.0
4205,3149,3,2026-05-23,,Active,649.0
4206,3150,2,2025-07-02,,Active,499.0
4207,3151,1,2019-10-16,2020-06-12,Cancelled,199.0
4208,3151,1,2020-07-07,,Active,199.0
4209,3152,2,2019-11-02,2021-09-22,Cancelled,499.0
4210,3152,1,2021-10-08,,Active,199.0
4211,3153,2,2020-07-01,,Active,499.0
4212,3154,2,2024-07-23,2024-10-21,Cancelled,499.0
4213,3155,2,2021-12-14,2022-08-11,Cancelled,499.0
4214,3155,3,2022-09-06,2022-11-05,Cancelled,649.0
4215,3156,3,2023-09-18,2025-06-09,Cancelled,649.0
4216,3157,1,2020-01-18,,Active,199.0
4217,3158,2,2019-06-13,,Active,499.0
4218,3159,3,2024-10-11,2026-03-05,Cancelled,649.0
4219,3160,1,2021-03-09,2022-10-30,Cancelled,199.0
4220,3161,1,2019-04-29,2020-11-19,Cancelled,199.0
4221,3161,1,2020-11-20,2022-03-15,Cancelled,199.0
4222,3162,1,2020-08-14,2022-02-05,Cancelled,199.0
4223,3163,1,2021-06-03,2022-07-28,Cancelled,199.0
4224,3163,2,2022-08-02,2023-04-29,Cancelled,499.0
4225,3164,1,2022-01-14,,Active,199.0
4226,3165,2,2025-09-21,2025-11-20,Cancelled,499.0
4227,3165,1,2025-12-31,,Active,199.0
4228,3166,1,2020-06-27,2021-03-24,Cancelled,199.0
4229,3166,1,2021-04-17,2022-06-11,Cancelled,199.0
4230,3166,1,2022-07-29,2024-05-19,Cancelled,199.0
4231,3167,2,2023-07-13,2024-01-09,Cancelled,499.0
4232,3167,3,2024-01-27,2025-08-19,Cancelled,649.0
4233,3168,1,2021-01-22,2022-08-15,Cancelled,199.0
4234,3169,2,2022-09-26,2023-07-23,Cancelled,499.0
4235,3169,1,2023-08-19,,Active,199.0
4236,3170,2,2021-03-21,2022-04-15,Cancelled,499.0
4237,3170,3,2022-04-27,2024-02-16,Cancelled,649.0
4238,3171,3,2021-07-31,,Active,649.0
4239,3172,2,2023-07-01,2023-09-29,Cancelled,499.0
4240,3173,3,2023-06-03,2025-01-23,Cancelled,649.0
4241,3173,2,2025-02-06,,Active,499.0
4242,3174,1,2020-01-05,2020-03-05,Cancelled,199.0
4243,3175,2,2020-03-04,2020-12-29,Cancelled,499.0
4244,3175,2,2021-02-13,2022-07-08,Cancelled,499.0
4245,3176,3,2020-10-22,2021-02-19,Cancelled,649.0
4246,3177,2,2025-09-28,,Active,499.0
4247,3178,1,2021-05-18,,Active,199.0
4248,3179,3,2023-05-02,2024-12-22,Cancelled,649.0
4249,3180,2,2022-05-14,,Active,499.0
4250,3181,1,2021-08-27,2022-05-24,Cancelled,199.0
4251,3182,3,2019-04-15,,Active,649.0
4252,3183,2,2022-04-22,2022-09-19,Cancelled,499.0
4253,3183,2,2022-11-12,2024-08-03,Cancelled,499.0
4254,3183,1,2024-08-08,,Active,199.0
4255,3184,3,2026-06-28,,Active,649.0
4256,3185,2,2026-01-20,,Active,499.0
4257,3186,2,2021-04-02,,Active,499.0
4258,3187,3,2022-12-30,2024-09-20,Cancelled,649.0
4259,3187,1,2024-10-08,2025-06-05,Cancelled,199.0
4260,3188,3,2021-02-25,,Active,649.0
4261,3189,1,2025-11-28,,Active,199.0
4262,3190,1,2023-02-28,,Active,199.0
4263,3191,1,2025-11-24,,Active,199.0
4264,3192,2,2025-05-27,2025-10-24,Cancelled,499.0
4265,3193,3,2021-06-15,2021-11-12,Cancelled,649.0
4266,3194,1,2022-06-04,2023-03-01,Cancelled,199.0
4267,3194,1,2023-03-10,,Active,199.0
4268,3195,1,2023-04-09,2025-02-27,Cancelled,199.0
4269,3195,1,2025-03-20,,Active,199.0
4270,3196,3,2020-11-12,2022-05-06,Cancelled,649.0
4271,3196,3,2022-07-01,2023-01-27,Cancelled,649.0
4272,3196,1,2023-03-24,2024-09-14,Cancelled,199.0
4273,3197,3,2025-03-26,,Active,649.0
4274,3198,1,2023-03-30,2025-02-17,Cancelled,199.0
4275,3198,2,2025-03-15,2026-03-10,Cancelled,499.0
4276,3198,3,2026-04-10,,Active,649.0
4277,3199,1,2020-07-21,2021-04-17,Cancelled,199.0
4278,3199,2,2021-05-12,2023-04-02,Cancelled,499.0
4279,3200,3,2022-08-15,2022-11-13,Cancelled,649.0
4280,3201,2,2025-02-27,2026-06-22,Cancelled,499.0
4281,3201,2,2026-08-05,,Active,499.0
4282,3202,2,2022-03-04,2023-01-28,Cancelled,499.0
4283,3202,2,2023-02-21,2023-10-19,Cancelled,499.0
4284,3203,1,2024-04-28,2024-07-27,Cancelled,199.0
4285,3203,2,2024-07-30,2025-11-22,Cancelled,499.0
4286,3203,1,2025-12-18,2026-03-18,Cancelled,199.0
4287,3204,2,2026-05-17,,Active,499.0
4288,3205,2,2021-07-06,,Active,499.0
4289,3206,2,2026-06-19,,Active,499.0
4290,3207,2,2022-02-08,,Active,499.0
4291,3208,2,2023-03-19,,Active,499.0
4292,3209,2,2024-10-17,2025-11-11,Cancelled,499.0
4293,3210,3,2019-07-06,,Active,649.0
4294,3211,1,2024-04-04,2024-05-04,Cancelled,199.0
4295,3212,1,2023-04-02,2024-11-22,Cancelled,199.0
4296,3213,3,2023-11-30,2024-02-28,Cancelled,649.0
4297,3214,1,2026-02-20,,Active,199.0
4298,3215,1,2022-08-21,2023-12-14,Cancelled,199.0
4299,3216,2,2025-12-09,,Active,499.0
4300,3217,2,2023-04-04,2023-11-30,Cancelled,499.0
4301,3217,2,2023-12-22,2025-08-13,Cancelled,499.0
4302,3218,1,2020-08-13,2022-01-05,Cancelled,199.0
4303,3218,2,2022-02-12,2023-11-04,Cancelled,499.0
4304,3219,2,2023-11-22,2024-11-16,Cancelled,499.0
4305,3219,2,2024-12-23,2025-08-20,Cancelled,499.0
4306,3220,2,2020-06-04,2021-11-26,Cancelled,499.0
4307,3220,3,2022-01-05,,Active,649.0
4308,3221,3,2025-09-28,2026-02-25,Cancelled,649.0
4309,3221,2,2026-03-09,,Active,499.0
4310,3222,1,2020-02-21,2021-02-15,Cancelled,199.0
4311,3222,1,2021-03-02,2021-09-28,Cancelled,199.0
4312,3223,2,2022-09-27,2022-12-26,Cancelled,499.0
4313,3224,3,2025-02-22,2026-04-18,Cancelled,649.0
4314,3225,3,2019-01-26,2020-05-20,Cancelled,649.0
4315,3225,3,2020-06-28,2021-01-24,Cancelled,649.0
4316,3225,2,2021-03-02,,Active,499.0
4317,3226,2,2022-09-03,2024-01-26,Cancelled,499.0
4318,3226,1,2024-03-22,2025-03-17,Cancelled,199.0
4319,3226,2,2025-04-25,,Active,499.0
4320,3227,1,2022-10-18,,Active,199.0
4321,3228,1,2021-07-14,2022-04-10,Cancelled,199.0
4322,3228,2,2022-05-29,2023-02-23,Cancelled,499.0
4323,3228,1,2023-04-19,2024-09-10,Cancelled,199.0
4324,3229,2,2024-01-17,2024-11-12,Cancelled,499.0
4325,3230,2,2021-06-08,2022-09-01,Cancelled,499.0
4326,3230,1,2022-09-25,,Active,199.0
4327,3231,2,2021-10-22,2022-09-17,Cancelled,499.0
4328,3231,2,2022-11-05,2024-06-27,Cancelled,499.0
4329,3232,3,2021-01-24,2021-11-20,Cancelled,649.0
4330,3233,3,2023-09-06,2024-07-02,Cancelled,649.0
4331,3234,3,2025-08-13,,Active,649.0
4332,3235,3,2020-05-01,,Active,649.0
4333,3236,2,2022-01-26,2022-09-23,Cancelled,499.0
4334,3237,1,2020-09-10,,Active,199.0
4335,3238,1,2020-10-30,,Active,199.0
4336,3239,2,2026-04-14,,Active,499.0
4337,3240,3,2024-04-29,2026-02-18,Cancelled,649.0
4338,3240,2,2026-03-17,,Active,499.0
4339,3241,3,2026-01-29,,Active,649.0
4340,3242,2,2023-10-06,,Active,499.0
4341,3243,2,2023-12-30,2024-12-24,Cancelled,499.0
4342,3244,2,2024-05-12,,Active,499.0
4343,3245,1,2023-11-23,2025-08-14,Cancelled,199.0
4344,3245,2,2025-08-25,2026-04-22,Cancelled,499.0
4345,3246,2,2025-02-28,2025-07-28,Cancelled,499.0
4346,3246,1,2025-08-30,,Active,199.0
4347,3247,1,2021-06-11,2023-05-02,Cancelled,199.0
4348,3247,2,2023-05-22,2023-08-20,Cancelled,499.0
4349,3248,2,2019-10-05,2021-06-26,Cancelled,499.0
4350,3248,1,2021-07-27,2023-03-19,Cancelled,199.0
4351,3249,1,2022-08-30,2024-04-21,Cancelled,199.0
4352,3249,1,2024-05-22,2025-10-14,Cancelled,199.0
4353,3249,2,2025-12-07,,Active,499.0
4354,3250,3,2019-01-06,2019-07-05,Cancelled,649.0
4355,3251,3,2019-05-10,2020-11-30,Cancelled,649.0
4356,3252,1,2019-05-19,,Active,199.0
4357,3253,2,2019-07-31,,Active,499.0
4358,3254,2,2024-04-19,2024-11-15,Cancelled,499.0
4359,3255,1,2023-06-25,2023-09-23,Cancelled,199.0
4360,3256,2,2026-01-02,,Active,499.0
4361,3257,1,2021-03-04,,Active,199.0
4362,3258,2,2021-06-25,2022-01-21,Cancelled,499.0
4363,3258,3,2022-02-28,,Active,649.0
4364,3259,2,2022-09-03,,Active,499.0
4365,3260,1,2024-11-08,2025-05-07,Cancelled,199.0
4366,3261,1,2025-12-23,,Active,199.0
4367,3262,3,2024-06-19,2025-10-12,Cancelled,649.0
4368,3262,3,2025-12-01,,Active,649.0
4369,3263,1,2022-10-20,2023-08-16,Cancelled,199.0
4370,3263,1,2023-09-26,2024-11-19,Cancelled,199.0
4371,3264,2,2026-05-01,,Active,499.0
4372,3265,2,2020-05-11,,Active,499.0
4373,3266,3,2022-07-13,2022-08-12,Cancelled,649.0
4374,3266,1,2022-09-26,,Active,199.0
4375,3267,1,2020-11-06,,Active,199.0
4376,3268,2,2020-03-30,2021-03-25,Cancelled,499.0
4377,3268,3,2021-05-15,2023-01-05,Cancelled,649.0
4378,3269,2,2021-12-21,2022-10-17,Cancelled,499.0
4379,3270,2,2024-09-26,2025-06-23,Cancelled,499.0
4380,3271,1,2021-05-26,,Active,199.0
4381,3272,3,2025-02-19,2025-04-20,Cancelled,649.0
4382,3273,2,2023-07-31,,Active,499.0
4383,3274,2,2024-04-20,2026-02-09,Cancelled,499.0
4384,3274,2,2026-02-26,,Active,499.0
4385,3275,2,2020-10-27,2021-09-22,Cancelled,499.0
4386,3276,2,2025-06-21,2026-06-16,Cancelled,499.0
4387,3277,2,2020-07-11,2021-05-07,Cancelled,499.0
4388,3278,1,2021-10-13,2022-01-11,Cancelled,199.0
4389,3279,1,2024-11-14,2025-12-09,Cancelled,199.0
4390,3280,3,2024-03-05,2024-11-30,Cancelled,649.0
4391,3281,3,2021-03-30,2022-06-23,Cancelled,649.0
4392,3282,1,2020-12-23,,Active,199.0
4393,3283,3,2022-03-31,2023-07-24,Cancelled,649.0
4394,3284,1,2022-05-07,2024-03-27,Cancelled,199.0
4395,3284,2,2024-05-03,2024-07-02,Cancelled,499.0
4396,3284,2,2024-07-29,2025-04-25,Cancelled,499.0
4397,3285,2,2019-06-12,2020-05-07,Cancelled,499.0
4398,3286,3,2020-10-25,2022-08-16,Cancelled,649.0
4399,3286,2,2022-09-16,2024-01-09,Cancelled,499.0
4400,3286,3,2024-02-07,2024-03-08,Cancelled,649.0
4401,3287,3,2020-02-28,2020-11-24,Cancelled,649.0
4402,3288,3,2020-02-28,2020-08-26,Cancelled,649.0
4403,3288,2,2020-10-08,2021-12-02,Cancelled,499.0
4404,3289,2,2021-08-25,2021-12-23,Cancelled,499.0
4405,3290,2,2019-04-09,2020-03-04,Cancelled,499.0
4406,3291,1,2024-01-28,,Active,199.0
4407,3292,1,2024-01-13,2025-01-07,Cancelled,199.0
4408,3293,3,2020-08-26,2021-08-21,Cancelled,649.0
4409,3294,2,2025-07-24,2026-05-20,Cancelled,499.0
4410,3295,2,2023-06-14,2024-04-09,Cancelled,499.0
4411,3296,3,2021-05-10,2022-12-31,Cancelled,649.0
4412,3297,3,2020-06-15,2021-11-07,Cancelled,649.0
4413,3297,2,2021-11-18,,Active,499.0
4414,3298,3,2022-03-21,2024-02-09,Cancelled,649.0
4415,3299,2,2026-03-13,,Active,499.0
4416,3300,3,2019-01-10,2019-02-09,Cancelled,649.0
4417,3300,2,2019-02-27,2019-06-27,Cancelled,499.0
4418,3301,2,2019-02-25,2020-06-19,Cancelled,499.0
4419,3302,1,2022-02-04,2022-07-04,Cancelled,199.0
4420,3302,2,2022-08-30,,Active,499.0
4421,3303,2,2025-11-21,,Active,499.0
4422,3304,1,2021-02-09,2022-07-04,Cancelled,199.0
4423,3304,2,2022-07-09,2024-02-29,Cancelled,499.0
4424,3305,1,2024-08-08,,Active,199.0
4425,3306,1,2023-04-22,,Active,199.0
4426,3307,2,2020-06-29,,Active,499.0
4427,3308,3,2025-10-23,,Active,649.0
4428,3309,1,2020-03-23,2020-12-18,Cancelled,199.0
4429,3310,1,2022-10-17,,Active,199.0
4430,3311,1,2023-12-20,2025-06-12,Cancelled,199.0
4431,3311,1,2025-07-26,,Active,199.0
4432,3312,1,2024-01-24,2025-02-17,Cancelled,199.0
4433,3312,2,2025-03-04,,Active,499.0
4434,3313,3,2025-05-28,,Active,649.0
4435,3314,2,2024-04-15,2025-07-09,Cancelled,499.0
4436,3315,1,2023-12-05,,Active,199.0
4437,3316,2,2020-02-22,,Active,499.0
4438,3317,2,2021-04-19,2022-10-11,Cancelled,499.0
4439,3318,3,2021-08-06,2023-02-27,Cancelled,649.0
4440,3319,1,2021-10-12,,Active,199.0
4441,3320,2,2019-11-06,2020-07-03,Cancelled,499.0
4442,3321,2,2019-09-18,2020-08-13,Cancelled,499.0
4443,3321,2,2020-09-17,2021-12-11,Cancelled,499.0
4444,3322,2,2022-04-21,2023-11-12,Cancelled,499.0
4445,3322,3,2023-11-29,2025-10-19,Cancelled,649.0
4446,3322,3,2025-11-20,,Active,649.0
4447,3323,2,2024-06-02,2026-03-24,Cancelled,499.0
4448,3323,2,2026-04-12,,Active,499.0
4449,3324,1,2025-08-26,2025-11-24,Cancelled,199.0
4450,3324,2,2025-12-22,,Active,499.0
4451,3325,2,2026-01-18,,Active,499.0
4452,3326,3,2022-08-09,,Active,649.0
4453,3327,1,2025-09-25,,Active,199.0
4454,3328,3,2022-06-02,2023-02-27,Cancelled,649.0
4455,3329,2,2022-07-20,,Active,499.0
4456,3330,2,2020-07-27,2021-01-23,Cancelled,499.0
4457,3331,3,2023-09-16,2024-08-11,Cancelled,649.0
4458,3332,3,2021-04-29,2021-12-25,Cancelled,649.0
4459,3332,1,2022-01-12,2023-11-03,Cancelled,199.0
4460,3332,2,2023-11-28,2025-09-18,Cancelled,499.0
4461,3333,1,2022-08-20,2024-03-12,Cancelled,199.0
4462,3334,2,2026-01-08,2026-03-09,Cancelled,499.0
4463,3335,2,2023-02-05,2024-01-01,Cancelled,499.0
4464,3335,1,2024-01-19,,Active,199.0
4465,3336,1,2021-04-09,2021-05-09,Cancelled,199.0
4466,3337,1,2024-01-10,2025-11-30,Cancelled,199.0
4467,3338,3,2024-06-25,2025-04-21,Cancelled,649.0
4468,3338,1,2025-05-30,,Active,199.0
4469,3339,1,2023-07-20,2025-03-11,Cancelled,199.0
4470,3339,3,2025-04-28,,Active,649.0
4471,3340,2,2019-04-26,,Active,499.0
4472,3341,2,2020-09-11,2021-01-09,Cancelled,499.0
4473,3341,1,2021-02-23,,Active,199.0
4474,3342,3,2019-12-18,2021-11-07,Cancelled,649.0
4475,3343,1,2026-03-01,,Active,199.0
4476,3344,2,2021-05-02,,Active,499.0
4477,3345,1,2022-07-22,2023-03-19,Cancelled,199.0
4478,3346,3,2025-10-04,,Active,649.0
4479,3347,1,2026-06-07,,Active,199.0
4480,3348,2,2020-08-23,2021-07-19,Cancelled,499.0
4481,3348,1,2021-08-19,,Active,199.0
4482,3349,3,2025-06-10,2025-07-10,Cancelled,649.0
4483,3349,2,2025-08-27,,Active,499.0
4484,3350,1,2024-06-12,2025-09-05,Cancelled,199.0
4485,3350,2,2025-09-30,2025-12-29,Cancelled,499.0
4486,3351,3,2023-08-09,,Active,649.0
4487,3352,2,2020-04-03,2022-01-23,Cancelled,499.0
4488,3352,3,2022-02-23,2023-06-18,Cancelled,649.0
4489,3352,3,2023-06-21,2024-04-16,Cancelled,649.0
4490,3353,2,2024-03-07,2024-06-05,Cancelled,499.0
4491,3353,2,2024-06-19,,Active,499.0
4492,3354,1,2023-08-05,2024-08-29,Cancelled,199.0
4493,3355,2,2022-05-06,2023-08-29,Cancelled,499.0
4494,3355,3,2023-09-25,2023-12-24,Cancelled,649.0
4495,3356,2,2023-05-26,2024-03-21,Cancelled,499.0
4496,3356,2,2024-04-14,2025-10-06,Cancelled,499.0
4497,3357,1,2020-07-30,,Active,199.0
4498,3358,2,2023-08-30,2024-07-25,Cancelled,499.0
4499,3359,1,2020-02-24,,Active,199.0
4500,3360,1,2021-02-22,2022-09-15,Cancelled,199.0
4501,3360,1,2022-11-09,2023-02-07,Cancelled,199.0
4502,3361,2,2022-09-17,,Active,499.0
4503,3362,3,2020-03-19,2022-01-08,Cancelled,649.0
4504,3363,1,2025-11-06,,Active,199.0
4505,3364,1,2025-08-24,2025-09-23,Cancelled,199.0
4506,3365,3,2022-07-22,2023-12-14,Cancelled,649.0
4507,3366,1,2023-04-09,2025-02-27,Cancelled,199.0
4508,3366,1,2025-03-18,,Active,199.0
4509,3367,1,2021-03-09,2021-08-06,Cancelled,199.0
4510,3367,2,2021-08-19,2023-01-11,Cancelled,499.0
4511,3368,2,2020-08-03,,Active,499.0
4512,3369,2,2026-03-16,,Active,499.0
4513,3370,2,2022-02-05,2022-11-02,Cancelled,499.0
4514,3371,1,2026-02-23,,Active,199.0
4515,3372,3,2019-07-03,2020-03-29,Cancelled,649.0
4516,3372,2,2020-04-13,2020-05-13,Cancelled,499.0
4517,3372,2,2020-05-17,2021-01-12,Cancelled,499.0
4518,3373,1,2019-10-20,2020-11-13,Cancelled,199.0
4519,3373,3,2020-11-23,2022-01-17,Cancelled,649.0
4520,3373,2,2022-03-10,2023-07-03,Cancelled,499.0
4521,3374,3,2022-07-25,2022-10-23,Cancelled,649.0
4522,3375,3,2024-11-10,2026-02-03,Cancelled,649.0
4523,3376,2,2022-03-06,2024-01-25,Cancelled,499.0
4524,3376,1,2024-03-23,2025-04-17,Cancelled,199.0
4525,3377,1,2025-04-18,,Active,199.0
4526,3378,2,2019-12-30,2021-07-22,Cancelled,499.0
4527,3378,2,2021-08-27,2022-08-22,Cancelled,499.0
4528,3378,2,2022-09-23,,Active,499.0
4529,3379,1,2025-06-02,,Active,199.0
4530,3380,1,2022-05-01,2023-04-26,Cancelled,199.0
4531,3381,2,2021-02-19,2021-09-17,Cancelled,499.0
4532,3382,2,2023-10-18,,Active,499.0
4533,3383,3,2024-11-01,2025-01-30,Cancelled,649.0
4534,3384,3,2025-12-17,,Active,649.0
4535,3385,1,2019-08-28,2020-01-25,Cancelled,199.0
4536,3386,1,2024-04-09,2025-07-03,Cancelled,199.0
4537,3386,3,2025-07-28,2025-11-25,Cancelled,649.0
4538,3387,2,2021-05-11,2022-03-07,Cancelled,499.0
4539,3388,2,2022-10-07,2024-08-27,Cancelled,499.0
4540,3389,3,2022-06-18,2023-09-11,Cancelled,649.0
4541,3390,1,2024-10-09,2025-08-05,Cancelled,199.0
4542,3390,1,2025-08-19,2026-06-15,Cancelled,199.0
4543,3390,1,2026-07-02,,Active,199.0
4544,3391,1,2021-12-26,2023-07-19,Cancelled,199.0
4545,3391,1,2023-08-09,2024-05-05,Cancelled,199.0
4546,3391,2,2024-05-06,2025-08-29,Cancelled,499.0
4547,3392,3,2021-02-05,,Active,649.0
4548,3393,2,2022-08-27,2023-05-24,Cancelled,499.0
4549,3394,1,2024-01-06,2024-12-01,Cancelled,199.0
4550,3395,2,2025-05-06,2025-12-02,Cancelled,499.0
4551,3396,1,2019-01-14,2020-04-08,Cancelled,199.0
4552,3397,3,2023-04-06,2024-04-30,Cancelled,649.0
4553,3397,2,2024-06-08,,Active,499.0
4554,3398,1,2019-07-18,2020-10-10,Cancelled,199.0
4555,3398,3,2020-12-06,2021-11-01,Cancelled,649.0
4556,3399,1,2023-08-25,2023-09-24,Cancelled,199.0
4557,3399,1,2023-11-06,,Active,199.0
4558,3400,2,2023-09-06,2024-04-03,Cancelled,499.0
4559,3400,2,2024-05-27,,Active,499.0
4560,3401,2,2025-05-30,,Active,499.0
4561,3402,3,2020-06-11,2021-01-07,Cancelled,649.0
4562,3402,3,2021-02-15,2021-06-15,Cancelled,649.0
4563,3402,1,2021-06-16,2021-07-16,Cancelled,199.0
4564,3403,3,2024-12-15,,Active,649.0
4565,3404,3,2024-02-29,2025-10-21,Cancelled,649.0
4566,3404,1,2025-10-30,,Active,199.0
4567,3405,3,2023-12-27,,Active,649.0
4568,3406,3,2023-10-10,,Active,649.0
4569,3407,2,2023-02-13,2023-10-11,Cancelled,499.0
4570,3407,3,2023-11-28,2024-06-25,Cancelled,649.0
4571,3408,2,2019-06-24,2020-04-19,Cancelled,499.0
4572,3408,2,2020-05-04,2021-10-26,Cancelled,499.0
4573,3408,2,2021-11-20,2023-04-14,Cancelled,499.0
4574,3409,2,2025-02-04,,Active,499.0
4575,3410,1,2021-12-10,2023-06-03,Cancelled,199.0
4576,3410,2,2023-06-25,2023-10-23,Cancelled,499.0
4577,3411,1,2019-10-14,2021-07-05,Cancelled,199.0
4578,3411,2,2021-08-27,2023-05-19,Cancelled,499.0
4579,3412,2,2023-08-06,2023-12-04,Cancelled,499.0
4580,3412,2,2024-01-25,,Active,499.0
4581,3413,1,2026-02-06,,Active,199.0
4582,3414,3,2024-05-07,2026-01-27,Cancelled,649.0
4583,3415,2,2020-11-04,2021-01-03,Cancelled,499.0
4584,3415,2,2021-03-01,2022-09-22,Cancelled,499.0
4585,3415,3,2022-10-19,,Active,649.0
4586,3416,3,2025-02-12,2026-06-07,Cancelled,649.0
4587,3417,1,2025-05-07,2025-09-04,Cancelled,199.0
4588,3418,1,2021-06-23,2023-04-14,Cancelled,199.0
4589,3418,3,2023-06-01,2023-12-28,Cancelled,649.0
4590,3418,2,2024-02-16,,Active,499.0
4591,3419,1,2022-12-02,,Active,199.0
4592,3420,3,2025-04-09,,Active,649.0
4593,3421,2,2020-03-07,2022-01-26,Cancelled,499.0
4594,3422,1,2021-08-27,2022-07-23,Cancelled,199.0
4595,3422,2,2022-09-10,2023-12-04,Cancelled,499.0
4596,3423,1,2022-06-03,,Active,199.0
4597,3424,1,2019-01-20,2020-10-11,Cancelled,199.0
4598,3424,2,2020-10-15,2022-01-08,Cancelled,499.0
4599,3425,2,2020-04-02,2020-07-31,Cancelled,499.0
4600,3426,2,2023-07-29,2024-07-23,Cancelled,499.0
4601,3427,1,2020-12-22,2021-12-17,Cancelled,199.0
4602,3428,2,2020-10-23,2021-08-19,Cancelled,499.0
4603,3429,2,2021-03-21,2021-08-18,Cancelled,499.0
4604,3429,3,2021-09-26,2021-12-25,Cancelled,649.0
4605,3430,2,2019-12-07,,Active,499.0
4606,3431,1,2023-10-10,,Active,199.0
4607,3432,2,2020-12-08,2021-03-08,Cancelled,499.0
4608,3432,3,2021-04-21,2021-06-20,Cancelled,649.0
4609,3432,3,2021-06-21,2022-01-17,Cancelled,649.0
4610,3433,3,2023-11-20,2025-07-12,Cancelled,649.0
4611,3433,2,2025-09-01,,Active,499.0
4612,3434,3,2025-03-16,,Active,649.0
4613,3435,3,2022-08-03,2024-06-23,Cancelled,649.0
4614,3435,3,2024-07-03,2026-05-24,Cancelled,649.0
4615,3436,3,2025-11-07,,Active,649.0
4616,3437,2,2020-06-21,2021-05-17,Cancelled,499.0
4617,3438,2,2026-03-18,,Active,499.0
4618,3439,1,2021-05-31,2022-03-27,Cancelled,199.0
4619,3439,3,2022-05-15,,Active,649.0
4620,3440,1,2021-04-09,2022-04-04,Cancelled,199.0
4621,3440,2,2022-05-02,2022-08-30,Cancelled,499.0
4622,3441,2,2026-05-05,,Active,499.0
4623,3442,2,2022-06-02,2022-09-30,Cancelled,499.0
4624,3442,3,2022-10-03,2023-03-02,Cancelled,649.0
4625,3442,2,2023-03-11,2024-12-30,Cancelled,499.0
4626,3443,1,2024-08-08,2025-01-05,Cancelled,199.0
4627,3443,1,2025-02-02,2026-05-28,Cancelled,199.0
4628,3444,2,2025-01-06,2026-03-02,Cancelled,499.0
4629,3445,2,2022-05-12,2024-04-01,Cancelled,499.0
4630,3446,1,2021-05-20,2022-11-11,Cancelled,199.0
4631,3447,1,2022-09-07,,Active,199.0
4632,3448,2,2021-11-20,2022-09-16,Cancelled,499.0
4633,3449,2,2022-02-14,2022-06-14,Cancelled,499.0
4634,3449,3,2022-06-28,2023-04-24,Cancelled,649.0
4635,3449,1,2023-06-13,2023-12-10,Cancelled,199.0
4636,3450,2,2020-10-11,2021-02-08,Cancelled,499.0
4637,3451,1,2025-11-09,,Active,199.0
4638,3452,1,2023-04-17,2023-05-17,Cancelled,199.0
4639,3452,3,2023-06-02,,Active,649.0
4640,3453,2,2024-12-21,,Active,499.0
4641,3454,1,2023-12-11,2025-05-04,Cancelled,199.0
4642,3454,2,2025-05-14,2025-12-10,Cancelled,499.0
4643,3455,3,2021-08-24,,Active,649.0
4644,3456,1,2021-05-21,2023-02-10,Cancelled,199.0
4645,3456,1,2023-04-04,2024-01-29,Cancelled,199.0
4646,3457,1,2026-05-13,,Active,199.0
4647,3458,2,2019-03-08,2019-05-07,Cancelled,499.0
4648,3458,3,2019-05-13,2020-04-07,Cancelled,649.0
4649,3459,2,2021-03-18,,Active,499.0
4650,3460,3,2024-07-07,,Active,649.0
4651,3461,2,2023-02-03,2023-12-30,Cancelled,499.0
4652,3462,3,2023-08-16,,Active,649.0
4653,3463,3,2019-03-01,,Active,649.0
4654,3464,1,2020-08-22,,Active,199.0
4655,3465,2,2023-06-30,2025-03-21,Cancelled,499.0
4656,3465,1,2025-04-15,2025-11-11,Cancelled,199.0
4657,3466,2,2021-05-11,2021-07-10,Cancelled,499.0
4658,3467,1,2022-07-12,2023-06-07,Cancelled,199.0
4659,3468,2,2026-03-05,,Active,499.0
4660,3469,2,2023-10-14,2025-01-06,Cancelled,499.0
4661,3470,2,2023-09-22,2024-06-18,Cancelled,499.0
4662,3471,1,2020-06-21,2022-01-12,Cancelled,199.0
4663,3472,2,2023-06-19,2024-06-13,Cancelled,499.0
4664,3472,2,2024-07-01,,Active,499.0
4665,3473,2,2026-03-13,,Active,499.0
4666,3474,1,2023-10-18,2024-03-16,Cancelled,199.0
4667,3475,1,2024-11-19,2025-02-17,Cancelled,199.0
4668,3475,3,2025-03-29,2026-02-22,Cancelled,649.0
4669,3476,3,2026-02-26,,Active,649.0
4670,3477,3,2025-10-03,,Active,649.0
4671,3478,1,2021-07-19,2022-04-15,Cancelled,199.0
4672,3478,2,2022-04-24,2024-02-13,Cancelled,499.0
4673,3479,3,2021-03-20,,Active,649.0
4674,3480,1,2021-02-08,2022-11-30,Cancelled,199.0
4675,3481,2,2024-10-09,2025-08-05,Cancelled,499.0
4676,3482,1,2021-10-28,2022-12-22,Cancelled,199.0
4677,3483,1,2025-03-02,,Active,199.0
4678,3484,1,2025-01-01,,Active,199.0
4679,3485,1,2023-12-29,2024-05-27,Cancelled,199.0
4680,3486,3,2019-11-28,,Active,649.0
4681,3487,3,2024-05-03,2025-10-25,Cancelled,649.0
4682,3487,2,2025-11-06,,Active,499.0
4683,3488,2,2020-07-20,2021-11-12,Cancelled,499.0
4684,3489,3,2023-02-22,2024-05-17,Cancelled,649.0
4685,3490,2,2020-09-16,2021-07-13,Cancelled,499.0
4686,3491,2,2019-06-19,2019-12-16,Cancelled,499.0
4687,3492,2,2023-10-09,2024-04-06,Cancelled,499.0
4688,3493,1,2022-05-20,2023-06-14,Cancelled,199.0
4689,3493,3,2023-06-25,,Active,649.0
4690,3494,3,2023-10-23,,Active,649.0
4691,3495,2,2022-09-05,2023-12-29,Cancelled,499.0
4692,3496,3,2021-10-15,2023-07-07,Cancelled,649.0
4693,3496,2,2023-08-13,2024-05-09,Cancelled,499.0
4694,3497,3,2019-02-12,2019-04-13,Cancelled,649.0
4695,3497,3,2019-06-07,2019-09-05,Cancelled,649.0
4696,3498,3,2021-01-26,2022-09-18,Cancelled,649.0
4697,3498,2,2022-10-24,2022-12-23,Cancelled,499.0
4698,3498,1,2023-02-04,2023-12-01,Cancelled,199.0
4699,3499,2,2025-08-07,,Active,499.0
4700,3500,1,2024-08-28,2024-09-27,Cancelled,199.0
4701,3501,2,2022-06-24,,Active,499.0
4702,3502,2,2019-03-28,2019-12-23,Cancelled,499.0
4703,3502,1,2020-01-28,2021-10-19,Cancelled,199.0
4704,3503,2,2026-05-20,,Active,499.0
4705,3504,2,2024-07-15,2026-06-05,Cancelled,499.0
4706,3505,2,2019-03-02,2020-09-22,Cancelled,499.0
4707,3506,3,2020-07-29,2020-09-27,Cancelled,649.0
4708,3506,2,2020-11-16,2021-06-14,Cancelled,499.0
4709,3507,3,2020-04-10,,Active,649.0
4710,3508,2,2025-10-07,2026-01-05,Cancelled,499.0
4711,3509,1,2026-02-26,,Active,199.0
4712,3510,3,2022-02-06,2022-05-07,Cancelled,649.0
4713,3510,1,2022-06-05,2022-07-05,Cancelled,199.0
4714,3511,2,2020-05-02,2022-02-21,Cancelled,499.0
4715,3512,3,2023-10-25,2025-09-14,Cancelled,649.0
4716,3513,3,2021-01-16,2022-11-07,Cancelled,649.0
4717,3514,2,2019-11-28,2021-03-22,Cancelled,499.0
4718,3514,3,2021-04-10,2021-08-08,Cancelled,649.0
4719,3515,2,2020-12-10,2021-04-09,Cancelled,499.0
4720,3515,2,2021-04-26,,Active,499.0
4721,3516,1,2020-11-26,2021-01-25,Cancelled,199.0
4722,3517,3,2019-05-27,2021-02-15,Cancelled,649.0
4723,3517,1,2021-04-09,2022-06-03,Cancelled,199.0
4724,3517,1,2022-07-08,2022-09-06,Cancelled,199.0
4725,3518,1,2024-04-02,2024-09-29,Cancelled,199.0
4726,3519,2,2021-08-22,2023-05-14,Cancelled,499.0
4727,3520,3,2023-02-15,2023-09-13,Cancelled,649.0
4728,3520,3,2023-09-22,2024-10-16,Cancelled,649.0
4729,3520,3,2024-12-02,,Active,649.0
4730,3521,2,2023-02-16,2024-10-08,Cancelled,499.0
4731,3522,1,2024-10-10,,Active,199.0
4732,3523,2,2024-09-18,,Active,499.0
4733,3524,2,2023-03-23,2023-10-19,Cancelled,499.0
4734,3524,2,2023-11-13,,Active,499.0
4735,3525,1,2025-04-13,,Active,199.0
4736,3526,2,2023-04-08,2023-12-04,Cancelled,499.0
4737,3527,1,2019-03-13,2020-04-06,Cancelled,199.0
4738,3527,3,2020-05-13,,Active,649.0
4739,3528,2,2025-06-07,,Active,499.0
4740,3529,3,2024-10-07,2025-04-05,Cancelled,649.0
4741,3529,1,2025-04-17,2025-09-14,Cancelled,199.0
4742,3530,1,2022-03-08,2023-04-02,Cancelled,199.0
4743,3531,2,2021-11-24,2022-10-20,Cancelled,499.0
4744,3532,1,2025-09-16,2025-10-16,Cancelled,199.0
4745,3533,2,2022-03-11,,Active,499.0
4746,3534,2,2021-10-16,,Active,499.0
4747,3535,1,2024-06-28,2024-12-25,Cancelled,199.0
4748,3536,1,2021-06-18,2021-10-16,Cancelled,199.0
4749,3537,3,2022-01-10,2022-04-10,Cancelled,649.0
4750,3538,1,2024-11-04,,Active,199.0
4751,3539,1,2020-09-03,,Active,199.0
4752,3540,1,2019-02-01,2020-08-24,Cancelled,199.0
4753,3540,2,2020-10-10,,Active,499.0
4754,3541,3,2021-07-10,,Active,649.0
4755,3542,3,2020-04-16,,Active,649.0
4756,3543,2,2021-09-17,,Active,499.0
4757,3544,2,2019-07-16,2020-10-08,Cancelled,499.0
4758,3544,1,2020-10-25,2022-07-17,Cancelled,199.0
4759,3545,1,2023-06-02,2024-07-26,Cancelled,199.0
4760,3545,2,2024-08-10,,Active,499.0
4761,3546,2,2022-11-03,2024-03-27,Cancelled,499.0
4762,3546,3,2024-04-17,2025-04-12,Cancelled,649.0
4763,3547,2,2021-01-15,2022-05-10,Cancelled,499.0
4764,3548,3,2023-09-16,2024-01-14,Cancelled,649.0
4765,3548,2,2024-01-19,2024-12-14,Cancelled,499.0
4766,3548,1,2025-02-03,2025-12-30,Cancelled,199.0
4767,3549,3,2020-01-31,2021-03-26,Cancelled,649.0
4768,3550,1,2019-01-29,2019-04-29,Cancelled,199.0
4769,3551,2,2022-07-29,2023-01-25,Cancelled,499.0
4770,3552,3,2020-03-18,2020-10-14,Cancelled,649.0
4771,3552,2,2020-11-08,,Active,499.0
4772,3553,1,2025-06-01,2026-02-26,Cancelled,199.0
4773,3553,2,2026-03-04,,Active,499.0
4774,3554,2,2021-04-08,2021-08-06,Cancelled,499.0
4775,3554,2,2021-09-04,2022-07-01,Cancelled,499.0
4776,3555,3,2022-03-19,2022-10-15,Cancelled,649.0
4777,3556,2,2021-03-16,2021-11-11,Cancelled,499.0
4778,3556,2,2021-12-24,2023-04-18,Cancelled,499.0
4779,3557,1,2022-04-02,,Active,199.0
4780,3558,1,2019-09-23,2021-06-14,Cancelled,199.0
4781,3559,3,2025-12-31,,Active,649.0
4782,3560,1,2020-04-18,2020-06-17,Cancelled,199.0
4783,3560,1,2020-08-02,2021-02-28,Cancelled,199.0
4784,3561,2,2021-12-18,2023-01-12,Cancelled,499.0
4785,3562,2,2025-05-08,2025-08-06,Cancelled,499.0
4786,3563,2,2022-03-13,2023-01-07,Cancelled,499.0
4787,3564,3,2024-04-02,2025-05-27,Cancelled,649.0
4788,3565,2,2019-07-07,,Active,499.0
4789,3566,3,2021-03-21,,Active,649.0
4790,3567,3,2024-09-11,,Active,649.0
4791,3568,2,2020-12-22,2022-04-16,Cancelled,499.0
4792,3568,2,2022-05-13,2023-09-05,Cancelled,499.0
4793,3569,3,2022-02-07,2023-09-30,Cancelled,649.0
4794,3570,3,2019-08-08,,Active,649.0
4795,3571,3,2022-10-13,2023-10-08,Cancelled,649.0
4796,3572,2,2021-08-13,2023-07-04,Cancelled,499.0
4797,3573,2,2025-06-13,2026-02-08,Cancelled,499.0
4798,3574,1,2021-12-25,2022-09-21,Cancelled,199.0
4799,3575,2,2025-03-14,,Active,499.0
4800,3576,3,2025-10-11,,Active,649.0
4801,3577,3,2025-04-16,2025-05-16,Cancelled,649.0
4802,3578,2,2024-07-27,2024-09-25,Cancelled,499.0
4803,3578,2,2024-11-16,2025-10-12,Cancelled,499.0
4804,3579,2,2023-05-18,2025-03-08,Cancelled,499.0
4805,3580,2,2022-08-04,2024-04-25,Cancelled,499.0
4806,3581,1,2019-08-11,,Active,199.0
4807,3582,2,2020-01-05,2020-07-03,Cancelled,499.0
4808,3583,2,2021-11-07,2023-08-29,Cancelled,499.0
4809,3583,1,2023-09-30,2024-05-27,Cancelled,199.0
4810,3584,2,2023-12-02,2024-12-26,Cancelled,499.0
4811,3585,2,2019-01-14,2020-10-05,Cancelled,499.0
4812,3585,2,2020-11-10,2021-12-05,Cancelled,499.0
4813,3585,3,2022-01-02,2022-04-02,Cancelled,649.0
4814,3586,3,2026-01-06,,Active,649.0
4815,3587,2,2026-06-11,,Active,499.0
4816,3588,2,2019-08-02,,Active,499.0
4817,3589,1,2019-09-21,2020-03-19,Cancelled,199.0
4818,3590,1,2025-05-12,2025-08-10,Cancelled,199.0
4819,3590,3,2025-10-06,,Active,649.0
4820,3591,2,2020-07-01,2021-10-24,Cancelled,499.0
4821,3592,1,2020-05-08,,Active,199.0
4822,3593,2,2020-05-27,2020-08-25,Cancelled,499.0
4823,3594,3,2024-04-04,2025-05-29,Cancelled,649.0
4824,3594,1,2025-06-04,2026-03-01,Cancelled,199.0
4825,3595,2,2019-12-30,2021-10-20,Cancelled,499.0
4826,3595,1,2021-10-29,,Active,199.0
4827,3596,3,2020-05-18,2021-05-13,Cancelled,649.0
4828,3597,3,2021-12-24,2023-08-16,Cancelled,649.0
4829,3597,1,2023-08-24,2024-04-20,Cancelled,199.0
4830,3597,3,2024-04-25,2025-07-19,Cancelled,649.0
4831,3598,2,2023-07-01,2024-04-26,Cancelled,499.0
4832,3599,3,2026-06-03,,Active,649.0
4833,3600,3,2020-10-12,2022-07-04,Cancelled,649.0
4834,3601,3,2020-11-28,2021-11-23,Cancelled,649.0
4835,3601,1,2021-12-03,2022-01-02,Cancelled,199.0
4836,3602,2,2023-01-23,,Active,499.0
4837,3603,2,2022-02-17,2024-01-08,Cancelled,499.0
4838,3603,2,2024-01-10,,Active,499.0
4839,3604,2,2023-07-02,2024-01-28,Cancelled,499.0
4840,3605,3,2020-11-05,2021-12-30,Cancelled,649.0
4841,3605,1,2022-01-03,,Active,199.0
4842,3606,3,2023-08-21,,Active,649.0
4843,3607,2,2025-12-08,,Active,499.0
4844,3608,1,2024-02-13,2024-08-11,Cancelled,199.0
4845,3609,1,2024-07-05,2024-09-03,Cancelled,199.0
4846,3609,1,2024-10-02,2026-01-25,Cancelled,199.0
4847,3610,1,2019-07-09,2019-08-08,Cancelled,199.0
4848,3611,1,2025-10-06,,Active,199.0
4849,3612,2,2024-04-09,,Active,499.0
4850,3613,2,2023-09-14,2024-06-10,Cancelled,499.0
4851,3613,2,2024-07-25,2024-09-23,Cancelled,499.0
4852,3614,1,2020-02-28,,Active,199.0
4853,3615,2,2023-02-25,2024-08-18,Cancelled,499.0
4854,3615,2,2024-10-11,2025-07-08,Cancelled,499.0
4855,3616,3,2024-01-28,2024-07-26,Cancelled,649.0
4856,3616,2,2024-09-17,,Active,499.0
4857,3617,2,2023-09-04,,Active,499.0
4858,3618,2,2019-12-06,2020-02-04,Cancelled,499.0
4859,3619,3,2019-04-23,2019-07-22,Cancelled,649.0
4860,3619,2,2019-07-24,,Active,499.0
4861,3620,1,2022-08-05,2022-11-03,Cancelled,199.0
4862,3621,1,2024-05-17,2025-01-12,Cancelled,199.0
4863,3621,2,2025-02-20,2025-04-21,Cancelled,499.0
4864,3622,2,2021-11-24,2023-01-18,Cancelled,499.0
4865,3623,2,2024-02-26,2025-09-18,Cancelled,499.0
4866,3624,1,2026-04-02,,Active,199.0
4867,3625,3,2025-09-01,,Active,649.0
4868,3626,2,2023-09-24,2024-12-17,Cancelled,499.0
4869,3626,2,2025-02-13,2025-10-11,Cancelled,499.0
4870,3627,2,2024-06-16,2026-04-07,Cancelled,499.0
4871,3628,1,2019-08-30,2021-04-21,Cancelled,199.0
4872,3628,2,2021-05-25,2023-04-15,Cancelled,499.0
4873,3629,1,2019-08-22,,Active,199.0
4874,3630,1,2024-04-03,2024-08-01,Cancelled,199.0
4875,3630,3,2024-08-25,,Active,649.0
4876,3631,1,2025-01-02,,Active,199.0
4877,3632,1,2020-06-15,2021-07-10,Cancelled,199.0
4878,3632,2,2021-07-17,,Active,499.0
4879,3633,3,2023-06-11,2024-10-03,Cancelled,649.0
4880,3634,3,2021-02-22,2021-10-20,Cancelled,649.0
4881,3634,2,2021-11-22,2023-06-15,Cancelled,499.0
4882,3635,2,2019-10-25,2021-07-16,Cancelled,499.0
4883,3635,3,2021-08-24,,Active,649.0
4884,3636,3,2021-11-02,,Active,649.0
4885,3637,2,2022-05-11,2023-10-03,Cancelled,499.0
4886,3638,3,2024-10-26,,Active,649.0
4887,3639,3,2025-06-25,,Active,649.0
4888,3640,1,2026-01-28,,Active,199.0
4889,3641,1,2019-10-14,2020-08-09,Cancelled,199.0
4890,3641,2,2020-09-21,2022-06-13,Cancelled,499.0
4891,3641,3,2022-07-02,2023-09-25,Cancelled,649.0
4892,3642,1,2025-12-05,,Active,199.0
4893,3643,2,2022-11-18,2024-04-11,Cancelled,499.0
4894,3643,3,2024-05-07,2025-09-29,Cancelled,649.0
4895,3644,3,2020-04-12,2021-09-04,Cancelled,649.0
4896,3645,3,2023-11-08,2024-07-05,Cancelled,649.0
4897,3646,3,2019-06-15,2019-12-12,Cancelled,649.0
4898,3647,3,2022-06-17,2023-09-10,Cancelled,649.0
4899,3647,1,2023-11-02,2025-06-24,Cancelled,199.0
4900,3648,2,2025-03-18,2025-05-17,Cancelled,499.0
4901,3649,1,2026-04-13,,Active,199.0
4902,3650,2,2021-02-28,2021-08-27,Cancelled,499.0
4903,3650,2,2021-10-23,2022-05-21,Cancelled,499.0
4904,3651,1,2020-04-22,,Active,199.0
4905,3652,1,2023-05-15,2023-06-14,Cancelled,199.0
4906,3653,3,2020-03-06,2021-05-30,Cancelled,649.0
4907,3653,1,2021-06-30,2021-10-28,Cancelled,199.0
4908,3654,2,2026-05-03,,Active,499.0
4909,3655,3,2021-06-16,2021-08-15,Cancelled,649.0
4910,3656,1,2020-05-25,2020-09-22,Cancelled,199.0
4911,3657,3,2020-10-13,2021-12-07,Cancelled,649.0
4912,3658,3,2021-10-23,2023-04-16,Cancelled,649.0
4913,3659,1,2024-07-23,2025-07-18,Cancelled,199.0
4914,3659,2,2025-08-31,2026-01-28,Cancelled,499.0
4915,3660,3,2025-07-03,,Active,649.0
4916,3661,3,2024-07-09,2025-08-03,Cancelled,649.0
4917,3661,2,2025-08-27,,Active,499.0
4918,3662,3,2023-11-15,2024-10-10,Cancelled,649.0
4919,3663,1,2021-01-09,,Active,199.0
4920,3664,1,2026-01-11,,Active,199.0
4921,3665,2,2026-06-30,,Active,499.0
4922,3666,1,2023-09-26,2024-09-20,Cancelled,199.0
4923,3666,2,2024-11-14,,Active,499.0
4924,3667,1,2024-11-14,2025-09-10,Cancelled,199.0
4925,3667,1,2025-11-08,2026-05-07,Cancelled,199.0
4926,3668,1,2021-04-11,2022-08-04,Cancelled,199.0
4927,3669,2,2022-05-09,2022-06-08,Cancelled,499.0
4928,3670,3,2025-01-13,,Active,649.0
4929,3671,2,2022-03-07,2023-06-30,Cancelled,499.0
4930,3672,1,2024-09-09,,Active,199.0
4931,3673,1,2025-06-12,,Active,199.0
4932,3674,3,2025-12-31,2026-03-31,Cancelled,649.0
4933,3675,1,2021-03-09,2022-09-30,Cancelled,199.0
4934,3676,1,2022-07-27,,Active,199.0
4935,3677,1,2021-11-22,2023-01-16,Cancelled,199.0
4936,3677,3,2023-03-03,2023-07-01,Cancelled,649.0
4937,3678,1,2022-10-08,2023-02-05,Cancelled,199.0
4938,3678,2,2023-02-23,2023-08-22,Cancelled,499.0
4939,3678,1,2023-09-02,2025-01-24,Cancelled,199.0
4940,3679,3,2024-07-26,,Active,649.0
4941,3680,1,2021-06-05,2022-12-27,Cancelled,199.0
4942,3681,1,2020-09-29,,Active,199.0
4943,3682,2,2021-01-05,2022-11-26,Cancelled,499.0
4944,3683,3,2024-09-28,2024-11-27,Cancelled,649.0
4945,3684,1,2026-06-21,,Active,199.0
4946,3685,2,2019-10-10,,Active,499.0
4947,3686,3,2026-04-29,,Active,649.0
4948,3687,3,2019-03-29,2020-02-22,Cancelled,649.0
4949,3687,1,2020-03-10,2020-08-07,Cancelled,199.0
4950,3688,2,2022-12-21,2023-06-19,Cancelled,499.0
4951,3689,1,2020-01-02,2021-09-23,Cancelled,199.0
4952,3690,1,2026-02-28,,Active,199.0
4953,3691,2,2024-09-17,2025-05-15,Cancelled,499.0
4954,3692,2,2021-09-02,2022-03-31,Cancelled,499.0
4955,3693,2,2024-02-23,2024-09-20,Cancelled,499.0
4956,3694,2,2025-05-16,,Active,499.0
4957,3695,3,2020-08-18,2021-08-13,Cancelled,649.0
4958,3695,2,2021-09-06,2023-05-29,Cancelled,499.0
4959,3696,2,2023-10-05,,Active,499.0
4960,3697,2,2021-03-31,2021-08-28,Cancelled,499.0
4961,3697,3,2021-10-26,2022-03-25,Cancelled,649.0
4962,3697,2,2022-04-29,2022-07-28,Cancelled,499.0
4963,3698,3,2024-05-17,2024-12-13,Cancelled,649.0
4964,3699,3,2023-04-03,2024-03-28,Cancelled,649.0
4965,3700,2,2024-05-20,2025-05-15,Cancelled,499.0
4966,3700,1,2025-06-24,2025-09-22,Cancelled,199.0
4967,3701,1,2023-10-10,,Active,199.0
4968,3702,3,2023-10-07,,Active,649.0
4969,3703,2,2019-08-20,,Active,499.0
4970,3704,2,2025-05-22,2026-04-17,Cancelled,499.0
4971,3704,3,2026-04-29,,Active,649.0
4972,3705,1,2020-04-14,,Active,199.0
4973,3706,2,2021-12-09,2022-03-09,Cancelled,499.0
4974,3707,1,2022-10-31,2023-10-26,Cancelled,199.0
4975,3708,3,2025-05-14,,Active,649.0
4976,3709,2,2023-09-19,2023-12-18,Cancelled,499.0
4977,3710,3,2020-05-17,2020-07-16,Cancelled,649.0
4978,3711,2,2021-02-23,2021-10-21,Cancelled,499.0
4979,3712,1,2020-07-01,2021-04-27,Cancelled,199.0
4980,3712,3,2021-06-20,,Active,649.0
4981,3713,1,2023-06-07,2024-04-02,Cancelled,199.0
4982,3713,3,2024-05-09,,Active,649.0
4983,3714,1,2024-05-18,,Active,199.0
4984,3715,2,2024-04-25,2025-12-16,Cancelled,499.0
4985,3716,2,2024-08-15,2025-05-12,Cancelled,499.0
4986,3716,2,2025-06-16,2026-05-12,Cancelled,499.0
4987,3716,1,2026-06-13,,Active,199.0
4988,3717,3,2024-04-05,2024-07-04,Cancelled,649.0
4989,3718,1,2025-10-06,,Active,199.0
4990,3719,3,2025-10-18,,Active,649.0
4991,3720,1,2021-01-22,2021-12-18,Cancelled,199.0
4992,3720,1,2022-01-21,2022-08-19,Cancelled,199.0
4993,3720,2,2022-09-04,2023-07-01,Cancelled,499.0
4994,3721,3,2021-04-13,2022-11-04,Cancelled,649.0
4995,3722,3,2019-06-03,2019-09-01,Cancelled,649.0
4996,3722,2,2019-09-17,,Active,499.0
4997,3723,2,2021-01-01,2021-09-28,Cancelled,499.0
4998,3723,2,2021-11-23,2023-09-14,Cancelled,499.0
4999,3723,2,2023-09-27,2025-02-18,Cancelled,499.0
5000,3724,3,2022-10-21,2023-05-19,Cancelled,649.0
5001,3724,2,2023-06-29,2023-10-27,Cancelled,499.0
5002,3724,2,2023-10-31,2024-05-28,Cancelled,499.0
5003,3725,3,2023-12-09,2025-07-01,Cancelled,649.0
5004,3725,2,2025-08-13,,Active,499.0
5005,3726,2,2025-07-24,,Active,499.0
5006,3727,2,2023-06-15,2025-02-04,Cancelled,499.0
5007,3728,3,2026-04-13,,Active,649.0
5008,3729,1,2023-02-23,2024-03-19,Cancelled,199.0
5009,3729,2,2024-05-10,2025-02-04,Cancelled,499.0
5010,3729,1,2025-03-07,2026-01-31,Cancelled,199.0
5011,3730,2,2025-06-06,2025-09-04,Cancelled,499.0
5012,3731,2,2025-01-21,,Active,499.0
5013,3732,1,2022-09-03,2023-01-31,Cancelled,199.0
5014,3732,1,2023-03-08,2024-12-27,Cancelled,199.0
5015,3733,3,2025-07-16,2025-12-13,Cancelled,649.0
5016,3734,1,2025-06-21,2025-07-21,Cancelled,199.0
5017,3734,3,2025-08-10,2025-09-09,Cancelled,649.0
5018,3734,2,2025-09-21,,Active,499.0
5019,3735,3,2021-05-05,2023-01-25,Cancelled,649.0
5020,3736,1,2020-08-08,2022-03-01,Cancelled,199.0
5021,3736,1,2022-03-30,2024-01-19,Cancelled,199.0
5022,3737,3,2019-11-29,2020-06-26,Cancelled,649.0
5023,3738,2,2025-11-27,,Active,499.0
5024,3739,2,2022-04-25,2022-10-22,Cancelled,499.0
5025,3740,3,2023-04-02,2023-12-28,Cancelled,649.0
5026,3740,2,2024-02-05,2025-01-30,Cancelled,499.0
5027,3741,2,2021-01-18,,Active,499.0
5028,3742,1,2021-12-02,,Active,199.0
5029,3743,1,2022-01-07,2023-04-02,Cancelled,199.0
5030,3743,1,2023-05-12,2025-04-01,Cancelled,199.0
5031,3744,1,2023-05-12,2024-01-07,Cancelled,199.0
5032,3744,1,2024-02-25,2024-06-24,Cancelled,199.0
5033,3745,1,2020-04-24,2020-10-21,Cancelled,199.0
5034,3745,2,2020-10-30,2022-06-22,Cancelled,499.0
5035,3746,2,2024-11-16,2025-01-15,Cancelled,499.0
5036,3746,2,2025-02-08,2026-05-04,Cancelled,499.0
5037,3746,2,2026-06-11,,Active,499.0
5038,3747,1,2021-12-05,2023-10-26,Cancelled,199.0
5039,3747,2,2023-12-10,2024-10-05,Cancelled,499.0
5040,3748,2,2020-10-19,2020-12-18,Cancelled,499.0
5041,3748,3,2021-02-03,,Active,649.0
5042,3749,1,2019-02-10,2020-12-01,Cancelled,199.0
5043,3750,1,2019-10-06,,Active,199.0
5044,3751,3,2021-01-07,2021-03-08,Cancelled,649.0
5045,3752,2,2024-06-30,2024-11-27,Cancelled,499.0
5046,3753,1,2025-05-29,2025-09-26,Cancelled,199.0
5047,3753,3,2025-11-08,,Active,649.0
5048,3754,3,2026-02-20,,Active,649.0
5049,3755,1,2021-03-26,2022-11-16,Cancelled,199.0
5050,3756,3,2023-10-11,2024-11-04,Cancelled,649.0
5051,3757,1,2021-01-04,2021-11-30,Cancelled,199.0
5052,3758,2,2020-01-26,2020-09-22,Cancelled,499.0
5053,3758,2,2020-10-02,2022-06-24,Cancelled,499.0
5054,3758,1,2022-06-29,,Active,199.0
5055,3759,1,2023-01-26,2024-08-18,Cancelled,199.0
5056,3759,1,2024-10-14,2025-08-10,Cancelled,199.0
5057,3760,2,2023-10-28,2023-12-27,Cancelled,499.0
5058,3761,2,2024-09-14,,Active,499.0
5059,3762,3,2019-11-16,,Active,649.0
5060,3763,2,2024-08-07,2025-10-31,Cancelled,499.0
5061,3764,3,2021-04-11,2022-06-05,Cancelled,649.0
5062,3765,3,2021-02-01,,Active,649.0
5063,3766,1,2019-03-28,,Active,199.0
5064,3767,2,2020-07-13,2022-03-05,Cancelled,499.0
5065,3767,1,2022-04-01,2024-01-21,Cancelled,199.0
5066,3767,2,2024-02-15,,Active,499.0
5067,3768,1,2022-08-27,,Active,199.0
5068,3769,1,2020-06-01,2021-08-25,Cancelled,199.0
5069,3769,3,2021-09-10,2021-12-09,Cancelled,649.0
5070,3769,1,2021-12-27,,Active,199.0
5071,3770,2,2021-05-29,2022-12-20,Cancelled,499.0
5072,3770,3,2022-12-28,,Active,649.0
5073,3771,1,2022-12-22,2024-02-15,Cancelled,199.0
5074,3772,2,2019-09-25,2020-05-22,Cancelled,499.0
5075,3773,1,2025-07-24,,Active,199.0
5076,3774,1,2021-04-26,2022-02-20,Cancelled,199.0
5077,3775,3,2024-09-09,2025-11-03,Cancelled,649.0
5078,3775,1,2025-11-18,,Active,199.0
5079,3776,2,2023-11-09,,Active,499.0
5080,3777,2,2024-08-19,,Active,499.0
5081,3778,2,2021-03-02,2022-11-22,Cancelled,499.0
5082,3778,1,2022-12-08,2024-05-01,Cancelled,199.0
5083,3779,2,2020-04-16,2020-06-15,Cancelled,499.0
5084,3779,1,2020-07-29,,Active,199.0
5085,3780,1,2020-01-27,,Active,199.0
5086,3781,3,2020-09-20,2020-10-20,Cancelled,649.0
5087,3781,3,2020-11-21,2021-01-20,Cancelled,649.0
5088,3782,2,2023-01-31,2023-10-28,Cancelled,499.0
5089,3782,2,2023-12-12,2025-11-01,Cancelled,499.0
5090,3783,2,2023-09-06,2023-10-06,Cancelled,499.0
5091,3783,2,2023-10-19,2024-11-12,Cancelled,499.0
5092,3784,3,2024-08-24,,Active,649.0
5093,3785,1,2026-03-23,,Active,199.0
5094,3786,1,2025-03-22,2025-07-20,Cancelled,199.0
5095,3786,2,2025-09-15,2026-05-13,Cancelled,499.0
5096,3786,2,2026-07-01,,Active,499.0
5097,3787,3,2021-09-04,2022-02-01,Cancelled,649.0
5098,3787,1,2022-04-01,,Active,199.0
5099,3788,2,2022-07-16,2022-09-14,Cancelled,499.0
5100,3788,2,2022-10-29,2023-09-24,Cancelled,499.0
5101,3789,1,2026-02-27,,Active,199.0
5102,3790,3,2024-04-30,,Active,649.0
5103,3791,1,2022-02-15,2024-01-06,Cancelled,199.0
5104,3791,1,2024-01-12,2024-04-11,Cancelled,199.0
5105,3792,2,2025-03-31,2025-05-30,Cancelled,499.0
5106,3792,3,2025-06-07,,Active,649.0
5107,3793,1,2020-01-08,2020-06-06,Cancelled,199.0
5108,3793,2,2020-06-30,,Active,499.0
5109,3794,3,2024-01-17,2024-08-14,Cancelled,649.0
5110,3795,3,2026-02-10,,Active,649.0
5111,3796,1,2022-12-14,,Active,199.0
5112,3797,3,2023-08-06,2023-11-04,Cancelled,649.0
5113,3797,2,2023-12-12,2024-04-10,Cancelled,499.0
5114,3797,1,2024-04-27,,Active,199.0
5115,3798,2,2019-06-14,2019-12-11,Cancelled,499.0
5116,3798,1,2020-02-05,,Active,199.0
5117,3799,1,2023-07-15,2025-04-05,Cancelled,199.0
5118,3800,1,2021-03-05,2021-06-03,Cancelled,199.0
5119,3801,2,2026-06-15,,Active,499.0
5120,3802,3,2021-05-25,,Active,649.0
5121,3803,3,2021-05-09,,Active,649.0
5122,3804,2,2021-12-17,2023-07-10,Cancelled,499.0
5123,3804,3,2023-08-18,2024-09-11,Cancelled,649.0
5124,3805,2,2024-03-23,2025-03-18,Cancelled,499.0
5125,3806,1,2026-02-16,,Active,199.0
5126,3807,1,2021-08-06,2023-06-27,Cancelled,199.0
5127,3807,3,2023-07-05,2025-03-26,Cancelled,649.0
5128,3808,2,2020-07-25,2021-09-18,Cancelled,499.0
5129,3809,2,2024-09-24,2025-06-21,Cancelled,499.0
5130,3810,2,2023-01-22,,Active,499.0
5131,3811,1,2022-05-30,2024-01-20,Cancelled,199.0
5132,3811,2,2024-01-25,2025-06-18,Cancelled,499.0
5133,3812,3,2026-06-06,,Active,649.0
5134,3813,2,2022-09-18,,Active,499.0
5135,3814,3,2023-08-22,2024-11-14,Cancelled,649.0
5136,3815,3,2026-05-11,,Active,649.0
5137,3816,2,2020-07-25,2021-05-21,Cancelled,499.0
5138,3817,1,2025-10-07,2026-04-05,Cancelled,199.0
5139,3817,2,2026-04-10,,Active,499.0
5140,3818,2,2026-03-14,2026-04-13,Cancelled,499.0
5141,3818,2,2026-06-03,,Active,499.0
5142,3819,2,2022-07-12,,Active,499.0
5143,3820,3,2021-07-09,,Active,649.0
5144,3821,1,2020-03-20,2021-10-11,Cancelled,199.0
5145,3822,1,2019-05-12,2020-05-06,Cancelled,199.0
5146,3822,2,2020-05-13,2020-10-10,Cancelled,499.0
5147,3823,2,2026-05-18,,Active,499.0
5148,3824,1,2022-03-27,2023-10-18,Cancelled,199.0
5149,3825,1,2024-01-03,,Active,199.0
5150,3826,1,2020-10-20,2022-03-14,Cancelled,199.0
5151,3826,2,2022-04-01,,Active,499.0
5152,3827,1,2021-06-05,2022-07-30,Cancelled,199.0
5153,3828,3,2025-02-20,,Active,649.0
5154,3829,3,2023-12-03,,Active,649.0
5155,3830,3,2020-08-25,,Active,649.0
5156,3831,1,2019-01-15,2019-04-15,Cancelled,199.0
5157,3831,2,2019-06-02,2019-07-02,Cancelled,499.0
5158,3832,3,2025-02-22,2025-12-19,Cancelled,649.0
5159,3832,1,2026-02-03,,Active,199.0
5160,3833,3,2019-08-08,,Active,649.0
5161,3834,1,2019-04-10,2021-01-29,Cancelled,199.0
5162,3835,2,2021-04-02,2021-06-01,Cancelled,499.0
5163,3835,1,2021-07-20,2022-10-13,Cancelled,199.0
5164,3836,2,2025-12-19,,Active,499.0
5165,3837,1,2023-10-31,2024-11-24,Cancelled,199.0
5166,3838,2,2019-04-26,2020-01-21,Cancelled,499.0
5167,3839,1,2025-11-15,,Active,199.0
5168,3840,2,2026-01-13,2026-03-14,Cancelled,499.0
5169,3841,3,2024-03-22,2025-09-13,Cancelled,649.0
5170,3841,2,2025-10-06,2026-01-04,Cancelled,499.0
5171,3841,2,2026-02-24,,Active,499.0
5172,3842,2,2019-07-21,,Active,499.0
5173,3843,1,2019-02-09,2020-11-30,Cancelled,199.0
5174,3844,3,2025-07-17,2026-04-13,Cancelled,649.0
5175,3844,3,2026-05-21,2026-06-20,Cancelled,649.0
5176,3844,1,2026-08-05,,Active,199.0
5177,3845,1,2025-03-02,2026-05-26,Cancelled,199.0
5178,3846,2,2025-03-26,2025-11-21,Cancelled,499.0
5179,3847,1,2022-08-25,2023-05-22,Cancelled,199.0
5180,3847,3,2023-06-30,2023-10-28,Cancelled,649.0
5181,3847,3,2023-10-29,,Active,649.0
5182,3848,1,2023-06-16,2023-09-14,Cancelled,199.0
5183,3848,3,2023-09-24,2025-05-16,Cancelled,649.0
5184,3849,2,2020-04-19,,Active,499.0
5185,3850,2,2019-04-09,,Active,499.0
5186,3851,2,2020-08-28,2022-07-19,Cancelled,499.0
5187,3852,1,2023-08-28,2024-02-24,Cancelled,199.0
5188,3853,3,2022-01-05,2022-09-02,Cancelled,649.0
5189,3853,3,2022-10-08,2023-03-07,Cancelled,649.0
5190,3854,3,2023-08-19,2024-09-12,Cancelled,649.0
5191,3855,3,2022-04-21,,Active,649.0
5192,3856,3,2023-03-06,,Active,649.0
5193,3857,2,2026-02-17,,Active,499.0
5194,3858,3,2023-09-26,2023-10-26,Cancelled,649.0
5195,3859,2,2026-02-25,,Active,499.0
5196,3860,2,2026-04-04,,Active,499.0
5197,3861,3,2023-08-19,2025-07-09,Cancelled,649.0
5198,3861,2,2025-07-23,,Active,499.0
5199,3862,3,2026-06-18,,Active,649.0
5200,3863,3,2020-11-12,,Active,649.0
5201,3864,3,2022-11-26,2023-06-24,Cancelled,649.0
5202,3865,2,2019-07-24,,Active,499.0
5203,3866,2,2019-09-09,,Active,499.0
5204,3867,2,2019-12-29,2020-03-28,Cancelled,499.0
5205,3868,2,2020-01-02,2021-08-24,Cancelled,499.0
5206,3869,3,2022-01-28,,Active,649.0
5207,3870,2,2024-05-26,2025-02-20,Cancelled,499.0
5208,3870,3,2025-04-01,2026-05-26,Cancelled,649.0
5209,3870,2,2026-06-15,,Active,499.0
5210,3871,1,2026-05-23,,Active,199.0
5211,3872,1,2026-05-12,,Active,199.0
5212,3873,3,2020-05-04,,Active,649.0
5213,3874,3,2022-04-08,2022-11-04,Cancelled,649.0
5214,3875,1,2022-03-27,2023-01-21,Cancelled,199.0
5215,3876,2,2019-09-26,,Active,499.0
5216,3877,3,2019-04-19,2019-09-16,Cancelled,649.0
5217,3878,1,2021-08-24,2023-01-16,Cancelled,199.0
5218,3879,2,2025-06-03,2026-05-29,Cancelled,499.0
5219,3880,2,2021-11-20,2023-09-11,Cancelled,499.0
5220,3881,2,2021-11-15,,Active,499.0
5221,3882,1,2026-06-21,,Active,199.0
5222,3883,1,2021-10-30,2022-04-28,Cancelled,199.0
5223,3883,3,2022-06-07,2024-03-28,Cancelled,649.0
5224,3883,2,2024-04-10,,Active,499.0
5225,3884,1,2024-02-23,,Active,199.0
5226,3885,3,2026-05-11,,Active,649.0
5227,3886,3,2019-11-19,2021-08-10,Cancelled,649.0
5228,3886,2,2021-08-17,2022-06-13,Cancelled,499.0
5229,3887,2,2022-10-30,2023-12-24,Cancelled,499.0
5230,3887,2,2024-01-10,2024-06-08,Cancelled,499.0
5231,3888,1,2021-07-11,,Active,199.0
5232,3889,2,2019-11-22,2021-07-14,Cancelled,499.0
5233,3889,2,2021-08-20,2022-07-16,Cancelled,499.0
5234,3890,3,2019-05-13,2019-11-09,Cancelled,649.0
5235,3891,3,2023-11-09,2025-07-01,Cancelled,649.0
5236,3891,2,2025-07-09,2025-10-07,Cancelled,499.0
5237,3892,1,2023-11-24,2024-02-22,Cancelled,199.0
5238,3892,2,2024-04-13,2026-03-04,Cancelled,499.0
5239,3893,3,2023-03-19,2023-06-17,Cancelled,649.0
5240,3893,2,2023-06-18,2024-05-13,Cancelled,499.0
5241,3893,1,2024-06-13,2025-07-08,Cancelled,199.0
5242,3894,2,2024-01-16,2025-03-11,Cancelled,499.0
5243,3895,2,2024-05-22,2025-05-17,Cancelled,499.0
5244,3895,3,2025-05-18,2026-05-13,Cancelled,649.0
5245,3895,1,2026-05-20,2026-06-19,Cancelled,199.0
5246,3896,2,2019-06-07,2020-11-28,Cancelled,499.0
5247,3897,1,2019-04-04,2020-01-29,Cancelled,199.0
5248,3897,3,2020-02-26,2021-08-19,Cancelled,649.0
5249,3898,3,2021-07-07,2022-04-03,Cancelled,649.0
5250,3898,1,2022-04-28,2023-01-23,Cancelled,199.0
5251,3899,2,2023-04-06,,Active,499.0
5252,3900,2,2025-10-07,,Active,499.0
5253,3901,1,2026-05-06,,Active,199.0
5254,3902,1,2025-03-13,2026-01-07,Cancelled,199.0
5255,3903,2,2021-03-08,2021-06-06,Cancelled,499.0
5256,3903,2,2021-07-29,,Active,499.0
5257,3904,1,2023-04-22,2023-07-21,Cancelled,199.0
5258,3904,1,2023-08-27,,Active,199.0
5259,3905,2,2019-11-14,2019-12-14,Cancelled,499.0
5260,3906,1,2022-08-19,2023-10-13,Cancelled,199.0
5261,3906,1,2023-10-15,2025-03-08,Cancelled,199.0
5262,3907,2,2019-09-28,2020-12-21,Cancelled,499.0
5263,3908,3,2026-06-11,,Active,649.0
5264,3909,2,2022-05-20,2023-08-13,Cancelled,499.0
5265,3909,3,2023-10-06,2025-08-26,Cancelled,649.0
5266,3910,2,2024-05-31,,Active,499.0
5267,3911,2,2019-10-12,2020-07-08,Cancelled,499.0
5268,3912,2,2026-02-21,2026-05-22,Cancelled,499.0
5269,3912,1,2026-05-26,,Active,199.0
5270,3913,3,2022-12-05,2024-03-29,Cancelled,649.0
5271,3914,2,2019-07-16,2021-05-06,Cancelled,499.0
5272,3914,2,2021-06-02,2022-04-28,Cancelled,499.0
5273,3915,1,2021-10-06,2023-01-29,Cancelled,199.0
5274,3916,2,2020-08-03,2020-09-02,Cancelled,499.0
5275,3916,3,2020-10-17,2020-12-16,Cancelled,649.0
5276,3917,2,2019-07-08,2020-01-04,Cancelled,499.0
5277,3917,2,2020-02-14,2020-04-14,Cancelled,499.0
5278,3918,2,2019-03-27,2019-09-23,Cancelled,499.0
5279,3918,3,2019-09-28,2021-02-19,Cancelled,649.0
5280,3919,1,2024-05-04,2024-07-03,Cancelled,199.0
5281,3920,3,2025-07-04,2025-08-03,Cancelled,649.0
5282,3920,2,2025-08-20,2026-05-17,Cancelled,499.0
5283,3921,3,2023-12-13,2025-04-06,Cancelled,649.0
5284,3922,1,2024-03-15,,Active,199.0
5285,3923,3,2019-04-13,2019-05-13,Cancelled,649.0
5286,3923,3,2019-07-09,2020-04-04,Cancelled,649.0
5287,3924,2,2020-05-01,,Active,499.0
5288,3925,3,2019-04-04,2020-06-27,Cancelled,649.0
5289,3926,3,2026-04-21,,Active,649.0
5290,3927,2,2024-07-13,2026-02-03,Cancelled,499.0
5291,3928,3,2026-03-01,,Active,649.0
5292,3929,3,2025-10-13,2026-03-12,Cancelled,649.0
5293,3930,1,2020-09-06,2021-07-03,Cancelled,199.0
5294,3931,1,2022-11-01,,Active,199.0
5295,3932,2,2023-11-07,2024-11-01,Cancelled,499.0
5296,3932,3,2024-11-16,,Active,649.0
5297,3933,3,2024-07-23,,Active,649.0
5298,3934,1,2024-01-04,2025-09-25,Cancelled,199.0
5299,3935,1,2022-05-25,2023-10-17,Cancelled,199.0
5300,3936,3,2019-01-11,2020-02-05,Cancelled,649.0
5301,3937,2,2026-01-14,,Active,499.0
5302,3938,3,2024-02-29,,Active,649.0
5303,3939,3,2025-04-08,2025-11-04,Cancelled,649.0
5304,3939,2,2025-12-05,2026-06-03,Cancelled,499.0
5305,3939,2,2026-07-12,,Active,499.0
5306,3940,1,2020-08-29,2022-06-20,Cancelled,199.0
5307,3940,3,2022-07-12,2023-04-08,Cancelled,649.0
5308,3941,2,2019-10-19,2020-12-12,Cancelled,499.0
5309,3941,3,2021-01-02,2022-07-26,Cancelled,649.0
5310,3942,2,2025-10-03,2026-05-01,Cancelled,499.0
5311,3942,2,2026-06-19,,Active,499.0
5312,3943,3,2025-01-15,2025-04-15,Cancelled,649.0
5313,3943,1,2025-05-28,2026-01-23,Cancelled,199.0
5314,3944,3,2025-04-14,2025-05-14,Cancelled,649.0
5315,3944,2,2025-06-10,,Active,499.0
5316,3945,2,2022-04-20,2023-01-15,Cancelled,499.0
5317,3946,3,2025-10-14,,Active,649.0
5318,3947,2,2020-09-05,,Active,499.0
5319,3948,2,2024-09-05,,Active,499.0
5320,3949,1,2022-09-15,,Active,199.0
5321,3950,2,2020-03-27,2020-05-26,Cancelled,499.0
5322,3950,2,2020-06-30,2021-02-25,Cancelled,499.0
5323,3950,2,2021-04-05,2021-12-31,Cancelled,499.0
5324,3951,1,2024-05-18,2026-03-09,Cancelled,199.0
5325,3951,1,2026-03-27,,Active,199.0
5326,3952,2,2021-09-14,,Active,499.0
5327,3953,1,2020-03-10,2020-06-08,Cancelled,199.0
5328,3953,2,2020-07-20,2021-03-17,Cancelled,499.0
5329,3954,3,2024-04-25,2024-08-23,Cancelled,649.0
5330,3955,3,2024-10-14,,Active,649.0
5331,3956,1,2021-06-04,,Active,199.0
5332,3957,3,2026-04-01,,Active,649.0
5333,3958,1,2024-04-28,,Active,199.0
5334,3959,2,2019-03-03,2020-12-22,Cancelled,499.0
5335,3960,2,2021-07-09,2022-10-02,Cancelled,499.0
5336,3961,1,2026-04-21,2026-06-20,Cancelled,199.0
5337,3962,2,2020-05-01,2021-02-25,Cancelled,499.0
5338,3963,2,2026-02-23,,Active,499.0
5339,3964,2,2022-11-19,,Active,499.0
5340,3965,2,2024-01-23,,Active,499.0
5341,3966,3,2024-02-22,2025-11-13,Cancelled,649.0
5342,3966,1,2025-11-18,,Active,199.0
5343,3967,2,2022-11-02,,Active,499.0
5344,3968,1,2022-11-17,,Active,199.0
5345,3969,1,2023-04-03,2025-01-22,Cancelled,199.0
5346,3969,1,2025-01-31,2025-12-27,Cancelled,199.0
5347,3970,2,2023-10-24,2023-12-23,Cancelled,499.0
5348,3971,2,2024-07-12,2026-04-03,Cancelled,499.0
5349,3972,2,2022-04-14,2023-06-08,Cancelled,499.0
5350,3973,1,2022-04-07,,Active,199.0
5351,3974,1,2024-11-01,2025-05-30,Cancelled,199.0
5352,3974,2,2025-07-16,,Active,499.0
5353,3975,1,2024-09-04,,Active,199.0
5354,3976,3,2023-11-15,2025-05-08,Cancelled,649.0
5355,3976,2,2025-05-24,,Active,499.0
5356,3977,3,2022-06-16,2023-11-08,Cancelled,649.0
5357,3978,1,2023-04-23,2024-11-13,Cancelled,199.0
5358,3978,2,2024-12-13,2025-01-12,Cancelled,499.0
5359,3978,2,2025-03-12,,Active,499.0
5360,3979,1,2023-04-13,2023-05-13,Cancelled,199.0
5361,3980,3,2022-04-07,,Active,649.0
5362,3981,3,2020-05-03,2021-02-27,Cancelled,649.0
5363,3982,2,2023-01-06,,Active,499.0
5364,3983,1,2022-04-27,2023-07-21,Cancelled,199.0
5365,3983,2,2023-07-29,2025-05-19,Cancelled,499.0
5366,3984,2,2019-05-20,2020-10-11,Cancelled,499.0
5367,3985,3,2026-03-01,,Active,649.0
5368,3986,3,2023-12-31,2025-03-25,Cancelled,649.0
5369,3987,2,2019-11-08,,Active,499.0
5370,3988,2,2020-07-13,2020-10-11,Cancelled,499.0
5371,3989,1,2023-04-14,2024-04-08,Cancelled,199.0
5372,3990,3,2025-06-13,,Active,649.0
5373,3991,1,2022-08-21,,Active,199.0
5374,3992,2,2025-02-02,,Active,499.0
5375,3993,1,2019-12-17,2021-03-11,Cancelled,199.0
5376,3994,2,2022-12-16,2023-02-14,Cancelled,499.0
5377,3995,3,2025-03-15,,Active,649.0
5378,3996,3,2025-05-08,,Active,649.0
5379,3997,3,2020-10-19,2022-06-11,Cancelled,649.0
5380,3997,3,2022-07-30,,Active,649.0
5381,3998,2,2024-01-11,2024-03-11,Cancelled,499.0
5382,3999,1,2019-04-19,2019-06-18,Cancelled,199.0
5383,3999,1,2019-07-15,2020-02-10,Cancelled,199.0
5384,4000,1,2020-01-22,2021-11-12,Cancelled,199.0
5385,4001,3,2025-09-30,,Active,649.0
5386,4002,2,2024-07-21,2025-10-14,Cancelled,499.0
5387,4003,3,2020-07-20,2020-10-18,Cancelled,649.0
5388,4004,1,2026-06-19,,Active,199.0
5389,4005,2,2026-06-10,,Active,499.0
5390,4006,2,2019-04-23,2020-05-17,Cancelled,499.0
5391,4007,1,2019-03-12,2019-05-11,Cancelled,199.0
5392,4008,1,2020-11-01,,Active,199.0
5393,4009,1,2024-12-13,2025-10-09,Cancelled,199.0
5394,4010,1,2023-06-25,2025-03-16,Cancelled,199.0
5395,4011,2,2022-11-04,,Active,499.0
5396,4012,1,2022-02-10,,Active,199.0
5397,4013,3,2022-08-06,2022-11-04,Cancelled,649.0
5398,4013,2,2022-12-22,2024-03-16,Cancelled,499.0
5399,4013,3,2024-04-06,2025-07-30,Cancelled,649.0
5400,4014,1,2023-10-12,,Active,199.0
5401,4015,1,2019-06-24,2020-09-16,Cancelled,199.0
5402,4016,2,2023-05-25,2023-06-24,Cancelled,499.0
5403,4017,3,2020-08-27,2021-11-20,Cancelled,649.0
5404,4018,3,2024-11-27,2026-04-21,Cancelled,649.0
5405,4019,3,2020-06-19,2022-05-10,Cancelled,649.0
5406,4020,1,2019-07-14,,Active,199.0
5407,4021,3,2022-04-05,2022-10-02,Cancelled,649.0
5408,4022,2,2022-04-21,2023-07-15,Cancelled,499.0
5409,4022,2,2023-08-24,2024-11-16,Cancelled,499.0
5410,4023,2,2022-11-20,,Active,499.0
5411,4024,3,2025-06-12,,Active,649.0
5412,4025,3,2024-03-31,2024-11-26,Cancelled,649.0
5413,4026,3,2021-09-20,,Active,649.0
5414,4027,1,2024-06-12,2024-07-12,Cancelled,199.0
5415,4027,1,2024-08-08,2026-04-30,Cancelled,199.0
5416,4027,3,2026-05-11,,Active,649.0
5417,4028,2,2022-10-11,2023-04-09,Cancelled,499.0
5418,4028,2,2023-05-28,2024-04-22,Cancelled,499.0
5419,4029,1,2020-09-04,2021-07-01,Cancelled,199.0
5420,4030,2,2019-03-01,2020-09-21,Cancelled,499.0
5421,4031,3,2019-01-11,2020-11-01,Cancelled,649.0
5422,4031,2,2020-12-10,2022-01-04,Cancelled,499.0
5423,4032,2,2020-09-05,2022-03-29,Cancelled,499.0
5424,4033,2,2025-02-20,2025-05-21,Cancelled,499.0
5425,4034,1,2022-06-23,2023-10-16,Cancelled,199.0
5426,4034,3,2023-12-02,2025-08-23,Cancelled,649.0
5427,4034,2,2025-10-06,,Active,499.0
5428,4035,1,2022-05-21,2023-09-13,Cancelled,199.0
5429,4035,2,2023-11-05,2025-06-27,Cancelled,499.0
5430,4036,2,2021-12-28,2023-11-18,Cancelled,499.0
5431,4036,2,2024-01-10,,Active,499.0
5432,4037,1,2020-12-01,2021-07-29,Cancelled,199.0
5433,4038,1,2024-05-10,,Active,199.0
5434,4039,2,2019-02-04,2019-03-06,Cancelled,499.0
5435,4040,3,2023-08-03,,Active,649.0
5436,4041,2,2026-01-09,,Active,499.0
5437,4042,2,2025-08-07,,Active,499.0
5438,4043,3,2021-10-08,2021-12-07,Cancelled,649.0
5439,4043,2,2022-01-19,2022-12-15,Cancelled,499.0
5440,4043,1,2023-01-27,,Active,199.0
5441,4044,2,2025-05-29,2026-06-23,Cancelled,499.0
5442,4045,2,2020-10-12,2021-02-09,Cancelled,499.0
5443,4046,1,2020-10-22,,Active,199.0
5444,4047,3,2021-07-29,,Active,649.0
5445,4048,3,2019-02-18,2020-05-13,Cancelled,649.0
5446,4048,3,2020-05-27,2020-12-23,Cancelled,649.0
5447,4049,3,2020-12-28,,Active,649.0
5448,4050,1,2025-05-28,,Active,199.0
5449,4051,1,2024-09-18,,Active,199.0
5450,4052,1,2021-06-20,2023-01-11,Cancelled,199.0
5451,4053,2,2021-05-05,,Active,499.0
5452,4054,2,2021-08-08,,Active,499.0
5453,4055,2,2019-11-22,2021-05-15,Cancelled,499.0
5454,4056,3,2020-03-09,,Active,649.0
5455,4057,3,2026-06-11,,Active,649.0
5456,4058,3,2024-03-12,2026-01-01,Cancelled,649.0
5457,4058,3,2026-01-22,,Active,649.0
5458,4059,1,2024-01-30,,Active,199.0
5459,4060,1,2021-02-05,,Active,199.0
5460,4061,1,2025-06-01,,Active,199.0
5461,4062,2,2020-04-28,2020-09-25,Cancelled,499.0
5462,4063,1,2026-04-06,,Active,199.0
5463,4064,3,2022-10-10,2023-02-07,Cancelled,649.0
5464,4065,3,2021-06-24,2022-10-17,Cancelled,649.0
5465,4066,2,2024-08-16,2026-06-07,Cancelled,499.0
5466,4067,3,2022-02-16,2022-06-16,Cancelled,649.0
5467,4067,2,2022-08-14,2024-01-06,Cancelled,499.0
5468,4068,3,2021-01-08,,Active,649.0
5469,4069,2,2024-02-15,,Active,499.0
5470,4070,2,2024-05-30,,Active,499.0
5471,4071,2,2023-07-10,,Active,499.0
5472,4072,2,2022-06-18,2023-12-10,Cancelled,499.0
5473,4073,2,2021-06-19,,Active,499.0
5474,4074,3,2022-01-10,2022-11-06,Cancelled,649.0
5475,4074,2,2023-01-04,2024-01-29,Cancelled,499.0
5476,4074,3,2024-02-03,2024-10-30,Cancelled,649.0
5477,4075,1,2025-07-22,,Active,199.0
5478,4076,2,2021-09-11,,Active,499.0
5479,4077,2,2026-04-02,,Active,499.0
5480,4078,2,2020-02-03,2021-07-27,Cancelled,499.0
5481,4079,3,2020-03-21,2020-10-17,Cancelled,649.0
5482,4080,3,2021-06-29,,Active,649.0
5483,4081,2,2019-01-09,2019-06-08,Cancelled,499.0
5484,4082,1,2025-08-04,,Active,199.0
5485,4083,1,2021-07-21,2023-05-12,Cancelled,199.0
5486,4083,2,2023-07-10,2024-03-06,Cancelled,499.0
5487,4084,2,2019-10-07,,Active,499.0
5488,4085,3,2023-08-21,,Active,649.0
5489,4086,2,2026-03-08,,Active,499.0
5490,4087,1,2026-06-13,,Active,199.0
5491,4088,2,2019-10-22,,Active,499.0
5492,4089,3,2024-12-10,2026-05-04,Cancelled,649.0
5493,4089,3,2026-05-12,,Active,649.0
5494,4090,1,2021-09-18,2022-03-17,Cancelled,199.0
5495,4091,2,2025-04-08,2025-07-07,Cancelled,499.0
5496,4091,1,2025-07-08,,Active,199.0
5497,4092,3,2023-07-19,,Active,649.0
5498,4093,1,2024-06-26,,Active,199.0
5499,4094,1,2025-04-13,2025-09-10,Cancelled,199.0
5500,4095,3,2025-09-17,,Active,649.0
5501,4096,2,2020-01-29,2020-05-28,Cancelled,499.0
5502,4097,3,2024-06-04,,Active,649.0
5503,4098,1,2020-01-22,2021-02-15,Cancelled,199.0
5504,4099,1,2026-01-28,,Active,199.0
5505,4100,1,2023-09-17,2024-05-14,Cancelled,199.0
5506,4101,3,2020-06-11,2022-01-02,Cancelled,649.0
5507,4102,2,2021-03-12,2022-03-07,Cancelled,499.0
5508,4102,1,2022-03-28,2023-05-22,Cancelled,199.0
5509,4102,3,2023-07-15,2025-04-05,Cancelled,649.0
5510,4103,1,2025-09-18,,Active,199.0
5511,4104,2,2023-10-31,2024-02-28,Cancelled,499.0
5512,4105,2,2020-09-19,,Active,499.0
5513,4106,2,2025-02-24,2025-10-22,Cancelled,499.0
5514,4106,2,2025-11-07,,Active,499.0
5515,4107,2,2024-05-20,2025-02-14,Cancelled,499.0
5516,4107,3,2025-02-24,2025-11-21,Cancelled,649.0
5517,4108,1,2019-07-30,,Active,199.0
5518,4109,2,2021-02-14,,Active,499.0
5519,4110,2,2025-05-01,,Active,499.0
5520,4111,2,2021-08-18,,Active,499.0
5521,4112,1,2019-04-13,2021-01-02,Cancelled,199.0
5522,4113,2,2023-07-12,2025-04-02,Cancelled,499.0
5523,4114,3,2025-09-26,,Active,649.0
5524,4115,3,2023-03-04,,Active,649.0
5525,4116,2,2026-04-25,,Active,499.0
5526,4117,3,2019-11-09,2021-07-01,Cancelled,649.0
5527,4117,3,2021-07-12,,Active,649.0
5528,4118,1,2024-01-02,2025-11-22,Cancelled,199.0
5529,4118,1,2026-01-06,,Active,199.0
5530,4119,2,2023-11-14,2024-02-12,Cancelled,499.0
5531,4120,1,2026-05-18,,Active,199.0
5532,4121,1,2022-11-27,2024-05-20,Cancelled,199.0
5533,4122,1,2025-02-28,,Active,199.0
5534,4123,2,2020-02-03,2020-06-02,Cancelled,499.0
5535,4123,2,2020-07-10,,Active,499.0
5536,4124,3,2019-05-02,2020-09-23,Cancelled,649.0
5537,4124,1,2020-11-20,2022-07-13,Cancelled,199.0
5538,4125,2,2024-05-15,2025-12-06,Cancelled,499.0
5539,4126,1,2019-01-11,2020-08-03,Cancelled,199.0
5540,4127,3,2025-07-23,,Active,649.0
5541,4128,3,2019-02-26,2020-01-22,Cancelled,649.0
5542,4128,3,2020-02-10,2020-12-06,Cancelled,649.0
5543,4128,1,2021-01-02,,Active,199.0
5544,4129,2,2024-02-29,2025-01-24,Cancelled,499.0
5545,4129,2,2025-02-18,,Active,499.0
5546,4130,1,2022-05-22,2023-08-15,Cancelled,199.0
5547,4130,2,2023-08-20,,Active,499.0
5548,4131,2,2023-11-03,2025-08-24,Cancelled,499.0
5549,4132,3,2023-09-03,2024-03-31,Cancelled,649.0
5550,4132,2,2024-05-18,2025-02-12,Cancelled,499.0
5551,4132,1,2025-03-02,,Active,199.0
5552,4133,2,2022-05-01,2022-05-31,Cancelled,499.0
5553,4133,2,2022-06-27,2023-08-21,Cancelled,499.0
5554,4133,2,2023-09-28,,Active,499.0
5555,4134,3,2022-08-11,2023-11-04,Cancelled,649.0
5556,4135,2,2022-10-10,2023-03-09,Cancelled,499.0
5557,4136,2,2024-01-28,2024-03-28,Cancelled,499.0
5558,4136,1,2024-04-02,2025-09-24,Cancelled,199.0
5559,4136,2,2025-11-19,,Active,499.0
5560,4137,2,2024-04-28,2025-10-20,Cancelled,499.0
5561,4138,1,2022-05-16,2024-02-05,Cancelled,199.0
5562,4138,2,2024-02-13,,Active,499.0
5563,4139,1,2021-08-23,2023-04-15,Cancelled,199.0
5564,4140,1,2019-04-27,2019-11-23,Cancelled,199.0
5565,4141,2,2024-11-03,2026-05-27,Cancelled,499.0
5566,4142,3,2020-09-11,2022-07-03,Cancelled,649.0
5567,4143,2,2022-04-03,2023-04-28,Cancelled,499.0
5568,4143,2,2023-06-10,2023-09-08,Cancelled,499.0
5569,4144,3,2026-06-10,,Active,649.0
5570,4145,1,2024-11-18,2025-09-14,Cancelled,199.0
5571,4146,2,2021-08-04,,Active,499.0
5572,4147,1,2022-07-24,2023-06-19,Cancelled,199.0
5573,4148,1,2021-06-08,2022-10-01,Cancelled,199.0
5574,4149,1,2023-09-11,2024-11-04,Cancelled,199.0
5575,4149,1,2024-11-21,2025-03-21,Cancelled,199.0
5576,4150,2,2020-02-23,2020-09-20,Cancelled,499.0
5577,4151,1,2026-02-21,,Active,199.0
5578,4152,2,2026-05-26,,Active,499.0
5579,4153,1,2021-03-28,,Active,199.0
5580,4154,1,2020-09-22,2022-05-15,Cancelled,199.0
5581,4155,2,2023-01-16,,Active,499.0
5582,4156,2,2023-11-07,2024-05-05,Cancelled,499.0
5583,4156,2,2024-06-19,2025-12-11,Cancelled,499.0
5584,4157,1,2023-10-29,2024-02-26,Cancelled,199.0
5585,4157,2,2024-04-04,2025-09-26,Cancelled,499.0
5586,4157,3,2025-10-22,2026-02-19,Cancelled,649.0
5587,4158,2,2019-04-26,2020-11-16,Cancelled,499.0
5588,4158,1,2021-01-06,,Active,199.0
5589,4159,3,2024-04-30,2024-10-27,Cancelled,649.0
5590,4159,2,2024-12-09,2025-06-07,Cancelled,499.0
5591,4160,3,2019-07-02,2019-08-01,Cancelled,649.0
5592,4160,2,2019-08-24,2020-12-16,Cancelled,499.0
5593,4161,2,2021-07-25,2022-02-20,Cancelled,499.0
5594,4162,2,2024-05-16,2024-10-13,Cancelled,499.0
5595,4163,3,2025-08-25,,Active,649.0
5596,4164,1,2023-10-06,2024-11-29,Cancelled,199.0
5597,4165,3,2020-03-13,2020-04-12,Cancelled,649.0
5598,4165,2,2020-05-09,2021-09-01,Cancelled,499.0
5599,4165,2,2021-10-03,2022-09-28,Cancelled,499.0
5600,4166,1,2024-02-06,2025-09-28,Cancelled,199.0
5601,4167,2,2019-04-12,2019-05-12,Cancelled,499.0
5602,4168,3,2020-09-24,2021-11-18,Cancelled,649.0
5603,4168,3,2021-12-23,2022-08-20,Cancelled,649.0
5604,4169,3,2019-12-05,2021-09-25,Cancelled,649.0
5605,4170,2,2026-05-20,,Active,499.0
5606,4171,2,2021-10-05,2023-01-28,Cancelled,499.0
5607,4172,2,2023-03-09,2023-10-05,Cancelled,499.0
5608,4173,2,2024-12-04,2025-12-29,Cancelled,499.0
5609,4174,1,2026-04-08,,Active,199.0
5610,4175,2,2026-06-18,,Active,499.0
5611,4176,1,2020-03-25,2020-09-21,Cancelled,199.0
5612,4177,2,2021-12-14,2022-05-13,Cancelled,499.0
5613,4177,1,2022-06-03,,Active,199.0
5614,4178,2,2022-01-14,,Active,499.0
5615,4179,2,2024-12-20,,Active,499.0
5616,4180,3,2021-07-08,,Active,649.0
5617,4181,3,2020-09-25,,Active,649.0
5618,4182,2,2024-08-29,,Active,499.0
5619,4183,2,2022-09-17,2024-08-07,Cancelled,499.0
5620,4183,2,2024-08-28,2026-04-20,Cancelled,499.0
5621,4183,1,2026-05-18,,Active,199.0
5622,4184,3,2024-08-08,2025-01-05,Cancelled,649.0
5623,4184,1,2025-02-23,2025-12-20,Cancelled,199.0
5624,4185,3,2021-11-06,,Active,649.0
5625,4186,3,2022-08-25,,Active,649.0
5626,4187,3,2019-01-25,,Active,649.0
5627,4188,3,2019-02-14,2019-10-12,Cancelled,649.0
5628,4188,1,2019-11-13,,Active,199.0
5629,4189,1,2019-01-01,2019-03-02,Cancelled,199.0
5630,4189,3,2019-04-08,,Active,649.0
5631,4190,2,2020-04-24,2020-07-23,Cancelled,499.0
5632,4190,1,2020-08-15,,Active,199.0
5633,4191,1,2021-08-09,2023-03-02,Cancelled,199.0
5634,4192,2,2019-05-18,2019-06-17,Cancelled,499.0
5635,4192,2,2019-06-21,2020-03-17,Cancelled,499.0
5636,4193,2,2020-03-16,2020-07-14,Cancelled,499.0
5637,4193,1,2020-09-06,2021-04-04,Cancelled,199.0
5638,4194,3,2025-05-08,2025-06-07,Cancelled,649.0
5639,4195,1,2025-05-28,,Active,199.0
5640,4196,2,2021-03-04,,Active,499.0
5641,4197,1,2026-02-04,,Active,199.0
5642,4198,3,2019-11-19,2021-06-11,Cancelled,649.0
5643,4198,2,2021-07-22,,Active,499.0
5644,4199,1,2019-03-27,,Active,199.0
5645,4200,2,2021-08-27,2022-12-20,Cancelled,499.0
5646,4201,1,2020-12-25,2021-11-20,Cancelled,199.0
5647,4201,1,2021-12-18,,Active,199.0
5648,4202,2,2019-07-31,,Active,499.0
5649,4203,3,2025-05-09,,Active,649.0
5650,4204,3,2026-05-04,,Active,649.0
5651,4205,2,2021-01-10,2021-08-08,Cancelled,499.0
5652,4206,1,2021-05-12,,Active,199.0
5653,4207,2,2024-05-20,2025-12-11,Cancelled,499.0
5654,4207,1,2025-12-28,,Active,199.0
5655,4208,2,2025-12-29,,Active,499.0
5656,4209,3,2021-02-24,2022-10-17,Cancelled,649.0
5657,4210,2,2024-02-13,2024-05-13,Cancelled,499.0
5658,4211,1,2019-03-05,2020-11-24,Cancelled,199.0
5659,4212,3,2023-03-31,,Active,649.0
5660,4213,2,2026-05-26,,Active,499.0
5661,4214,2,2022-07-25,2023-06-20,Cancelled,499.0
5662,4215,2,2023-10-23,2025-03-16,Cancelled,499.0
5663,4216,1,2024-02-26,2024-05-26,Cancelled,199.0
5664,4216,2,2024-06-12,2025-08-06,Cancelled,499.0
5665,4216,2,2025-08-11,2026-01-08,Cancelled,499.0
5666,4217,2,2023-09-28,2024-09-22,Cancelled,499.0
5667,4218,3,2024-02-23,2024-05-23,Cancelled,649.0
5668,4219,1,2025-08-24,,Active,199.0
5669,4220,3,2019-01-29,2020-01-24,Cancelled,649.0
5670,4221,2,2025-08-19,,Active,499.0
5671,4222,1,2025-10-21,,Active,199.0
5672,4223,2,2025-10-11,,Active,499.0
5673,4224,2,2021-10-04,2023-01-27,Cancelled,499.0
5674,4225,2,2023-05-16,2025-02-04,Cancelled,499.0
5675,4226,2,2021-08-25,,Active,499.0
5676,4227,3,2025-04-19,,Active,649.0
5677,4228,2,2022-01-18,2022-08-16,Cancelled,499.0
5678,4228,2,2022-08-27,2023-03-25,Cancelled,499.0
5679,4229,1,2021-05-07,,Active,199.0
5680,4230,2,2024-02-20,2024-04-20,Cancelled,499.0
5681,4231,3,2019-05-16,2021-01-05,Cancelled,649.0
5682,4232,2,2021-10-26,2022-03-25,Cancelled,499.0
5683,4232,1,2022-05-18,2023-07-12,Cancelled,199.0
5684,4233,1,2020-07-18,,Active,199.0
5685,4234,1,2021-10-20,2021-11-19,Cancelled,199.0
5686,4234,2,2021-12-21,2022-05-20,Cancelled,499.0
5687,4235,2,2022-05-13,,Active,499.0
5688,4236,2,2019-06-23,2019-09-21,Cancelled,499.0
5689,4237,1,2025-06-25,2025-07-25,Cancelled,199.0
5690,4238,2,2022-02-14,2023-05-10,Cancelled,499.0
5691,4239,3,2021-09-09,2022-11-03,Cancelled,649.0
5692,4240,3,2020-02-14,2020-12-10,Cancelled,649.0
5693,4240,1,2020-12-12,2021-03-12,Cancelled,199.0
5694,4241,1,2026-06-19,,Active,199.0
5695,4242,2,2025-05-31,,Active,499.0
5696,4243,1,2022-08-12,2023-09-06,Cancelled,199.0
5697,4243,2,2023-10-15,2024-10-09,Cancelled,499.0
5698,4244,1,2021-07-04,2023-01-25,Cancelled,199.0
5699,4245,1,2022-07-03,2024-01-24,Cancelled,199.0
5700,4245,2,2024-01-26,2024-02-25,Cancelled,499.0
5701,4246,3,2026-03-15,,Active,649.0
5702,4247,3,2020-08-29,2020-10-28,Cancelled,649.0
5703,4248,3,2024-02-18,2024-12-14,Cancelled,649.0
5704,4248,2,2025-01-05,2026-01-30,Cancelled,499.0
5705,4249,1,2025-10-09,,Active,199.0
5706,4250,2,2024-09-01,2026-05-24,Cancelled,499.0
5707,4250,2,2026-07-05,,Active,499.0
5708,4251,3,2025-07-10,,Active,649.0
5709,4252,2,2026-02-07,,Active,499.0
5710,4253,2,2019-06-14,2021-05-04,Cancelled,499.0
5711,4254,2,2020-10-16,2020-12-15,Cancelled,499.0
5712,4255,2,2020-01-31,2020-06-29,Cancelled,499.0
5713,4256,2,2023-04-03,2024-07-26,Cancelled,499.0
5714,4257,2,2022-01-20,2022-08-18,Cancelled,499.0
5715,4257,2,2022-09-08,2023-04-06,Cancelled,499.0
5716,4258,3,2019-04-22,2020-09-13,Cancelled,649.0
5717,4258,2,2020-09-21,,Active,499.0
5718,4259,2,2023-03-07,,Active,499.0
5719,4260,1,2019-10-03,2020-01-01,Cancelled,199.0
5720,4261,2,2022-01-20,2023-05-15,Cancelled,499.0
5721,4261,1,2023-07-03,2024-11-24,Cancelled,199.0
5722,4262,2,2021-09-30,,Active,499.0
5723,4263,2,2025-09-12,,Active,499.0
5724,4264,1,2024-02-12,2025-10-04,Cancelled,199.0
5725,4264,3,2025-11-08,,Active,649.0
5726,4265,2,2023-09-06,2023-10-06,Cancelled,499.0
5727,4265,1,2023-10-19,2024-10-13,Cancelled,199.0
5728,4265,3,2024-11-03,2025-09-29,Cancelled,649.0
5729,4266,3,2025-03-27,,Active,649.0
5730,4267,2,2020-05-09,,Active,499.0
5731,4268,3,2020-12-03,2021-07-01,Cancelled,649.0
5732,4268,1,2021-07-08,2023-02-28,Cancelled,199.0
5733,4269,1,2024-08-21,2026-01-13,Cancelled,199.0
5734,4270,1,2024-08-12,2025-03-10,Cancelled,199.0
5735,4270,3,2025-03-17,2026-05-11,Cancelled,649.0
5736,4271,3,2019-02-28,2019-12-25,Cancelled,649.0
5737,4271,1,2020-02-09,2021-03-05,Cancelled,199.0
5738,4271,3,2021-04-22,2022-12-13,Cancelled,649.0
5739,4272,3,2020-09-06,2021-04-04,Cancelled,649.0
5740,4272,2,2021-04-14,2021-07-13,Cancelled,499.0
5741,4272,1,2021-08-18,2022-05-15,Cancelled,199.0
5742,4273,2,2020-09-13,2021-10-08,Cancelled,499.0
5743,4274,2,2019-01-17,2019-11-13,Cancelled,499.0
5744,4274,1,2019-12-03,2021-03-27,Cancelled,199.0
5745,4274,3,2021-04-17,2021-11-13,Cancelled,649.0
5746,4275,2,2023-12-16,,Active,499.0
5747,4276,2,2019-05-29,2019-08-27,Cancelled,499.0
5748,4277,3,2025-04-22,,Active,649.0
5749,4278,1,2023-05-23,2023-11-19,Cancelled,199.0
5750,4278,2,2023-12-08,,Active,499.0
5751,4279,2,2024-09-16,2026-02-08,Cancelled,499.0
5752,4280,2,2022-09-23,2023-08-19,Cancelled,499.0
5753,4281,2,2026-04-10,,Active,499.0
5754,4282,2,2021-01-10,2022-09-02,Cancelled,499.0
5755,4283,2,2023-03-08,2024-04-01,Cancelled,499.0
5756,4283,2,2024-04-08,2025-08-31,Cancelled,499.0
5757,4284,1,2019-01-18,2020-05-12,Cancelled,199.0
5758,4284,2,2020-05-23,2022-01-13,Cancelled,499.0
5759,4284,1,2022-03-12,2022-09-08,Cancelled,199.0
5760,4285,2,2025-03-30,2026-06-23,Cancelled,499.0
5761,4286,2,2023-04-05,2023-09-02,Cancelled,499.0
5762,4286,2,2023-10-17,2024-09-11,Cancelled,499.0
5763,4287,2,2020-04-26,2021-10-18,Cancelled,499.0
5764,4287,1,2021-11-02,2023-04-26,Cancelled,199.0
5765,4288,2,2025-02-16,,Active,499.0
5766,4289,3,2026-06-01,,Active,649.0
5767,4290,1,2019-07-07,2020-07-31,Cancelled,199.0
5768,4290,1,2020-09-18,2021-11-12,Cancelled,199.0
5769,4291,2,2025-05-04,2025-12-30,Cancelled,499.0
5770,4292,2,2024-07-09,2026-04-30,Cancelled,499.0
5771,4293,2,2021-08-28,2023-01-20,Cancelled,499.0
5772,4294,2,2023-10-04,,Active,499.0
5773,4295,1,2024-11-20,2026-04-14,Cancelled,199.0
5774,4295,3,2026-05-15,,Active,649.0
5775,4296,3,2022-08-05,2024-02-26,Cancelled,649.0
5776,4297,1,2023-12-30,2024-07-27,Cancelled,199.0
5777,4298,1,2019-05-13,,Active,199.0
5778,4299,2,2025-12-08,,Active,499.0
5779,4300,1,2025-12-03,,Active,199.0
5780,4301,2,2020-07-29,,Active,499.0
5781,4302,1,2022-07-31,,Active,199.0
5782,4303,2,2020-10-15,,Active,499.0
5783,4304,1,2021-12-30,,Active,199.0
5784,4305,2,2021-01-23,2022-01-18,Cancelled,499.0
5785,4305,1,2022-01-21,2022-06-20,Cancelled,199.0
5786,4306,1,2025-06-16,,Active,199.0
5787,4307,3,2024-03-17,2025-01-11,Cancelled,649.0
5788,4308,1,2025-05-04,2025-08-02,Cancelled,199.0
5789,4309,1,2024-12-10,2025-11-05,Cancelled,199.0
5790,4310,2,2024-06-14,2025-07-09,Cancelled,499.0
5791,4311,1,2020-04-01,,Active,199.0
5792,4312,3,2025-03-20,,Active,649.0
5793,4313,1,2024-11-14,2025-12-09,Cancelled,199.0
5794,4313,1,2025-12-29,,Active,199.0
5795,4314,1,2019-12-07,,Active,199.0
5796,4315,2,2019-08-29,,Active,499.0
5797,4316,2,2024-09-14,,Active,499.0
5798,4317,1,2021-12-04,2022-05-03,Cancelled,199.0
5799,4318,2,2021-06-17,,Active,499.0
5800,4319,3,2021-12-21,,Active,649.0
5801,4320,1,2025-07-03,,Active,199.0
5802,4321,1,2021-09-22,2023-04-15,Cancelled,199.0
5803,4322,2,2021-10-10,2023-04-03,Cancelled,499.0
5804,4322,2,2023-05-27,2024-06-20,Cancelled,499.0
5805,4322,2,2024-08-13,,Active,499.0
5806,4323,3,2021-12-29,2022-09-25,Cancelled,649.0
5807,4323,2,2022-10-21,2024-01-14,Cancelled,499.0
5808,4324,3,2019-05-29,2020-09-20,Cancelled,649.0
5809,4325,2,2019-04-13,2019-05-13,Cancelled,499.0
5810,4325,2,2019-06-02,,Active,499.0
5811,4326,2,2022-02-08,2023-12-30,Cancelled,499.0
5812,4326,3,2024-02-08,2025-10-30,Cancelled,649.0
5813,4327,1,2019-02-16,2019-09-14,Cancelled,199.0
5814,4327,3,2019-09-20,2020-11-13,Cancelled,649.0
5815,4328,3,2024-09-03,,Active,649.0
5816,4329,2,2022-03-07,,Active,499.0
5817,4330,1,2022-10-03,2024-01-26,Cancelled,199.0
5818,4331,1,2021-07-09,,Active,199.0
5819,4332,2,2024-09-21,2024-11-20,Cancelled,499.0
5820,4333,2,2022-03-16,2023-03-11,Cancelled,499.0
5821,4333,1,2023-04-06,2024-03-31,Cancelled,199.0
5822,4334,1,2019-04-07,,Active,199.0
5823,4335,3,2022-08-29,,Active,649.0
5824,4336,2,2020-04-30,,Active,499.0
5825,4337,2,2023-06-18,2023-12-15,Cancelled,499.0
5826,4337,3,2024-01-06,2025-05-30,Cancelled,649.0
5827,4338,3,2023-03-24,,Active,649.0
5828,4339,3,2022-07-23,2023-01-19,Cancelled,649.0
5829,4340,1,2021-11-20,2023-08-12,Cancelled,199.0
5830,4340,2,2023-09-28,2025-03-21,Cancelled,499.0
5831,4341,2,2023-06-20,2023-11-17,Cancelled,499.0
5832,4341,2,2024-01-02,2024-12-27,Cancelled,499.0
5833,4342,2,2024-02-06,2024-03-07,Cancelled,499.0
5834,4342,2,2024-05-03,2025-01-28,Cancelled,499.0
5835,4342,3,2025-03-06,2026-06-29,Cancelled,649.0
5836,4343,3,2025-08-02,,Active,649.0
5837,4344,2,2026-03-20,,Active,499.0
5838,4345,1,2019-08-16,,Active,199.0
5839,4346,3,2023-12-12,2024-03-11,Cancelled,649.0
5840,4346,2,2024-04-05,,Active,499.0
5841,4347,1,2019-08-20,,Active,199.0
5842,4348,1,2022-02-16,,Active,199.0
5843,4349,1,2024-07-22,2026-03-14,Cancelled,199.0
5844,4349,1,2026-03-26,2026-04-25,Cancelled,199.0
5845,4350,1,2023-01-24,,Active,199.0
5846,4351,1,2025-01-20,2025-05-20,Cancelled,199.0
5847,4351,2,2025-07-08,,Active,499.0
5848,4352,1,2025-11-04,,Active,199.0
5849,4353,1,2026-04-20,,Active,199.0
5850,4354,1,2024-01-17,2024-03-17,Cancelled,199.0
5851,4354,1,2024-04-24,,Active,199.0
5852,4355,2,2024-01-18,2024-08-15,Cancelled,499.0
5853,4356,3,2025-01-08,2026-05-03,Cancelled,649.0
5854,4356,2,2026-05-24,,Active,499.0
5855,4357,1,2020-09-30,2021-03-29,Cancelled,199.0
5856,4357,1,2021-05-27,,Active,199.0
5857,4358,1,2021-04-05,2021-11-01,Cancelled,199.0
5858,4358,2,2021-11-06,2023-03-31,Cancelled,499.0
5859,4359,2,2021-07-23,2023-05-14,Cancelled,499.0
5860,4359,1,2023-07-12,,Active,199.0
5861,4360,1,2024-07-30,2024-10-28,Cancelled,199.0
5862,4361,2,2021-08-19,2022-10-13,Cancelled,499.0
5863,4361,3,2022-12-03,2024-04-26,Cancelled,649.0
5864,4362,1,2020-01-17,2020-02-16,Cancelled,199.0
5865,4362,2,2020-04-11,2020-12-07,Cancelled,499.0
5866,4362,2,2020-12-25,2022-06-18,Cancelled,499.0
5867,4363,2,2024-12-26,2026-01-20,Cancelled,499.0
5868,4364,1,2024-08-14,,Active,199.0
5869,4365,1,2023-06-15,2023-08-14,Cancelled,199.0
5870,4365,2,2023-10-09,2025-01-31,Cancelled,499.0
5871,4366,1,2025-08-10,,Active,199.0
5872,4367,2,2024-12-08,2025-11-03,Cancelled,499.0
5873,4368,1,2025-09-30,,Active,199.0
5874,4369,2,2020-12-12,2021-01-11,Cancelled,499.0
5875,4369,2,2021-02-07,2022-10-30,Cancelled,499.0
5876,4370,2,2019-11-16,2021-04-09,Cancelled,499.0
5877,4371,2,2021-07-24,2022-07-19,Cancelled,499.0
5878,4372,2,2025-03-22,2026-05-16,Cancelled,499.0
5879,4372,1,2026-06-21,,Active,199.0
5880,4373,1,2025-12-06,2026-04-05,Cancelled,199.0
5881,4373,3,2026-05-29,,Active,649.0
5882,4374,3,2019-10-29,,Active,649.0
5883,4375,2,2025-05-31,,Active,499.0
5884,4376,1,2022-08-02,2022-11-30,Cancelled,199.0
5885,4376,3,2023-01-03,2023-10-30,Cancelled,649.0
5886,4376,1,2023-12-09,2025-07-01,Cancelled,199.0
5887,4377,1,2025-02-17,,Active,199.0
5888,4378,3,2024-02-12,,Active,649.0
5889,4379,2,2019-06-14,2019-09-12,Cancelled,499.0
5890,4380,1,2022-08-18,2023-09-12,Cancelled,199.0
5891,4380,1,2023-10-20,2024-02-17,Cancelled,199.0
5892,4381,1,2019-09-01,2020-09-25,Cancelled,199.0
5893,4381,2,2020-11-01,2021-11-26,Cancelled,499.0
5894,4381,3,2022-01-06,,Active,649.0
5895,4382,1,2021-07-19,2022-08-13,Cancelled,199.0
5896,4383,1,2024-09-05,2025-06-02,Cancelled,199.0
5897,4384,3,2024-02-16,,Active,649.0
5898,4385,1,2024-04-13,,Active,199.0
5899,4386,1,2023-12-15,2024-08-11,Cancelled,199.0
5900,4386,2,2024-10-01,2025-05-29,Cancelled,499.0
5901,4386,1,2025-07-11,,Active,199.0
5902,4387,2,2019-02-10,2019-06-10,Cancelled,499.0
5903,4388,1,2023-05-15,2025-04-04,Cancelled,199.0
5904,4388,1,2025-04-23,2025-08-21,Cancelled,199.0
5905,4389,1,2022-08-20,2024-04-11,Cancelled,199.0
5906,4389,2,2024-04-27,2025-03-23,Cancelled,499.0
5907,4389,2,2025-05-11,,Active,499.0
5908,4390,1,2022-12-17,2024-01-11,Cancelled,199.0
5909,4391,2,2020-08-05,2021-10-29,Cancelled,499.0
5910,4392,1,2024-04-16,,Active,199.0
5911,4393,1,2023-07-22,2024-04-17,Cancelled,199.0
5912,4393,3,2024-05-23,2024-06-22,Cancelled,649.0
5913,4394,1,2022-01-08,2023-08-31,Cancelled,199.0
5914,4394,1,2023-09-17,,Active,199.0
5915,4395,3,2019-06-04,2019-08-03,Cancelled,649.0
5916,4396,2,2019-07-08,,Active,499.0
5917,4397,2,2021-09-09,2022-09-04,Cancelled,499.0
5918,4398,3,2023-01-11,2023-07-10,Cancelled,649.0
5919,4399,3,2026-06-22,,Active,649.0
5920,4400,2,2024-06-03,2025-04-29,Cancelled,499.0
5921,4401,2,2022-08-21,,Active,499.0
5922,4402,1,2021-03-30,2021-10-26,Cancelled,199.0
5923,4402,2,2021-11-30,,Active,499.0
5924,4403,2,2020-04-06,2020-07-05,Cancelled,499.0
5925,4404,1,2020-01-21,,Active,199.0
5926,4405,1,2019-07-16,,Active,199.0
5927,4406,3,2025-11-01,,Active,649.0
5928,4407,3,2019-02-13,2019-04-14,Cancelled,649.0
5929,4408,1,2025-06-22,,Active,199.0
5930,4409,1,2023-05-17,,Active,199.0
5931,4410,2,2023-08-21,2024-11-13,Cancelled,499.0
5932,4410,2,2025-01-05,,Active,499.0
5933,4411,1,2026-03-09,,Active,199.0
5934,4412,1,2024-11-23,,Active,199.0
5935,4413,2,2020-02-07,2021-07-31,Cancelled,499.0
5936,4414,2,2026-04-06,,Active,499.0
5937,4415,2,2020-04-27,,Active,499.0
5938,4416,1,2023-04-08,2023-11-04,Cancelled,199.0
5939,4417,2,2023-10-21,2024-03-19,Cancelled,499.0
5940,4417,1,2024-04-28,2025-01-23,Cancelled,199.0
5941,4417,3,2025-03-04,2025-06-02,Cancelled,649.0
5942,4418,2,2020-10-30,2021-05-28,Cancelled,499.0
5943,4418,1,2021-07-15,2022-09-08,Cancelled,199.0
5944,4419,2,2023-09-22,2025-07-13,Cancelled,499.0
5945,4420,1,2023-10-16,2025-06-07,Cancelled,199.0
5946,4421,3,2026-05-06,,Active,649.0
5947,4422,3,2025-11-09,,Active,649.0
5948,4423,2,2021-12-30,,Active,499.0
5949,4424,3,2024-03-04,,Active,649.0
5950,4425,2,2025-02-25,2026-03-22,Cancelled,499.0
5951,4426,2,2019-03-13,2020-01-07,Cancelled,499.0
5952,4427,3,2024-02-19,,Active,649.0
5953,4428,3,2025-11-16,,Active,649.0
5954,4429,1,2019-11-26,2020-10-21,Cancelled,199.0
5955,4430,3,2024-08-25,2025-01-22,Cancelled,649.0
5956,4431,3,2019-06-15,,Active,649.0
5957,4432,1,2022-01-05,2022-12-01,Cancelled,199.0
5958,4432,1,2022-12-30,2023-11-25,Cancelled,199.0
5959,4432,3,2023-12-22,,Active,649.0
5960,4433,2,2025-02-21,2025-09-19,Cancelled,499.0
5961,4434,1,2026-05-27,,Active,199.0
5962,4435,1,2024-06-15,2025-11-07,Cancelled,199.0
5963,4435,1,2026-01-01,,Active,199.0
5964,4436,3,2024-05-29,2024-12-25,Cancelled,649.0
5965,4436,2,2025-02-08,2025-04-09,Cancelled,499.0
5966,4437,2,2020-12-10,2021-09-06,Cancelled,499.0
5967,4438,3,2025-03-10,,Active,649.0
5968,4439,3,2023-12-10,,Active,649.0
5969,4440,2,2026-01-26,,Active,499.0
5970,4441,3,2023-07-09,,Active,649.0
5971,4442,2,2019-04-19,,Active,499.0
5972,4443,3,2022-10-30,2023-08-26,Cancelled,649.0
5973,4444,1,2024-10-21,,Active,199.0
5974,4445,3,2024-11-27,2026-06-20,Cancelled,649.0
5975,4445,2,2026-07-17,,Active,499.0
5976,4446,2,2021-11-23,2022-07-21,Cancelled,499.0
5977,4446,3,2022-08-06,,Active,649.0
5978,4447,3,2020-04-13,,Active,649.0
5979,4448,2,2025-07-07,,Active,499.0
5980,4449,2,2025-03-03,,Active,499.0
5981,4450,3,2025-08-03,,Active,649.0
5982,4451,3,2024-01-11,2024-07-09,Cancelled,649.0
5983,4452,2,2025-03-18,,Active,499.0
5984,4453,2,2022-01-07,2022-06-06,Cancelled,499.0
5985,4454,1,2024-11-03,2025-10-29,Cancelled,199.0
5986,4455,1,2022-08-29,2023-08-24,Cancelled,199.0
5987,4456,2,2024-12-14,,Active,499.0
5988,4457,2,2020-02-05,,Active,499.0
5989,4458,2,2021-03-22,2022-02-15,Cancelled,499.0
5990,4459,3,2020-08-10,2020-09-09,Cancelled,649.0
5991,4460,2,2022-01-18,2023-12-09,Cancelled,499.0
5992,4460,2,2024-01-02,2025-04-26,Cancelled,499.0
5993,4461,2,2025-02-08,,Active,499.0
5994,4462,1,2019-11-12,2020-03-11,Cancelled,199.0
5995,4463,3,2024-06-23,2025-07-18,Cancelled,649.0
5996,4463,1,2025-08-20,,Active,199.0
5997,4464,1,2025-03-24,,Active,199.0
5998,4465,3,2024-01-12,2024-04-11,Cancelled,649.0
5999,4465,1,2024-06-04,2024-09-02,Cancelled,199.0
6000,4466,3,2023-11-04,2025-07-26,Cancelled,649.0
6001,4467,1,2020-01-15,2021-03-10,Cancelled,199.0
6002,4467,1,2021-03-14,2022-10-05,Cancelled,199.0
6003,4468,3,2023-08-05,2024-08-29,Cancelled,649.0
6004,4468,3,2024-09-28,,Active,649.0
6005,4469,3,2020-09-11,2022-02-03,Cancelled,649.0
6006,4470,1,2020-11-04,,Active,199.0
6007,4471,3,2025-06-16,2026-02-11,Cancelled,649.0
6008,4471,3,2026-03-30,,Active,649.0
6009,4472,1,2023-08-11,2024-10-04,Cancelled,199.0
6010,4473,3,2026-06-13,,Active,649.0
6011,4474,3,2022-05-29,2023-01-24,Cancelled,649.0
6012,4474,2,2023-02-12,2023-04-13,Cancelled,499.0
6013,4475,2,2021-09-06,,Active,499.0
6014,4476,1,2026-06-18,,Active,199.0
6015,4477,1,2023-09-01,2024-03-29,Cancelled,199.0
6016,4478,1,2025-06-21,,Active,199.0
6017,4479,2,2019-05-02,,Active,499.0
6018,4480,2,2022-12-11,2024-05-04,Cancelled,499.0
6019,4481,2,2025-02-14,,Active,499.0
6020,4482,2,2025-01-22,,Active,499.0
6021,4483,1,2024-05-11,2025-02-05,Cancelled,199.0
6022,4484,2,2020-03-26,2020-11-21,Cancelled,499.0
6023,4485,1,2023-02-06,,Active,199.0
6024,4486,3,2019-10-05,2021-02-26,Cancelled,649.0
6025,4487,2,2025-01-04,2025-06-03,Cancelled,499.0
6026,4487,2,2025-07-24,2026-06-19,Cancelled,499.0
6027,4487,3,2026-07-11,,Active,649.0
6028,4488,1,2023-09-23,2023-10-23,Cancelled,199.0
6029,4489,2,2020-06-14,2020-11-11,Cancelled,499.0
6030,4490,2,2024-06-12,2026-04-03,Cancelled,499.0
6031,4491,1,2024-05-23,2025-07-17,Cancelled,199.0
6032,4492,3,2019-05-26,,Active,649.0
6033,4493,1,2019-09-02,2020-04-29,Cancelled,199.0
6034,4493,2,2020-05-20,2022-02-09,Cancelled,499.0
6035,4494,1,2020-07-04,2022-03-26,Cancelled,199.0
6036,4495,2,2019-07-11,,Active,499.0
6037,4496,2,2023-01-11,2023-05-11,Cancelled,499.0
6038,4496,1,2023-06-23,2023-10-21,Cancelled,199.0
6039,4497,2,2025-08-06,2026-03-04,Cancelled,499.0
6040,4497,2,2026-03-24,,Active,499.0
6041,4498,3,2019-06-21,2020-10-13,Cancelled,649.0
6042,4499,2,2023-08-10,2024-02-06,Cancelled,499.0
6043,4500,3,2022-03-07,,Active,649.0
6044,4501,2,2025-04-08,,Active,499.0
6045,4502,1,2022-08-12,2024-02-03,Cancelled,199.0
6046,4502,2,2024-03-16,2024-11-11,Cancelled,499.0
6047,4503,2,2024-01-05,2025-01-29,Cancelled,499.0
6048,4504,2,2025-11-28,,Active,499.0
6049,4505,3,2020-01-08,,Active,649.0
6050,4506,1,2021-05-14,,Active,199.0
6051,4507,1,2021-01-08,2022-08-31,Cancelled,199.0
6052,4508,1,2020-04-06,2020-11-02,Cancelled,199.0
6053,4508,2,2020-12-10,2021-02-08,Cancelled,499.0
6054,4508,1,2021-03-22,,Active,199.0
6055,4509,1,2023-11-09,2024-08-05,Cancelled,199.0
6056,4510,2,2019-01-21,,Active,499.0
6057,4511,1,2021-11-22,2022-01-21,Cancelled,199.0
6058,4512,2,2019-11-29,2021-02-21,Cancelled,499.0
6059,4512,2,2021-03-06,2023-01-25,Cancelled,499.0
6060,4512,1,2023-02-27,,Active,199.0
6061,4513,3,2023-08-12,2024-02-08,Cancelled,649.0
6062,4513,2,2024-03-28,,Active,499.0
6063,4514,2,2024-08-17,2024-10-16,Cancelled,499.0
6064,4514,3,2024-11-01,,Active,649.0
6065,4515,1,2022-07-02,2023-11-24,Cancelled,199.0
6066,4516,3,2022-05-03,2023-02-27,Cancelled,649.0
6067,4516,2,2023-04-08,2023-12-04,Cancelled,499.0
6068,4517,2,2022-05-16,,Active,499.0
6069,4518,2,2020-06-28,2020-12-25,Cancelled,499.0
6070,4519,3,2021-10-25,2022-09-20,Cancelled,649.0
6071,4520,2,2025-12-29,,Active,499.0
6072,4521,3,2019-04-23,2019-05-23,Cancelled,649.0
6073,4521,2,2019-07-02,2021-01-22,Cancelled,499.0
6074,4522,3,2024-11-26,2026-03-21,Cancelled,649.0
6075,4522,3,2026-04-27,,Active,649.0
6076,4523,1,2020-03-27,,Active,199.0
6077,4524,2,2019-11-10,2020-04-08,Cancelled,499.0
6078,4524,2,2020-05-21,2021-09-13,Cancelled,499.0
6079,4525,2,2021-02-20,,Active,499.0
6080,4526,2,2021-01-06,2021-03-07,Cancelled,499.0
6081,4527,3,2021-05-15,2022-09-07,Cancelled,649.0
6082,4528,3,2025-05-14,2025-11-10,Cancelled,649.0
6083,4529,2,2025-10-12,,Active,499.0
6084,4530,1,2024-03-10,,Active,199.0
6085,4531,1,2020-02-05,2021-07-29,Cancelled,199.0
6086,4532,1,2026-02-01,,Active,199.0
6087,4533,2,2025-05-09,,Active,499.0
6088,4534,1,2019-07-28,2019-08-27,Cancelled,199.0
6089,4534,2,2019-09-29,2021-01-21,Cancelled,499.0
6090,4534,2,2021-03-18,,Active,499.0
6091,4535,1,2021-11-26,2022-02-24,Cancelled,199.0
6092,4536,2,2024-10-24,,Active,499.0
6093,4537,3,2019-09-02,2019-12-31,Cancelled,649.0
6094,4537,1,2020-02-08,2021-08-31,Cancelled,199.0
6095,4538,2,2019-07-29,2020-04-24,Cancelled,499.0
6096,4538,2,2020-06-11,2020-12-08,Cancelled,499.0
6097,4538,2,2021-01-14,2022-02-08,Cancelled,499.0
6098,4539,1,2023-07-18,2024-07-12,Cancelled,199.0
6099,4540,1,2021-07-10,2023-01-31,Cancelled,199.0
6100,4541,3,2022-04-24,2023-02-18,Cancelled,649.0
6101,4541,1,2023-04-13,2023-11-09,Cancelled,199.0
6102,4542,3,2024-08-17,,Active,649.0
6103,4543,2,2023-01-31,2024-03-26,Cancelled,499.0
6104,4543,3,2024-05-13,2025-03-09,Cancelled,649.0
6105,4544,2,2024-04-30,2025-04-25,Cancelled,499.0
6106,4545,1,2019-12-12,,Active,199.0
6107,4546,2,2019-01-06,2019-06-05,Cancelled,499.0
6108,4547,2,2020-11-20,,Active,499.0
6109,4548,2,2020-07-06,,Active,499.0
6110,4549,1,2021-06-06,2021-10-04,Cancelled,199.0
6111,4549,1,2021-11-17,2022-08-14,Cancelled,199.0
6112,4549,3,2022-10-07,2024-08-27,Cancelled,649.0
6113,4550,3,2024-11-01,,Active,649.0
6114,4551,3,2020-02-21,2021-02-15,Cancelled,649.0
6115,4551,3,2021-03-17,,Active,649.0
6116,4552,1,2019-12-12,2021-03-06,Cancelled,199.0
6117,4552,2,2021-04-07,2022-11-28,Cancelled,499.0
6118,4553,2,2020-07-03,2021-09-26,Cancelled,499.0
6119,4554,1,2021-06-12,,Active,199.0
6120,4555,3,2020-06-24,2020-08-23,Cancelled,649.0
6121,4555,2,2020-10-10,2021-07-07,Cancelled,499.0
6122,4556,1,2020-05-18,,Active,199.0
6123,4557,2,2023-05-06,,Active,499.0
6124,4558,1,2019-11-02,,Active,199.0
6125,4559,2,2020-02-26,2020-05-26,Cancelled,499.0
6126,4560,2,2025-04-09,2026-04-04,Cancelled,499.0
6127,4561,3,2019-02-19,2020-12-10,Cancelled,649.0
6128,4562,1,2019-06-17,2019-11-14,Cancelled,199.0
6129,4562,2,2019-11-19,,Active,499.0
6130,4563,1,2019-07-10,2019-11-07,Cancelled,199.0
6131,4563,3,2019-11-26,2019-12-26,Cancelled,649.0
6132,4563,1,2020-01-30,2020-12-25,Cancelled,199.0
6133,4564,2,2023-01-07,2024-06-30,Cancelled,499.0
6134,4565,2,2024-03-17,2025-07-10,Cancelled,499.0
6135,4565,3,2025-07-21,2026-04-17,Cancelled,649.0
6136,4566,1,2024-03-11,2024-04-10,Cancelled,199.0
6137,4566,1,2024-04-20,2025-04-15,Cancelled,199.0
6138,4567,3,2024-03-04,2025-01-28,Cancelled,649.0
6139,4568,1,2019-06-07,2020-05-02,Cancelled,199.0
6140,4569,3,2021-08-01,,Active,649.0
6141,4570,1,2023-10-01,2025-01-23,Cancelled,199.0
6142,4571,2,2024-02-11,,Active,499.0
6143,4572,2,2021-07-03,2023-05-24,Cancelled,499.0
6144,4573,3,2025-05-07,2026-05-02,Cancelled,649.0
6145,4574,2,2025-04-01,2025-11-27,Cancelled,499.0
6146,4574,3,2025-12-26,,Active,649.0
6147,4575,2,2024-09-27,2026-06-19,Cancelled,499.0
6148,4576,3,2024-12-23,,Active,649.0
6149,4577,1,2026-04-23,,Active,199.0
6150,4578,2,2024-12-13,,Active,499.0
6151,4579,3,2023-05-22,2024-08-14,Cancelled,649.0
6152,4579,1,2024-09-27,2025-09-22,Cancelled,199.0
6153,4579,1,2025-11-17,,Active,199.0
6154,4580,1,2021-12-27,,Active,199.0
6155,4581,1,2021-09-18,,Active,199.0
6156,4582,1,2025-03-02,,Active,199.0
6157,4583,1,2021-03-21,,Active,199.0
6158,4584,2,2023-09-21,2024-05-18,Cancelled,499.0
6159,4585,1,2022-10-08,,Active,199.0
6160,4586,2,2021-11-02,2023-03-27,Cancelled,499.0
6161,4586,2,2023-05-20,2023-07-19,Cancelled,499.0
6162,4587,2,2022-05-19,2023-06-13,Cancelled,499.0
6163,4587,1,2023-08-09,,Active,199.0
6164,4588,1,2019-08-09,,Active,199.0
6165,4589,2,2024-04-26,,Active,499.0
6166,4590,2,2019-07-02,2019-08-31,Cancelled,499.0
6167,4590,2,2019-10-12,,Active,499.0
6168,4591,3,2019-07-22,2021-06-11,Cancelled,649.0
6169,4591,3,2021-07-06,2021-12-03,Cancelled,649.0
6170,4592,1,2020-11-19,2022-10-10,Cancelled,199.0
6171,4592,1,2022-11-23,2023-06-21,Cancelled,199.0
6172,4593,3,2022-12-25,2023-01-24,Cancelled,649.0
6173,4594,2,2021-03-31,2021-08-28,Cancelled,499.0
6174,4594,2,2021-10-16,,Active,499.0
6175,4595,1,2025-08-07,2025-11-05,Cancelled,199.0
6176,4595,1,2025-12-18,,Active,199.0
6177,4596,3,2025-12-14,,Active,649.0
6178,4597,3,2021-12-12,2022-07-10,Cancelled,649.0
6179,4598,3,2026-06-30,,Active,649.0
6180,4599,1,2019-09-01,2021-02-22,Cancelled,199.0
6181,4600,1,2020-01-29,2020-06-27,Cancelled,199.0
6182,4600,2,2020-08-16,2021-08-11,Cancelled,499.0
6183,4601,3,2021-08-09,2023-05-01,Cancelled,649.0
6184,4601,3,2023-06-09,2024-04-04,Cancelled,649.0
6185,4602,2,2026-01-25,,Active,499.0
6186,4603,2,2022-10-10,2023-05-08,Cancelled,499.0
6187,4604,2,2024-04-18,2025-11-09,Cancelled,499.0
6188,4605,2,2023-11-23,2025-09-13,Cancelled,499.0
6189,4606,1,2022-09-27,2024-08-17,Cancelled,199.0
6190,4606,1,2024-09-11,2025-09-06,Cancelled,199.0
6191,4607,3,2025-12-25,,Active,649.0
6192,4608,1,2026-02-26,,Active,199.0
6193,4609,3,2022-05-12,,Active,649.0
6194,4610,1,2024-05-08,2025-08-01,Cancelled,199.0
6195,4610,1,2025-08-09,,Active,199.0
6196,4611,2,2023-09-05,2025-03-28,Cancelled,499.0
6197,4612,3,2023-06-14,2025-02-03,Cancelled,649.0
6198,4612,3,2025-02-23,,Active,649.0
6199,4613,2,2019-10-06,2020-01-04,Cancelled,499.0
6200,4613,3,2020-01-24,2021-05-18,Cancelled,649.0
6201,4614,3,2020-07-27,,Active,649.0
6202,4615,1,2026-06-03,,Active,199.0
6203,4616,1,2020-10-31,2021-07-28,Cancelled,199.0
6204,4616,2,2021-08-24,2023-04-16,Cancelled,499.0
6205,4617,1,2023-11-20,2025-02-12,Cancelled,199.0
6206,4617,2,2025-04-08,,Active,499.0
6207,4618,2,2025-10-31,,Active,499.0
6208,4619,1,2023-07-08,,Active,199.0
6209,4620,1,2020-08-11,2022-03-04,Cancelled,199.0
6210,4620,1,2022-03-06,2023-12-26,Cancelled,199.0
6211,4621,1,2025-06-11,,Active,199.0
6212,4622,3,2019-03-30,2020-01-24,Cancelled,649.0
6213,4622,3,2020-03-15,2022-02-03,Cancelled,649.0
6214,4623,3,2024-06-02,2024-12-29,Cancelled,649.0
6215,4624,3,2020-12-29,2021-01-28,Cancelled,649.0
6216,4624,3,2021-02-13,,Active,649.0
6217,4625,3,2023-10-20,2025-05-12,Cancelled,649.0
6218,4626,2,2022-08-08,2023-06-04,Cancelled,499.0
6219,4627,2,2023-04-08,2024-05-02,Cancelled,499.0
6220,4628,2,2021-11-11,,Active,499.0
6221,4629,3,2022-12-19,,Active,649.0
6222,4630,2,2026-01-06,,Active,499.0
6223,4631,1,2025-03-12,2026-06-05,Cancelled,199.0
6224,4631,1,2026-07-25,,Active,199.0
6225,4632,3,2022-02-20,,Active,649.0
6226,4633,1,2026-01-21,,Active,199.0
6227,4634,2,2025-08-31,,Active,499.0
6228,4635,2,2023-09-14,,Active,499.0
6229,4636,1,2023-06-17,2024-02-12,Cancelled,199.0
6230,4637,3,2019-04-08,,Active,649.0
6231,4638,1,2022-12-06,,Active,199.0
6232,4639,1,2020-08-05,2021-05-02,Cancelled,199.0
6233,4639,2,2021-06-23,2023-03-15,Cancelled,499.0
6234,4639,1,2023-04-04,2023-10-01,Cancelled,199.0
6235,4640,2,2020-03-14,2021-07-07,Cancelled,499.0
6236,4640,1,2021-07-10,2021-11-07,Cancelled,199.0
6237,4641,1,2025-06-08,2025-09-06,Cancelled,199.0
6238,4641,2,2025-09-20,,Active,499.0
6239,4642,1,2021-01-12,2022-07-06,Cancelled,199.0
6240,4643,2,2023-08-13,,Active,499.0
6241,4644,2,2025-07-02,2025-10-30,Cancelled,499.0
6242,4645,1,2023-06-25,2023-07-25,Cancelled,199.0
6243,4645,3,2023-09-21,2024-09-15,Cancelled,649.0
6244,4646,2,2024-11-05,2025-01-04,Cancelled,499.0
6245,4647,3,2024-10-23,,Active,649.0
6246,4648,3,2022-05-10,,Active,649.0
6247,4649,2,2025-11-28,,Active,499.0
6248,4650,2,2025-10-24,,Active,499.0
6249,4651,2,2021-07-13,2022-09-06,Cancelled,499.0
6250,4651,1,2022-09-14,2023-08-10,Cancelled,199.0
6251,4652,1,2025-02-20,2026-01-16,Cancelled,199.0
6252,4653,2,2020-05-16,,Active,499.0
6253,4654,1,2019-11-03,2021-08-24,Cancelled,199.0
6254,4655,1,2022-12-22,2023-06-20,Cancelled,199.0
6255,4655,2,2023-07-12,2025-02-01,Cancelled,499.0
6256,4655,3,2025-03-09,2025-05-08,Cancelled,649.0
6257,4656,3,2023-07-18,2024-10-10,Cancelled,649.0
6258,4656,3,2024-12-06,,Active,649.0
6259,4657,2,2023-05-17,2023-10-14,Cancelled,499.0
6260,4657,2,2023-10-24,,Active,499.0
6261,4658,3,2024-12-27,,Active,649.0
6262,4659,3,2021-12-06,2022-08-03,Cancelled,649.0
6263,4659,2,2022-09-27,2022-12-26,Cancelled,499.0
6264,4660,1,2025-01-22,2025-05-22,Cancelled,199.0
6265,4661,3,2025-10-05,2025-11-04,Cancelled,649.0
6266,4661,1,2025-11-10,,Active,199.0
6267,4662,2,2019-09-08,,Active,499.0
6268,4663,1,2022-05-14,2024-01-04,Cancelled,199.0
6269,4664,3,2020-09-06,2022-06-28,Cancelled,649.0
6270,4664,1,2022-07-08,2024-02-28,Cancelled,199.0
6271,4664,1,2024-04-03,2025-07-27,Cancelled,199.0
6272,4665,1,2023-12-03,2024-01-02,Cancelled,199.0
6273,4666,2,2022-02-04,2022-10-02,Cancelled,499.0
6274,4666,1,2022-10-07,,Active,199.0
6275,4667,3,2021-02-10,,Active,649.0
6276,4668,3,2020-11-19,2021-12-14,Cancelled,649.0
6277,4669,3,2021-08-29,2022-09-23,Cancelled,649.0
6278,4670,3,2019-10-26,,Active,649.0
6279,4671,2,2019-10-14,2021-04-06,Cancelled,499.0
6280,4672,2,2023-09-18,,Active,499.0
6281,4673,2,2026-01-25,2026-05-25,Cancelled,499.0
6282,4674,1,2022-10-21,2024-03-14,Cancelled,199.0
6283,4675,1,2025-12-14,,Active,199.0
6284,4676,1,2020-02-29,2021-04-24,Cancelled,199.0
6285,4677,2,2026-04-18,,Active,499.0
6286,4678,3,2023-05-25,,Active,649.0
6287,4679,1,2024-07-29,2025-05-25,Cancelled,199.0
6288,4679,2,2025-06-26,2026-04-22,Cancelled,499.0
6289,4680,1,2019-06-19,2020-04-14,Cancelled,199.0
6290,4680,1,2020-04-30,,Active,199.0
6291,4681,3,2023-07-12,,Active,649.0
6292,4682,3,2021-11-14,,Active,649.0
6293,4683,2,2025-09-26,2026-04-24,Cancelled,499.0
6294,4683,3,2026-05-08,,Active,649.0
6295,4684,1,2024-12-09,,Active,199.0
6296,4685,2,2025-06-24,2026-01-20,Cancelled,499.0
6297,4686,2,2025-09-02,,Active,499.0
6298,4687,3,2024-05-27,2024-12-23,Cancelled,649.0
6299,4688,2,2020-11-02,2021-01-01,Cancelled,499.0
6300,4688,2,2021-02-25,2022-03-22,Cancelled,499.0
6301,4688,3,2022-05-17,2023-08-10,Cancelled,649.0
6302,4689,2,2021-02-13,,Active,499.0
6303,4690,2,2025-06-11,,Active,499.0
6304,4691,2,2023-07-06,,Active,499.0
6305,4692,1,2025-09-07,,Active,199.0
6306,4693,1,2024-12-16,,Active,199.0
6307,4694,3,2023-07-20,2024-11-11,Cancelled,649.0
6308,4694,2,2024-12-16,2025-11-11,Cancelled,499.0
6309,4695,2,2020-02-22,2020-12-18,Cancelled,499.0
6310,4696,3,2026-05-13,,Active,649.0
6311,4697,3,2020-10-27,2020-12-26,Cancelled,649.0
6312,4698,1,2020-11-05,2022-05-29,Cancelled,199.0
6313,4699,1,2020-02-04,2020-03-05,Cancelled,199.0
6314,4699,3,2020-03-22,2021-03-17,Cancelled,649.0
6315,4700,1,2019-07-08,2020-10-30,Cancelled,199.0
6316,4700,3,2020-11-07,2021-11-02,Cancelled,649.0
6317,4701,2,2021-10-23,,Active,499.0
6318,4702,1,2025-04-28,2025-10-25,Cancelled,199.0
6319,4703,1,2025-06-28,,Active,199.0
6320,4704,1,2022-09-06,,Active,199.0
6321,4705,2,2021-05-11,2021-08-09,Cancelled,499.0
6322,4705,3,2021-09-17,2022-09-12,Cancelled,649.0
6323,4706,1,2021-08-06,2022-11-29,Cancelled,199.0
6324,4706,3,2023-01-27,2024-09-18,Cancelled,649.0
6325,4707,3,2025-11-20,2026-03-20,Cancelled,649.0
6326,4707,3,2026-03-27,,Active,649.0
6327,4708,1,2019-06-01,,Active,199.0
6328,4709,3,2019-06-07,2019-08-06,Cancelled,649.0
6329,4709,1,2019-08-21,2021-01-12,Cancelled,199.0
6330,4710,3,2019-06-26,2021-04-16,Cancelled,649.0
6331,4711,1,2025-08-28,,Active,199.0
6332,4712,3,2019-09-06,2021-05-28,Cancelled,649.0
6333,4713,3,2026-01-21,,Active,649.0
6334,4714,2,2020-05-17,2022-01-07,Cancelled,499.0
6335,4715,2,2023-02-10,2024-12-31,Cancelled,499.0
6336,4715,1,2025-02-07,,Active,199.0
6337,4716,2,2026-04-10,,Active,499.0
6338,4717,1,2019-11-14,,Active,199.0
6339,4718,1,2021-02-09,2022-10-02,Cancelled,199.0
6340,4718,1,2022-10-14,,Active,199.0
6341,4719,2,2024-06-15,2024-07-15,Cancelled,499.0
6342,4719,2,2024-08-04,2025-11-27,Cancelled,499.0
6343,4720,2,2025-02-15,,Active,499.0
6344,4721,3,2025-10-20,,Active,649.0
6345,4722,2,2019-02-23,2020-08-16,Cancelled,499.0
6346,4722,1,2020-08-25,,Active,199.0
6347,4723,2,2024-10-28,2026-06-20,Cancelled,499.0
6348,4724,2,2021-05-31,2023-02-20,Cancelled,499.0
6349,4725,3,2023-03-08,2023-10-04,Cancelled,649.0
6350,4725,1,2023-10-12,2023-11-11,Cancelled,199.0
6351,4726,1,2025-10-17,,Active,199.0
6352,4727,2,2025-10-06,2026-06-03,Cancelled,499.0
6353,4727,1,2026-07-29,,Active,199.0
6354,4728,2,2020-05-21,2021-05-16,Cancelled,499.0
6355,4729,3,2022-07-12,,Active,649.0
6356,4730,1,2021-02-16,2022-03-13,Cancelled,199.0
6357,4731,1,2023-08-11,2023-11-09,Cancelled,199.0
6358,4732,1,2025-03-12,,Active,199.0
6359,4733,3,2021-05-20,2021-10-17,Cancelled,649.0
6360,4734,2,2019-11-29,,Active,499.0
6361,4735,2,2019-06-26,,Active,499.0
6362,4736,3,2019-05-26,,Active,649.0
6363,4737,1,2021-09-30,2022-05-28,Cancelled,199.0
6364,4738,2,2026-03-29,,Active,499.0
6365,4739,2,2020-11-20,2022-04-14,Cancelled,499.0
6366,4739,1,2022-06-06,,Active,199.0
6367,4740,2,2022-01-13,2022-08-11,Cancelled,499.0
6368,4741,1,2024-01-23,,Active,199.0
6369,4742,2,2023-12-07,,Active,499.0
6370,4743,1,2021-01-09,2021-11-05,Cancelled,199.0
6371,4744,2,2019-12-15,,Active,499.0
6372,4745,1,2020-03-04,2021-06-27,Cancelled,199.0
6373,4745,1,2021-07-21,2022-06-16,Cancelled,199.0
6374,4746,1,2020-08-25,2020-12-23,Cancelled,199.0
6375,4747,3,2019-08-24,2020-11-16,Cancelled,649.0
6376,4748,2,2022-06-13,2023-08-07,Cancelled,499.0
6377,4748,2,2023-10-03,,Active,499.0
6378,4749,2,2023-11-04,,Active,499.0
6379,4750,2,2024-01-23,2024-11-18,Cancelled,499.0
6380,4751,1,2025-10-24,,Active,199.0
6381,4752,1,2021-03-13,2021-06-11,Cancelled,199.0
6382,4753,2,2023-11-28,2024-11-22,Cancelled,499.0
6383,4754,3,2025-08-19,,Active,649.0
6384,4755,2,2019-03-19,2020-09-09,Cancelled,499.0
6385,4755,1,2020-09-13,,Active,199.0
6386,4756,2,2024-11-08,2025-10-04,Cancelled,499.0
6387,4756,2,2025-10-05,,Active,499.0
6388,4757,2,2019-08-30,2020-12-22,Cancelled,499.0
6389,4757,2,2021-02-04,2022-05-30,Cancelled,499.0
6390,4757,2,2022-06-21,2023-05-17,Cancelled,499.0
6391,4758,1,2023-02-19,2024-05-14,Cancelled,199.0
6392,4759,1,2025-03-24,,Active,199.0
6393,4760,1,2022-06-11,,Active,199.0
6394,4761,3,2023-03-13,2024-03-07,Cancelled,649.0
6395,4761,2,2024-03-21,2024-07-19,Cancelled,499.0
6396,4761,3,2024-09-04,,Active,649.0
6397,4762,1,2023-08-24,2024-08-18,Cancelled,199.0
6398,4762,1,2024-09-23,2025-10-18,Cancelled,199.0
6399,4763,3,2023-05-02,2024-07-25,Cancelled,649.0
6400,4763,1,2024-09-22,,Active,199.0
6401,4764,1,2024-06-26,,Active,199.0
6402,4765,3,2025-06-10,2026-06-05,Cancelled,649.0
6403,4766,1,2020-01-05,2020-10-31,Cancelled,199.0
6404,4766,2,2020-12-16,2021-05-15,Cancelled,499.0
6405,4767,2,2022-02-12,2022-06-12,Cancelled,499.0
6406,4768,1,2025-05-23,,Active,199.0
6407,4769,3,2021-11-10,2023-07-03,Cancelled,649.0
6408,4770,1,2022-09-01,2023-02-28,Cancelled,199.0
6409,4770,1,2023-04-14,2023-11-10,Cancelled,199.0
6410,4771,2,2024-07-25,2026-01-16,Cancelled,499.0
6411,4772,1,2026-01-04,,Active,199.0
6412,4773,1,2020-11-19,2022-10-10,Cancelled,199.0
6413,4774,1,2026-03-01,,Active,199.0
6414,4775,1,2024-04-27,2025-05-22,Cancelled,199.0
6415,4776,1,2019-03-26,2019-08-23,Cancelled,199.0
6416,4777,1,2025-06-17,2026-01-13,Cancelled,199.0
6417,4778,2,2021-11-18,2023-02-11,Cancelled,499.0
6418,4779,2,2021-02-11,2021-04-12,Cancelled,499.0
6419,4779,3,2021-05-12,,Active,649.0
6420,4780,2,2022-12-11,2023-03-11,Cancelled,499.0
6421,4781,2,2023-04-27,2024-08-19,Cancelled,499.0
6422,4781,3,2024-08-21,2026-02-12,Cancelled,649.0
6423,4782,2,2023-01-17,2023-07-16,Cancelled,499.0
6424,4783,3,2019-06-01,2019-07-31,Cancelled,649.0
6425,4783,3,2019-09-17,2020-11-10,Cancelled,649.0
6426,4784,2,2025-03-01,2025-10-27,Cancelled,499.0
6427,4785,1,2021-07-24,2023-03-16,Cancelled,199.0
6428,4786,3,2020-01-22,2020-11-17,Cancelled,649.0
6429,4786,1,2020-12-11,2022-03-06,Cancelled,199.0
6430,4787,3,2023-03-30,,Active,649.0
6431,4788,3,2023-09-01,2024-01-29,Cancelled,649.0
6432,4789,3,2019-10-11,2021-01-03,Cancelled,649.0
6433,4790,1,2026-01-24,,Active,199.0
6434,4791,2,2023-07-03,2023-09-01,Cancelled,499.0
6435,4791,2,2023-09-18,,Active,499.0
6436,4792,2,2026-06-21,,Active,499.0
6437,4793,3,2024-01-10,,Active,649.0
6438,4794,1,2019-01-28,,Active,199.0
6439,4795,1,2020-07-24,,Active,199.0
6440,4796,2,2026-04-16,,Active,499.0
6441,4797,1,2023-03-13,2023-05-12,Cancelled,199.0
6442,4798,3,2019-12-01,2021-09-21,Cancelled,649.0
6443,4798,2,2021-10-26,2022-01-24,Cancelled,499.0
6444,4799,1,2019-07-23,2021-04-13,Cancelled,199.0
6445,4800,1,2023-01-10,2024-07-03,Cancelled,199.0
6446,4801,2,2023-06-15,2025-02-04,Cancelled,499.0
6447,4802,1,2020-11-05,2021-07-03,Cancelled,199.0
6448,4803,1,2020-06-17,2021-11-09,Cancelled,199.0
6449,4804,3,2023-07-19,2024-07-13,Cancelled,649.0
6450,4805,1,2022-04-07,2023-05-02,Cancelled,199.0
6451,4806,2,2019-04-12,,Active,499.0
6452,4807,1,2019-06-07,2020-10-29,Cancelled,199.0
6453,4808,1,2020-10-14,2021-08-10,Cancelled,199.0
6454,4808,2,2021-09-06,2023-01-29,Cancelled,499.0
6455,4808,1,2023-02-18,2025-01-08,Cancelled,199.0
6456,4809,3,2023-03-25,2024-06-17,Cancelled,649.0
6457,4810,1,2021-04-02,,Active,199.0
6458,4811,2,2019-02-10,2020-10-02,Cancelled,499.0
6459,4812,3,2025-11-11,2026-03-11,Cancelled,649.0
6460,4813,1,2024-03-13,2025-02-06,Cancelled,199.0
6461,4814,1,2023-05-17,2025-04-06,Cancelled,199.0
6462,4815,1,2020-10-30,2021-11-24,Cancelled,199.0
6463,4816,3,2024-04-23,,Active,649.0
6464,4817,2,2026-02-03,,Active,499.0
6465,4818,2,2024-01-25,2024-09-21,Cancelled,499.0
6466,4819,1,2021-03-20,2021-11-15,Cancelled,199.0
6467,4820,1,2021-12-10,2022-11-05,Cancelled,199.0
6468,4820,1,2022-11-20,2024-10-10,Cancelled,199.0
6469,4821,3,2025-12-18,,Active,649.0
6470,4822,2,2019-02-08,2020-07-02,Cancelled,499.0
6471,4822,3,2020-08-16,2020-12-14,Cancelled,649.0
6472,4822,1,2021-02-05,,Active,199.0
6473,4823,2,2020-08-28,2021-02-24,Cancelled,499.0
6474,4824,1,2019-10-21,2021-05-13,Cancelled,199.0
6475,4824,1,2021-06-28,2023-01-19,Cancelled,199.0
6476,4825,2,2023-10-22,2025-01-14,Cancelled,499.0
6477,4826,2,2022-06-10,2023-12-02,Cancelled,499.0
6478,4827,1,2019-12-31,2020-03-30,Cancelled,199.0
6479,4828,2,2026-01-21,,Active,499.0
6480,4829,2,2023-02-19,2023-11-16,Cancelled,499.0
6481,4830,1,2020-11-12,,Active,199.0
6482,4831,2,2026-02-02,,Active,499.0
6483,4832,1,2024-03-26,2024-06-24,Cancelled,199.0
6484,4833,1,2019-12-22,2020-06-19,Cancelled,199.0
6485,4833,2,2020-08-06,2020-09-05,Cancelled,499.0
6486,4834,2,2025-03-13,2025-05-12,Cancelled,499.0
6487,4834,2,2025-06-19,,Active,499.0
6488,4835,3,2019-06-11,2020-09-03,Cancelled,649.0
6489,4836,2,2025-10-18,2025-12-17,Cancelled,499.0
6490,4837,1,2021-12-13,2023-10-04,Cancelled,199.0
6491,4837,2,2023-11-02,,Active,499.0
6492,4838,3,2021-03-14,2022-04-08,Cancelled,649.0
6493,4838,2,2022-05-23,2022-10-20,Cancelled,499.0
6494,4839,1,2019-05-27,2020-10-18,Cancelled,199.0
6495,4839,2,2020-12-11,2022-08-03,Cancelled,499.0
6496,4840,1,2025-12-24,,Active,199.0
6497,4841,1,2023-03-13,,Active,199.0
6498,4842,2,2023-07-23,2024-01-19,Cancelled,499.0
6499,4842,3,2024-03-17,2025-06-10,Cancelled,649.0
6500,4843,3,2025-05-17,,Active,649.0
6501,4844,1,2022-10-24,2023-06-21,Cancelled,199.0
6502,4845,1,2021-03-04,2021-07-02,Cancelled,199.0
6503,4845,2,2021-07-12,,Active,499.0
6504,4846,2,2024-11-01,,Active,499.0
6505,4847,2,2022-12-22,2024-04-15,Cancelled,499.0
6506,4847,1,2024-06-05,,Active,199.0
6507,4848,2,2020-10-15,2021-06-12,Cancelled,499.0
6508,4848,3,2021-06-15,2021-11-12,Cancelled,649.0
6509,4849,1,2025-05-01,2026-04-26,Cancelled,199.0
6510,4849,2,2026-05-02,,Active,499.0
6511,4850,1,2025-02-02,,Active,199.0
6512,4851,1,2020-11-08,,Active,199.0
6513,4852,3,2023-11-15,2024-12-09,Cancelled,649.0
6514,4852,3,2025-01-26,2026-05-21,Cancelled,649.0
6515,4853,1,2025-11-26,2026-03-26,Cancelled,199.0
6516,4854,1,2024-12-28,2025-12-23,Cancelled,199.0
6517,4854,3,2026-01-07,,Active,649.0
6518,4855,1,2020-06-28,2021-04-24,Cancelled,199.0
6519,4856,3,2025-05-31,,Active,649.0
6520,4857,2,2019-06-04,2020-03-30,Cancelled,499.0
6521,4858,1,2023-08-18,2023-12-16,Cancelled,199.0
6522,4859,3,2022-11-01,2023-06-29,Cancelled,649.0
6523,4860,2,2019-04-11,2021-01-30,Cancelled,499.0
6524,4861,1,2024-06-10,2024-08-09,Cancelled,199.0
6525,4862,3,2021-03-26,2021-12-21,Cancelled,649.0
6526,4863,1,2025-05-22,,Active,199.0
6527,4864,3,2025-08-01,,Active,649.0
6528,4865,2,2023-06-05,2024-12-26,Cancelled,499.0
6529,4866,2,2023-09-13,2024-06-09,Cancelled,499.0
6530,4867,3,2019-05-23,2020-12-13,Cancelled,649.0
6531,4868,1,2025-09-02,,Active,199.0
6532,4869,2,2024-02-10,2025-10-02,Cancelled,499.0
6533,4869,3,2025-10-14,,Active,649.0
6534,4870,1,2021-11-18,2023-10-09,Cancelled,199.0
6535,4870,2,2023-11-03,2024-04-01,Cancelled,499.0
6536,4871,3,2019-08-23,2020-05-19,Cancelled,649.0
6537,4871,2,2020-07-09,2021-05-05,Cancelled,499.0
6538,4872,1,2022-10-13,,Active,199.0
6539,4873,2,2025-10-02,,Active,499.0
6540,4874,2,2025-06-19,,Active,499.0
6541,4875,2,2019-09-28,2021-03-21,Cancelled,499.0
6542,4876,1,2024-09-17,2024-10-17,Cancelled,199.0
6543,4877,3,2019-08-13,2021-06-03,Cancelled,649.0
6544,4878,1,2021-10-30,2023-09-20,Cancelled,199.0
6545,4878,2,2023-10-16,2024-10-10,Cancelled,499.0
6546,4879,3,2022-05-09,,Active,649.0
6547,4880,1,2019-03-03,2019-12-28,Cancelled,199.0
6548,4880,2,2020-02-16,,Active,499.0
6549,4881,3,2020-01-11,2020-10-07,Cancelled,649.0
6550,4882,2,2025-08-07,,Active,499.0
6551,4883,3,2023-09-20,2024-10-14,Cancelled,649.0
6552,4883,1,2024-11-04,2025-12-29,Cancelled,199.0
6553,4884,2,2024-11-23,2024-12-23,Cancelled,499.0
6554,4885,3,2023-04-14,2023-09-11,Cancelled,649.0
6555,4886,3,2022-05-14,2023-05-09,Cancelled,649.0
6556,4886,1,2023-05-20,2023-12-16,Cancelled,199.0
6557,4887,1,2019-02-19,2020-08-12,Cancelled,199.0
6558,4888,2,2023-02-04,2023-12-01,Cancelled,499.0
6559,4889,2,2024-10-10,2025-09-05,Cancelled,499.0
6560,4890,2,2020-07-13,2021-08-07,Cancelled,499.0
6561,4891,3,2022-09-06,2023-06-03,Cancelled,649.0
6562,4892,2,2022-02-02,2022-12-29,Cancelled,499.0
6563,4893,1,2025-07-12,,Active,199.0
6564,4894,2,2020-03-22,,Active,499.0
6565,4895,2,2019-10-16,2019-11-15,Cancelled,499.0
6566,4895,2,2020-01-01,2020-09-27,Cancelled,499.0
6567,4895,1,2020-10-08,2022-01-01,Cancelled,199.0
6568,4896,2,2020-07-30,2021-08-24,Cancelled,499.0
6569,4896,2,2021-08-27,2022-05-24,Cancelled,499.0
6570,4897,3,2020-03-03,2021-11-23,Cancelled,649.0
6571,4898,2,2025-05-06,2026-01-31,Cancelled,499.0
6572,4898,2,2026-03-01,,Active,499.0
6573,4899,1,2020-12-14,,Active,199.0
6574,4900,1,2021-09-19,2023-05-12,Cancelled,199.0
6575,4901,2,2020-12-05,2021-04-04,Cancelled,499.0
6576,4902,2,2025-02-08,,Active,499.0
6577,4903,3,2023-12-24,,Active,649.0
6578,4904,1,2022-07-21,2023-06-16,Cancelled,199.0
6579,4905,2,2024-12-27,2025-04-26,Cancelled,499.0
6580,4906,1,2019-07-13,2019-11-10,Cancelled,199.0
6581,4907,1,2024-02-01,2024-04-01,Cancelled,199.0
6582,4907,3,2024-04-20,2026-03-11,Cancelled,649.0
6583,4907,3,2026-03-30,,Active,649.0
6584,4908,2,2021-09-16,,Active,499.0
6585,4909,3,2021-11-04,2022-12-29,Cancelled,649.0
6586,4910,1,2020-03-09,2021-08-01,Cancelled,199.0
6587,4910,2,2021-09-22,2023-04-15,Cancelled,499.0
6588,4910,1,2023-05-25,2025-04-14,Cancelled,199.0
6589,4911,1,2019-09-23,2020-12-16,Cancelled,199.0
6590,4912,2,2024-03-14,2025-07-07,Cancelled,499.0
6591,4912,1,2025-08-11,2026-04-08,Cancelled,199.0
6592,4913,2,2025-05-16,,Active,499.0
6593,4914,3,2025-10-31,2026-06-28,Cancelled,649.0
6594,4914,3,2026-07-24,,Active,649.0
6595,4915,2,2020-10-28,2021-05-26,Cancelled,499.0
6596,4915,1,2021-07-06,2023-02-26,Cancelled,199.0
6597,4916,1,2024-09-20,2025-02-17,Cancelled,199.0
6598,4916,2,2025-03-02,2025-08-29,Cancelled,499.0
6599,4916,2,2025-09-04,2026-03-03,Cancelled,499.0
6600,4917,2,2019-11-01,2020-01-30,Cancelled,499.0
6601,4918,3,2024-11-01,2025-07-29,Cancelled,649.0
6602,4919,3,2023-03-31,2025-01-19,Cancelled,649.0
6603,4920,2,2025-06-17,,Active,499.0
6604,4921,2,2019-07-05,2020-03-01,Cancelled,499.0
6605,4921,2,2020-03-07,2021-05-31,Cancelled,499.0
6606,4921,2,2021-06-02,2022-12-24,Cancelled,499.0
6607,4922,3,2024-10-27,,Active,649.0
6608,4923,2,2022-07-02,2023-03-29,Cancelled,499.0
6609,4923,2,2023-04-28,2025-02-16,Cancelled,499.0
6610,4923,2,2025-03-10,2025-08-07,Cancelled,499.0
6611,4924,1,2023-04-06,2023-05-06,Cancelled,199.0
6612,4925,2,2023-01-15,2024-10-06,Cancelled,499.0
6613,4926,1,2024-05-09,2026-03-30,Cancelled,199.0
6614,4927,1,2023-06-29,2024-07-23,Cancelled,199.0
6615,4927,2,2024-09-11,2024-10-11,Cancelled,499.0
6616,4928,1,2022-02-12,2022-08-11,Cancelled,199.0
6617,4928,3,2022-08-26,2023-02-22,Cancelled,649.0
6618,4929,3,2022-04-07,2023-03-03,Cancelled,649.0
6619,4930,2,2019-07-13,,Active,499.0
6620,4931,2,2024-06-05,2025-08-29,Cancelled,499.0
6621,4931,3,2025-10-03,,Active,649.0
6622,4932,1,2024-04-15,2025-05-10,Cancelled,199.0
6623,4933,1,2023-04-02,,Active,199.0
6624,4934,1,2024-05-29,,Active,199.0
6625,4935,1,2021-01-06,,Active,199.0
6626,4936,1,2020-09-04,,Active,199.0
6627,4937,2,2025-12-07,,Active,499.0
6628,4938,1,2026-02-24,,Active,199.0
6629,4939,3,2025-05-23,2026-01-18,Cancelled,649.0
6630,4940,1,2019-05-24,2020-03-19,Cancelled,199.0
6631,4940,3,2020-05-04,2021-01-29,Cancelled,649.0
6632,4940,1,2021-03-02,,Active,199.0
6633,4941,2,2023-02-11,2024-02-06,Cancelled,499.0
6634,4942,1,2024-07-08,,Active,199.0
6635,4943,1,2019-04-12,2019-10-09,Cancelled,199.0
6636,4943,2,2019-10-19,2020-02-16,Cancelled,499.0
6637,4944,1,2026-04-05,,Active,199.0
6638,4945,3,2024-11-25,,Active,649.0
6639,4946,2,2021-04-26,2022-01-21,Cancelled,499.0
6640,4947,2,2022-10-18,,Active,499.0
6641,4948,1,2025-11-03,,Active,199.0
6642,4949,3,2025-05-26,2025-12-22,Cancelled,649.0
6643,4949,1,2026-01-28,,Active,199.0
6644,4950,1,2025-03-12,,Active,199.0
6645,4951,1,2026-05-18,,Active,199.0
6646,4952,3,2024-07-30,,Active,649.0
6647,4953,2,2026-01-04,2026-02-03,Cancelled,499.0
6648,4954,1,2026-02-24,,Active,199.0
6649,4955,1,2019-02-23,2020-09-15,Cancelled,199.0
6650,4956,2,2023-11-26,2025-06-18,Cancelled,499.0
6651,4956,2,2025-07-11,,Active,499.0
6652,4957,1,2021-07-03,2023-01-24,Cancelled,199.0
6653,4957,3,2023-02-13,,Active,649.0
6654,4958,2,2022-09-16,2024-05-08,Cancelled,499.0
6655,4958,2,2024-07-01,,Active,499.0
6656,4959,2,2020-04-04,,Active,499.0
6657,4960,1,2024-01-25,2024-05-24,Cancelled,199.0
6658,4960,2,2024-06-22,2026-04-13,Cancelled,499.0
6659,4960,1,2026-05-15,,Active,199.0
6660,4961,2,2025-04-04,,Active,499.0
6661,4962,1,2022-02-01,2023-08-25,Cancelled,199.0
6662,4963,1,2024-03-26,2024-10-22,Cancelled,199.0
6663,4964,2,2021-06-08,,Active,499.0
6664,4965,3,2024-08-14,2025-08-09,Cancelled,649.0
6665,4966,3,2019-08-14,,Active,649.0
6666,4967,3,2025-08-06,2026-05-03,Cancelled,649.0
6667,4968,2,2021-10-31,2023-09-21,Cancelled,499.0
6668,4969,2,2022-10-14,2024-06-05,Cancelled,499.0
6669,4970,1,2025-01-08,2026-02-02,Cancelled,199.0
6670,4971,1,2019-03-23,2020-06-15,Cancelled,199.0
6671,4972,1,2026-02-01,,Active,199.0
6672,4973,1,2023-08-10,2024-09-03,Cancelled,199.0
6673,4973,1,2024-10-16,2026-05-09,Cancelled,199.0
6674,4974,2,2026-04-23,,Active,499.0
6675,4975,2,2023-02-18,2024-02-13,Cancelled,499.0
6676,4976,2,2020-07-19,,Active,499.0
6677,4977,1,2023-05-14,2024-09-05,Cancelled,199.0
6678,4978,2,2023-04-14,2024-09-05,Cancelled,499.0
6679,4979,1,2025-11-25,,Active,199.0
6680,4980,3,2023-04-26,2025-01-15,Cancelled,649.0
6681,4980,2,2025-02-12,,Active,499.0
6682,4981,1,2022-01-17,,Active,199.0
6683,4982,3,2020-04-27,,Active,649.0
6684,4983,1,2021-06-11,2022-04-07,Cancelled,199.0
6685,4983,3,2022-04-30,2022-10-27,Cancelled,649.0
6686,4983,3,2022-12-19,2024-11-08,Cancelled,649.0
6687,4984,1,2023-05-12,2023-08-10,Cancelled,199.0
6688,4984,2,2023-08-25,2024-09-18,Cancelled,499.0
6689,4985,1,2021-10-07,2022-05-05,Cancelled,199.0
6690,4986,3,2021-09-20,,Active,649.0
6691,4987,3,2019-02-09,2020-05-04,Cancelled,649.0
6692,4988,1,2026-01-24,,Active,199.0
6693,4989,1,2025-04-09,,Active,199.0
6694,4990,1,2020-11-29,2021-05-28,Cancelled,199.0
6695,4990,2,2021-06-01,2023-04-22,Cancelled,499.0
6696,4990,2,2023-06-01,2023-12-28,Cancelled,499.0
6697,4991,1,2020-01-12,,Active,199.0
6698,4992,1,2025-04-05,,Active,199.0
6699,4993,1,2025-04-09,2025-07-08,Cancelled,199.0
6700,4993,2,2025-08-11,,Active,499.0
6701,4994,1,2025-09-21,2025-10-21,Cancelled,199.0
6702,4994,3,2025-11-18,,Active,649.0
6703,4995,2,2023-02-07,2024-04-02,Cancelled,499.0
6704,4995,1,2024-05-05,2025-03-01,Cancelled,199.0
6705,4996,2,2024-07-07,2025-12-29,Cancelled,499.0
6706,4996,2,2026-02-26,,Active,499.0
6707,4997,2,2024-06-20,2026-05-11,Cancelled,499.0
6708,4998,2,2020-08-10,,Active,499.0
6709,4999,3,2022-12-05,2024-07-27,Cancelled,649.0
6710,5000,2,2020-12-13,2021-08-10,Cancelled,499.0
6711,5001,2,2024-08-26,2026-04-18,Cancelled,499.0
6712,5001,3,2026-05-11,,Active,649.0
6713,5002,3,2026-04-12,,Active,649.0
6714,5003,2,2019-07-29,2021-03-20,Cancelled,499.0
6715,5003,2,2021-03-29,2022-05-23,Cancelled,499.0
6716,5003,2,2022-07-18,2023-06-13,Cancelled,499.0
6717,5004,3,2019-07-27,2020-12-18,Cancelled,649.0
6718,5004,2,2021-02-14,2022-03-11,Cancelled,499.0
6719,5004,3,2022-05-04,2022-10-31,Cancelled,649.0
6720,5005,3,2020-12-24,,Active,649.0
6721,5006,2,2019-11-17,2020-01-16,Cancelled,499.0
6722,5007,2,2019-01-25,,Active,499.0
6723,5008,1,2026-05-03,,Active,199.0
6724,5009,1,2023-05-14,,Active,199.0
6725,5010,1,2024-10-28,2025-12-22,Cancelled,199.0
6726,5010,1,2026-02-18,,Active,199.0
6727,5011,2,2023-03-31,2024-02-24,Cancelled,499.0
6728,5011,1,2024-03-05,2024-12-30,Cancelled,199.0
6729,5011,3,2025-02-20,2025-06-20,Cancelled,649.0
6730,5012,3,2024-08-05,2024-11-03,Cancelled,649.0
6731,5013,2,2024-02-22,,Active,499.0
6732,5014,1,2020-03-14,2021-10-05,Cancelled,199.0
6733,5015,1,2020-02-16,,Active,199.0
6734,5016,1,2022-08-31,2024-04-22,Cancelled,199.0
6735,5017,2,2021-10-12,2022-05-10,Cancelled,499.0
6736,5018,3,2025-04-21,2025-10-18,Cancelled,649.0
6737,5019,1,2021-04-18,2023-02-07,Cancelled,199.0
6738,5019,3,2023-03-08,2025-01-26,Cancelled,649.0
6739,5020,1,2021-06-19,2021-09-17,Cancelled,199.0
6740,5021,3,2022-12-19,2024-10-09,Cancelled,649.0
6741,5021,1,2024-10-13,,Active,199.0
6742,5022,2,2020-06-11,2022-03-03,Cancelled,499.0
6743,5023,1,2025-06-08,,Active,199.0
6744,5024,3,2019-01-30,,Active,649.0
6745,5025,1,2025-05-09,2026-02-03,Cancelled,199.0
6746,5025,3,2026-03-05,,Active,649.0
6747,5026,2,2023-09-01,2025-03-24,Cancelled,499.0
6748,5027,3,2025-08-28,2025-10-27,Cancelled,649.0
6749,5028,2,2021-03-15,2023-01-04,Cancelled,499.0
6750,5029,2,2025-09-30,2025-11-29,Cancelled,499.0
6751,5030,1,2025-06-22,2026-01-18,Cancelled,199.0
6752,5031,3,2022-06-04,2023-07-29,Cancelled,649.0
6753,5032,2,2021-02-15,2022-09-08,Cancelled,499.0
6754,5033,1,2020-06-23,2021-12-15,Cancelled,199.0
6755,5033,2,2021-12-23,2023-06-16,Cancelled,499.0
6756,5034,2,2020-02-20,2020-03-21,Cancelled,499.0
6757,5035,3,2023-05-16,2023-07-15,Cancelled,649.0
6758,5036,2,2026-03-14,,Active,499.0
6759,5037,1,2023-03-29,,Active,199.0
6760,5038,3,2026-03-26,,Active,649.0
6761,5039,1,2024-08-31,2026-05-23,Cancelled,199.0
6762,5039,3,2026-07-07,,Active,649.0
6763,5040,2,2024-02-19,2026-01-09,Cancelled,499.0
6764,5041,2,2024-06-07,,Active,499.0
6765,5042,2,2025-12-16,,Active,499.0
6766,5043,1,2025-06-07,,Active,199.0
6767,5044,2,2020-03-19,,Active,499.0
6768,5045,2,2023-05-21,2024-04-15,Cancelled,499.0
6769,5045,1,2024-05-30,,Active,199.0
6770,5046,3,2022-06-14,2023-07-09,Cancelled,649.0
6771,5046,2,2023-07-26,2025-01-16,Cancelled,499.0
6772,5046,2,2025-02-10,2025-12-07,Cancelled,499.0
6773,5047,2,2025-08-04,2026-06-30,Cancelled,499.0
6774,5048,3,2020-07-12,2020-09-10,Cancelled,649.0
6775,5048,3,2020-10-25,,Active,649.0
6776,5049,2,2025-02-23,2026-02-18,Cancelled,499.0
6777,5050,1,2022-08-03,2022-09-02,Cancelled,199.0
6778,5051,2,2025-12-27,,Active,499.0
6779,5052,2,2024-12-06,2025-10-02,Cancelled,499.0
6780,5052,1,2025-11-30,,Active,199.0
6781,5053,2,2021-08-02,2022-03-30,Cancelled,499.0
6782,5054,1,2025-05-02,,Active,199.0
6783,5055,2,2020-05-28,2020-12-24,Cancelled,499.0
6784,5056,1,2019-01-12,2019-07-11,Cancelled,199.0
6785,5056,3,2019-07-22,2020-04-17,Cancelled,649.0
6786,5057,2,2022-10-19,,Active,499.0
6787,5058,3,2021-12-02,,Active,649.0
6788,5059,2,2019-12-11,2021-01-04,Cancelled,499.0
6789,5059,2,2021-02-21,2022-04-17,Cancelled,499.0
6790,5060,1,2026-06-14,,Active,199.0
6791,5061,3,2019-04-17,2019-08-15,Cancelled,649.0
6792,5061,3,2019-09-14,,Active,649.0
6793,5062,2,2023-06-02,2024-08-25,Cancelled,499.0
6794,5062,3,2024-09-23,,Active,649.0
6795,5063,3,2020-12-15,2021-07-13,Cancelled,649.0
6796,5063,1,2021-08-27,2021-12-25,Cancelled,199.0
6797,5064,1,2021-03-21,2021-09-17,Cancelled,199.0
6798,5065,2,2020-07-31,2021-08-25,Cancelled,499.0
6799,5066,1,2021-12-01,2022-10-27,Cancelled,199.0
6800,5066,1,2022-11-14,2023-03-14,Cancelled,199.0
6801,5066,2,2023-04-08,,Active,499.0
6802,5067,1,2024-01-02,2024-04-01,Cancelled,199.0
6803,5067,2,2024-05-09,,Active,499.0
6804,5068,3,2021-06-02,2022-03-29,Cancelled,649.0
6805,5069,1,2024-05-29,2025-12-20,Cancelled,199.0
6806,5070,2,2022-05-10,,Active,499.0
6807,5071,2,2024-11-19,,Active,499.0
6808,5072,1,2022-05-02,2023-02-26,Cancelled,199.0
6809,5072,2,2023-02-27,,Active,499.0
6810,5073,2,2021-09-27,2023-07-19,Cancelled,499.0
6811,5074,2,2022-10-19,2023-09-14,Cancelled,499.0
6812,5074,2,2023-10-01,,Active,499.0
6813,5075,3,2024-02-23,2025-12-14,Cancelled,649.0
6814,5076,3,2022-06-25,2022-09-23,Cancelled,649.0
6815,5077,3,2025-10-17,,Active,649.0
6816,5078,3,2022-11-14,2024-05-07,Cancelled,649.0
6817,5078,2,2024-07-05,,Active,499.0
6818,5079,1,2021-03-21,2021-09-17,Cancelled,199.0
6819,5079,2,2021-09-30,2022-02-27,Cancelled,499.0
6820,5080,3,2019-03-18,2021-02-05,Cancelled,649.0
6821,5080,3,2021-03-09,2021-12-04,Cancelled,649.0
6822,5081,1,2021-12-10,2022-02-08,Cancelled,199.0
6823,5081,2,2022-03-30,2023-08-22,Cancelled,499.0
6824,5081,1,2023-09-02,2023-10-02,Cancelled,199.0
6825,5082,2,2019-05-30,,Active,499.0
6826,5083,3,2019-04-08,2019-08-06,Cancelled,649.0
6827,5083,3,2019-08-18,2020-07-13,Cancelled,649.0
6828,5083,1,2020-07-17,,Active,199.0
6829,5084,2,2021-10-13,2023-01-06,Cancelled,499.0
6830,5085,2,2021-03-05,,Active,499.0
6831,5086,2,2025-08-19,,Active,499.0
6832,5087,3,2024-06-22,2024-09-20,Cancelled,649.0
6833,5087,1,2024-10-11,2024-12-10,Cancelled,199.0
6834,5087,1,2024-12-22,,Active,199.0
6835,5088,3,2024-12-05,,Active,649.0
6836,5089,3,2023-02-02,2023-12-29,Cancelled,649.0
6837,5090,2,2019-10-29,2020-01-27,Cancelled,499.0
6838,5091,1,2025-05-19,,Active,199.0
6839,5092,2,2022-09-16,2024-03-09,Cancelled,499.0
6840,5093,1,2022-03-20,2023-08-12,Cancelled,199.0
6841,5094,1,2023-07-14,2025-01-04,Cancelled,199.0
6842,5094,2,2025-02-09,2026-06-04,Cancelled,499.0
6843,5095,3,2020-03-24,2022-02-12,Cancelled,649.0
6844,5096,2,2022-08-10,,Active,499.0
6845,5097,2,2023-07-17,2023-10-15,Cancelled,499.0
6846,5098,1,2024-03-24,2026-01-13,Cancelled,199.0
6847,5098,1,2026-01-15,,Active,199.0
6848,5099,3,2022-10-01,2023-02-28,Cancelled,649.0
6849,5100,1,2026-06-23,,Active,199.0
6850,5101,1,2026-06-04,,Active,199.0
6851,5102,2,2019-09-22,2021-06-13,Cancelled,499.0
6852,5102,3,2021-06-21,2021-12-18,Cancelled,649.0
6853,5102,3,2021-12-29,2023-06-22,Cancelled,649.0
6854,5103,2,2019-08-15,2019-11-13,Cancelled,499.0
6855,5103,3,2019-12-18,2021-08-09,Cancelled,649.0
6856,5104,2,2022-11-12,2024-07-04,Cancelled,499.0
6857,5104,1,2024-08-27,2026-02-18,Cancelled,199.0
6858,5105,3,2025-03-16,2025-04-15,Cancelled,649.0
6859,5106,2,2022-11-03,2024-05-26,Cancelled,499.0
6860,5107,3,2020-08-17,2022-05-09,Cancelled,649.0
6861,5107,2,2022-05-27,2022-11-23,Cancelled,499.0
6862,5108,2,2023-03-20,,Active,499.0
6863,5109,3,2026-01-26,,Active,649.0
6864,5110,2,2020-04-02,2020-09-29,Cancelled,499.0
6865,5111,2,2022-05-04,2022-10-01,Cancelled,499.0
6866,5111,2,2022-10-03,2024-08-23,Cancelled,499.0
6867,5111,1,2024-10-06,2024-11-05,Cancelled,199.0
6868,5112,3,2023-10-14,2024-06-10,Cancelled,649.0
6869,5113,1,2021-12-12,,Active,199.0
6870,5114,2,2019-05-02,2020-03-27,Cancelled,499.0
6871,5115,1,2024-01-08,,Active,199.0
6872,5116,1,2024-07-22,,Active,199.0
6873,5117,1,2023-11-29,2024-05-27,Cancelled,199.0
6874,5118,3,2023-12-21,2025-02-13,Cancelled,649.0
6875,5119,1,2023-12-04,,Active,199.0
6876,5120,2,2021-06-23,,Active,499.0
6877,5121,1,2019-02-15,2020-10-07,Cancelled,199.0
6878,5122,2,2026-05-31,,Active,499.0
6879,5123,3,2020-07-13,,Active,649.0
6880,5124,1,2025-03-19,,Active,199.0
6881,5125,2,2023-01-20,2024-04-14,Cancelled,499.0
6882,5125,3,2024-05-09,2026-02-28,Cancelled,649.0
6883,5126,2,2023-01-17,2023-06-16,Cancelled,499.0
6884,5127,2,2019-02-27,2020-05-22,Cancelled,499.0
6885,5128,3,2026-06-05,,Active,649.0
6886,5129,2,2022-12-18,2023-07-16,Cancelled,499.0
6887,5130,1,2025-03-22,,Active,199.0
6888,5131,2,2024-10-30,2024-11-29,Cancelled,499.0
6889,5132,1,2020-01-13,2020-09-09,Cancelled,199.0
6890,5132,3,2020-11-03,2021-01-02,Cancelled,649.0
6891,5132,3,2021-02-11,,Active,649.0
6892,5133,1,2026-02-07,,Active,199.0
6893,5134,1,2023-06-07,,Active,199.0
6894,5135,3,2020-05-21,2021-03-17,Cancelled,649.0
6895,5135,1,2021-03-31,,Active,199.0
6896,5136,3,2023-05-10,2023-06-09,Cancelled,649.0
6897,5137,2,2023-08-15,2024-10-08,Cancelled,499.0
6898,5137,2,2024-11-08,,Active,499.0
6899,5138,1,2023-11-23,2025-07-15,Cancelled,199.0
6900,5139,2,2021-05-30,,Active,499.0
6901,5140,2,2026-01-19,,Active,499.0
6902,5141,1,2020-10-10,2021-12-04,Cancelled,199.0
6903,5141,3,2021-12-17,2022-10-13,Cancelled,649.0
6904,5141,2,2022-11-07,2022-12-07,Cancelled,499.0
6905,5142,2,2022-09-09,2023-05-07,Cancelled,499.0
6906,5143,3,2025-04-15,2026-02-09,Cancelled,649.0
6907,5144,1,2019-07-31,2020-10-23,Cancelled,199.0
6908,5145,3,2022-01-09,,Active,649.0
6909,5146,2,2022-08-05,2023-02-01,Cancelled,499.0
6910,5146,1,2023-03-10,2024-02-03,Cancelled,199.0
6911,5147,3,2024-10-17,2026-06-09,Cancelled,649.0
6912,5148,2,2024-11-26,2025-04-25,Cancelled,499.0
6913,5149,2,2024-12-21,2026-03-16,Cancelled,499.0
6914,5149,3,2026-04-04,,Active,649.0
6915,5150,1,2021-09-08,2022-09-03,Cancelled,199.0
6916,5150,3,2022-09-16,2023-04-14,Cancelled,649.0
6917,5151,2,2022-09-08,2024-06-29,Cancelled,499.0
6918,5152,2,2019-03-16,2019-09-12,Cancelled,499.0
6919,5153,1,2025-03-02,,Active,199.0
6920,5154,1,2021-04-10,2021-12-06,Cancelled,199.0
6921,5154,3,2022-01-06,2023-05-31,Cancelled,649.0
6922,5155,2,2022-07-03,2022-11-30,Cancelled,499.0
6923,5156,1,2024-02-11,2025-08-04,Cancelled,199.0
6924,5156,2,2025-08-11,,Active,499.0
6925,5157,1,2024-10-27,2025-04-25,Cancelled,199.0
6926,5158,1,2019-08-24,2020-11-16,Cancelled,199.0
6927,5158,2,2020-11-19,,Active,499.0
6928,5159,2,2024-10-01,2026-06-23,Cancelled,499.0
6929,5159,1,2026-07-23,,Active,199.0
6930,5160,3,2021-10-26,,Active,649.0
6931,5161,3,2022-02-17,2024-01-08,Cancelled,649.0
6932,5162,3,2019-12-31,,Active,649.0
6933,5163,2,2024-05-16,2025-06-10,Cancelled,499.0
6934,5163,3,2025-07-10,2025-11-07,Cancelled,649.0
6935,5164,2,2022-07-27,2022-11-24,Cancelled,499.0
6936,5165,2,2019-10-12,,Active,499.0
6937,5166,2,2020-01-23,2020-07-21,Cancelled,499.0
6938,5166,3,2020-08-13,,Active,649.0
6939,5167,1,2024-05-29,,Active,199.0
6940,5168,2,2019-10-26,2020-02-23,Cancelled,499.0
6941,5168,2,2020-04-19,2020-08-17,Cancelled,499.0
6942,5169,1,2022-11-28,2023-08-25,Cancelled,199.0
6943,5169,2,2023-09-16,,Active,499.0
6944,5170,1,2024-03-25,2025-05-19,Cancelled,199.0
6945,5171,1,2025-11-02,,Active,199.0
6946,5172,1,2020-03-08,2022-01-27,Cancelled,199.0
6947,5173,1,2021-03-21,2021-07-19,Cancelled,199.0
6948,5173,1,2021-08-14,2022-02-10,Cancelled,199.0
6949,5174,2,2020-02-28,2021-09-20,Cancelled,499.0
6950,5174,1,2021-10-17,,Active,199.0
6951,5175,3,2025-08-05,,Active,649.0
6952,5176,2,2023-06-11,,Active,499.0
6953,5177,1,2026-05-16,,Active,199.0
6954,5178,3,2019-04-30,2020-06-23,Cancelled,649.0
6955,5178,2,2020-08-10,2020-12-08,Cancelled,499.0
6956,5178,1,2021-01-04,2021-09-01,Cancelled,199.0
6957,5179,1,2024-04-16,,Active,199.0
6958,5180,3,2019-04-01,2020-05-25,Cancelled,649.0
6959,5181,2,2019-10-26,,Active,499.0
6960,5182,1,2022-03-27,2023-06-20,Cancelled,199.0
6961,5182,2,2023-08-17,,Active,499.0
6962,5183,1,2021-10-01,2023-07-23,Cancelled,199.0
6963,5183,2,2023-08-04,,Active,499.0
6964,5184,3,2021-09-26,2023-04-19,Cancelled,649.0
6965,5184,1,2023-05-12,2024-12-02,Cancelled,199.0
6966,5185,1,2019-07-05,2021-03-26,Cancelled,199.0
6967,5186,2,2023-01-31,2023-06-30,Cancelled,499.0
6968,5187,2,2021-07-21,2023-02-11,Cancelled,499.0
6969,5188,3,2026-06-13,,Active,649.0
6970,5189,3,2024-12-01,2025-03-31,Cancelled,649.0
6971,5190,3,2022-04-05,2022-12-01,Cancelled,649.0
6972,5190,3,2022-12-18,2024-04-11,Cancelled,649.0
6973,5191,2,2024-09-26,,Active,499.0
6974,5192,2,2023-04-27,2024-12-17,Cancelled,499.0
6975,5193,1,2022-09-18,2023-06-15,Cancelled,199.0
6976,5194,2,2025-11-21,,Active,499.0
6977,5195,2,2023-05-28,2024-08-20,Cancelled,499.0
6978,5195,1,2024-08-29,2024-12-27,Cancelled,199.0
6979,5196,2,2022-08-15,2024-07-05,Cancelled,499.0
6980,5196,2,2024-09-01,2025-11-25,Cancelled,499.0
6981,5196,1,2026-01-08,,Active,199.0
6982,5197,2,2023-04-01,2023-06-30,Cancelled,499.0
6983,5197,2,2023-08-19,2023-09-18,Cancelled,499.0
6984,5198,2,2024-11-08,2026-03-03,Cancelled,499.0
6985,5199,3,2024-07-23,2026-01-14,Cancelled,649.0
6986,5199,3,2026-02-03,,Active,649.0
6987,5200,3,2023-02-11,,Active,649.0
6988,5201,2,2020-04-28,2020-11-24,Cancelled,499.0
6989,5202,3,2023-10-11,2024-10-05,Cancelled,649.0
6990,5202,2,2024-11-26,2025-07-24,Cancelled,499.0
6991,5203,3,2022-03-25,2023-10-16,Cancelled,649.0
6992,5204,3,2025-12-28,2026-06-26,Cancelled,649.0
6993,5205,3,2025-10-23,2026-05-21,Cancelled,649.0
6994,5205,2,2026-06-14,,Active,499.0
6995,5206,2,2019-01-02,2019-07-31,Cancelled,499.0
6996,5206,2,2019-08-27,2020-06-22,Cancelled,499.0
6997,5206,2,2020-06-27,,Active,499.0
6998,5207,1,2026-06-28,,Active,199.0
6999,5208,2,2025-10-02,,Active,499.0
7000,5209,3,2025-10-19,,Active,649.0
7001,5210,1,2022-09-24,2023-05-22,Cancelled,199.0
7002,5210,2,2023-06-02,2023-11-29,Cancelled,499.0
7003,5211,1,2021-01-10,2021-11-06,Cancelled,199.0
7004,5211,2,2021-12-23,2022-07-21,Cancelled,499.0
7005,5212,3,2023-07-20,2023-11-17,Cancelled,649.0
7006,5213,3,2025-08-14,,Active,649.0
7007,5214,3,2022-05-17,,Active,649.0
7008,5215,2,2026-05-21,,Active,499.0
7009,5216,1,2020-12-15,2021-05-14,Cancelled,199.0
7010,5217,2,2025-05-24,2026-01-19,Cancelled,499.0
7011,5218,2,2019-06-30,2020-06-24,Cancelled,499.0
7012,5219,1,2025-04-17,,Active,199.0
7013,5220,2,2026-01-31,,Active,499.0
7014,5221,2,2024-04-07,2024-12-03,Cancelled,499.0
7015,5222,3,2023-09-05,2024-02-02,Cancelled,649.0
7016,5222,2,2024-02-09,2025-04-04,Cancelled,499.0
7017,5222,3,2025-05-16,2025-07-15,Cancelled,649.0
7018,5223,2,2022-01-31,2022-04-01,Cancelled,499.0
7019,5224,1,2025-07-19,2025-11-16,Cancelled,199.0
7020,5225,3,2019-12-13,,Active,649.0
7021,5226,1,2021-03-07,,Active,199.0
7022,5227,3,2019-12-26,,Active,649.0
7023,5228,1,2021-01-31,,Active,199.0
7024,5229,1,2022-12-03,,Active,199.0
7025,5230,2,2021-07-08,2022-06-03,Cancelled,499.0
7026,5231,2,2022-02-25,2022-12-22,Cancelled,499.0
7027,5232,3,2020-09-24,2021-12-18,Cancelled,649.0
7028,5233,3,2021-08-23,2022-11-16,Cancelled,649.0
7029,5233,1,2022-12-06,2024-07-28,Cancelled,199.0
7030,5234,2,2022-09-25,,Active,499.0
7031,5235,3,2020-08-08,2021-11-01,Cancelled,649.0
7032,5236,2,2026-01-07,,Active,499.0
7033,5237,2,2025-09-22,,Active,499.0
7034,5238,2,2025-07-26,,Active,499.0
7035,5239,1,2019-01-05,2020-06-28,Cancelled,199.0
7036,5240,2,2022-09-17,,Active,499.0
7037,5241,2,2024-12-16,2025-10-12,Cancelled,499.0
7038,5242,3,2021-08-12,,Active,649.0
7039,5243,3,2020-09-26,2021-05-24,Cancelled,649.0
7040,5244,1,2023-08-02,2023-12-30,Cancelled,199.0
7041,5244,2,2024-01-19,2025-06-12,Cancelled,499.0
7042,5244,2,2025-07-23,,Active,499.0
7043,5245,3,2019-01-07,2019-04-07,Cancelled,649.0
7044,5245,1,2019-05-23,,Active,199.0
7045,5246,3,2023-08-04,2025-04-25,Cancelled,649.0
7046,5246,1,2025-06-17,2026-01-13,Cancelled,199.0
7047,5247,2,2022-05-21,2023-04-16,Cancelled,499.0
7048,5248,1,2024-02-16,2025-02-10,Cancelled,199.0
7049,5249,2,2024-02-13,,Active,499.0
7050,5250,1,2023-01-06,2023-04-06,Cancelled,199.0
7051,5251,3,2023-05-18,,Active,649.0
7052,5252,3,2019-03-15,,Active,649.0
7053,5253,1,2026-05-10,,Active,199.0
7054,5254,2,2019-07-28,,Active,499.0
7055,5255,2,2026-04-28,,Active,499.0
7056,5256,2,2026-04-20,,Active,499.0
7057,5257,2,2024-05-19,,Active,499.0
7058,5258,2,2024-08-05,2024-12-03,Cancelled,499.0
7059,5259,3,2019-03-24,2020-01-18,Cancelled,649.0
7060,5259,2,2020-01-24,2021-05-18,Cancelled,499.0
7061,5260,1,2026-02-09,,Active,199.0
7062,5261,2,2022-12-17,2024-09-07,Cancelled,499.0
7063,5262,3,2021-07-18,2023-02-08,Cancelled,649.0
7064,5262,2,2023-02-16,2024-04-11,Cancelled,499.0
7065,5263,2,2024-01-08,2024-09-04,Cancelled,499.0
7066,5263,2,2024-10-24,2026-06-16,Cancelled,499.0
7067,5264,2,2023-01-04,2024-03-29,Cancelled,499.0
7068,5265,1,2021-09-17,2022-11-11,Cancelled,199.0
7069,5266,3,2021-05-31,2022-11-22,Cancelled,649.0
7070,5266,2,2022-12-06,2024-08-27,Cancelled,499.0
7071,5267,3,2019-11-20,,Active,649.0
7072,5268,2,2025-10-24,2026-02-21,Cancelled,499.0
7073,5268,1,2026-04-18,,Active,199.0
7074,5269,1,2023-12-28,2025-06-20,Cancelled,199.0
7075,5270,2,2021-02-26,2021-09-24,Cancelled,499.0
7076,5271,1,2024-06-02,2024-11-29,Cancelled,199.0
7077,5271,2,2025-01-17,,Active,499.0
7078,5272,2,2024-03-14,,Active,499.0
7079,5273,2,2020-01-19,2020-05-18,Cancelled,499.0
7080,5273,3,2020-05-25,,Active,649.0
7081,5274,2,2020-04-24,2020-07-23,Cancelled,499.0
7082,5275,3,2020-09-24,2020-10-24,Cancelled,649.0
7083,5276,1,2019-10-16,,Active,199.0
7084,5277,1,2025-03-03,,Active,199.0
7085,5278,2,2020-03-02,2021-01-26,Cancelled,499.0
7086,5278,3,2021-03-09,2022-12-29,Cancelled,649.0
7087,5278,2,2023-02-25,2024-03-21,Cancelled,499.0
7088,5279,2,2025-01-30,2026-04-25,Cancelled,499.0
7089,5280,2,2022-12-20,2024-02-13,Cancelled,499.0
7090,5280,1,2024-03-08,2024-05-07,Cancelled,199.0
7091,5281,2,2019-11-16,,Active,499.0
7092,5282,1,2025-05-01,2025-10-28,Cancelled,199.0
7093,5283,2,2020-04-20,2021-09-12,Cancelled,499.0
7094,5283,1,2021-10-20,,Active,199.0
7095,5284,1,2026-06-29,,Active,199.0
7096,5285,2,2019-02-08,,Active,499.0
7097,5286,1,2023-09-01,2023-11-30,Cancelled,199.0
7098,5286,2,2023-12-06,2024-09-01,Cancelled,499.0
7099,5286,2,2024-09-13,2026-01-06,Cancelled,499.0
7100,5287,2,2021-05-08,,Active,499.0
7101,5288,3,2023-01-01,2023-07-30,Cancelled,649.0
7102,5289,2,2025-04-18,,Active,499.0
7103,5290,1,2024-11-24,2025-10-20,Cancelled,199.0
7104,5290,2,2025-10-30,,Active,499.0
7105,5291,1,2021-02-09,2021-09-07,Cancelled,199.0
7106,5292,1,2019-06-24,,Active,199.0
7107,5293,3,2021-02-15,2022-04-11,Cancelled,649.0
7108,5293,3,2022-05-13,2023-02-07,Cancelled,649.0
7109,5294,2,2025-01-25,,Active,499.0
7110,5295,3,2022-11-12,,Active,649.0
7111,5296,2,2024-09-07,2026-04-30,Cancelled,499.0
7112,5297,1,2022-09-16,,Active,199.0
7113,5298,1,2022-12-20,,Active,199.0
7114,5299,1,2019-06-27,2020-10-19,Cancelled,199.0
7115,5299,3,2020-10-30,,Active,649.0
7116,5300,1,2019-03-04,2020-07-26,Cancelled,199.0
7117,5301,3,2024-04-09,2024-07-08,Cancelled,649.0
7118,5302,2,2020-07-07,,Active,499.0
7119,5303,1,2021-09-14,2022-05-12,Cancelled,199.0
7120,5303,1,2022-06-11,2023-12-03,Cancelled,199.0
7121,5304,2,2021-10-09,,Active,499.0
7122,5305,3,2023-09-30,,Active,649.0
7123,5306,2,2026-01-21,,Active,499.0
7124,5307,3,2024-09-05,2025-07-02,Cancelled,649.0
7125,5307,2,2025-07-04,2026-03-01,Cancelled,499.0
7126,5307,1,2026-03-02,,Active,199.0
7127,5308,1,2023-10-15,2024-11-08,Cancelled,199.0
7128,5308,3,2025-01-06,2025-11-02,Cancelled,649.0
7129,5309,2,2025-04-04,,Active,499.0
7130,5310,1,2022-10-28,2024-09-17,Cancelled,199.0
7131,5310,2,2024-10-08,2025-10-03,Cancelled,499.0
7132,5311,2,2020-02-02,2021-11-23,Cancelled,499.0
7133,5312,2,2022-08-30,2023-06-26,Cancelled,499.0
7134,5313,1,2026-05-01,2026-06-30,Cancelled,199.0
7135,5314,2,2024-11-05,,Active,499.0
7136,5315,2,2021-08-15,2022-06-11,Cancelled,499.0
7137,5315,2,2022-07-05,,Active,499.0
7138,5316,1,2021-06-05,2022-03-02,Cancelled,199.0
7139,5316,2,2022-04-01,2023-12-22,Cancelled,499.0
7140,5317,1,2025-11-18,2025-12-18,Cancelled,199.0
7141,5318,2,2019-09-16,2020-10-10,Cancelled,499.0
7142,5318,1,2020-12-08,2021-03-08,Cancelled,199.0
7143,5318,1,2021-04-15,2021-05-15,Cancelled,199.0
7144,5319,3,2025-12-28,,Active,649.0
7145,5320,2,2024-01-28,2025-09-19,Cancelled,499.0
7146,5320,1,2025-10-05,,Active,199.0
7147,5321,1,2025-01-20,2025-02-19,Cancelled,199.0
7148,5322,2,2021-06-19,2021-11-16,Cancelled,499.0
7149,5323,2,2023-11-11,,Active,499.0
7150,5324,1,2021-06-10,2021-09-08,Cancelled,199.0
7151,5325,1,2019-02-17,2019-09-15,Cancelled,199.0
7152,5326,2,2022-05-30,,Active,499.0
7153,5327,2,2026-05-06,,Active,499.0
7154,5328,3,2020-10-26,,Active,649.0
7155,5329,1,2020-03-19,2022-01-08,Cancelled,199.0
7156,5329,1,2022-03-04,2023-11-24,Cancelled,199.0
7157,5330,2,2025-11-28,2026-04-27,Cancelled,499.0
7158,5331,1,2025-10-28,2026-01-26,Cancelled,199.0
7159,5331,1,2026-03-04,,Active,199.0
7160,5332,1,2025-05-08,2025-10-05,Cancelled,199.0
7161,5333,3,2026-04-27,,Active,649.0
7162,5334,3,2026-06-06,,Active,649.0
7163,5335,3,2025-11-19,,Active,649.0
7164,5336,2,2026-03-25,,Active,499.0
7165,5337,1,2024-07-31,2025-11-23,Cancelled,199.0
7166,5337,3,2026-01-13,,Active,649.0
7167,5338,2,2021-05-10,2021-06-09,Cancelled,499.0
7168,5339,3,2022-06-08,2024-03-29,Cancelled,649.0
7169,5340,2,2021-11-08,2022-03-08,Cancelled,499.0
7170,5341,2,2022-10-27,2023-02-24,Cancelled,499.0
7171,5342,2,2024-03-26,2024-04-25,Cancelled,499.0
7172,5343,1,2020-10-23,2021-06-20,Cancelled,199.0
7173,5343,2,2021-06-23,,Active,499.0
7174,5344,2,2019-02-13,,Active,499.0
7175,5345,2,2023-07-09,2023-09-07,Cancelled,499.0
7176,5346,3,2026-06-14,,Active,649.0
7177,5347,2,2025-06-17,2026-01-13,Cancelled,499.0
7178,5348,3,2019-01-30,2020-09-21,Cancelled,649.0
7179,5348,2,2020-11-08,2022-09-29,Cancelled,499.0
7180,5348,3,2022-10-01,2024-02-23,Cancelled,649.0
7181,5349,1,2023-06-28,2024-08-21,Cancelled,199.0
7182,5349,2,2024-09-16,2025-08-12,Cancelled,499.0
7183,5350,1,2022-12-26,2024-06-18,Cancelled,199.0
7184,5350,3,2024-07-18,2025-01-14,Cancelled,649.0
7185,5351,2,2022-03-09,2023-11-29,Cancelled,499.0
7186,5352,1,2024-01-05,2024-04-04,Cancelled,199.0
7187,5352,2,2024-04-16,2025-03-12,Cancelled,499.0
7188,5353,2,2022-03-13,2023-01-07,Cancelled,499.0
7189,5354,1,2025-11-07,,Active,199.0
7190,5355,1,2025-10-21,,Active,199.0
7191,5356,2,2023-10-30,2024-06-26,Cancelled,499.0
7192,5356,2,2024-08-21,2025-04-18,Cancelled,499.0
7193,5357,1,2022-06-09,2023-10-02,Cancelled,199.0
7194,5357,3,2023-11-30,2025-08-21,Cancelled,649.0
7195,5358,1,2023-06-23,2025-03-14,Cancelled,199.0
7196,5359,1,2025-09-30,2026-04-28,Cancelled,199.0
7197,5360,2,2021-04-02,2022-05-27,Cancelled,499.0
7198,5360,2,2022-06-06,2023-07-31,Cancelled,499.0
7199,5361,2,2025-07-06,,Active,499.0
7200,5362,2,2023-06-06,,Active,499.0
7201,5363,1,2019-06-23,2020-10-15,Cancelled,199.0
7202,5364,1,2024-08-14,,Active,199.0
7203,5365,2,2020-07-07,2021-01-03,Cancelled,499.0
7204,5366,3,2022-11-12,2023-01-11,Cancelled,649.0
7205,5367,2,2026-02-15,,Active,499.0
7206,5368,2,2024-11-04,2026-03-29,Cancelled,499.0
7207,5368,1,2026-05-18,,Active,199.0
7208,5369,3,2024-03-30,2026-01-19,Cancelled,649.0
7209,5369,2,2026-01-25,,Active,499.0
7210,5370,3,2019-07-10,2019-08-09,Cancelled,649.0
7211,5371,2,2025-06-10,,Active,499.0
7212,5372,1,2021-07-07,2021-09-05,Cancelled,199.0
7213,5373,2,2019-05-18,,Active,499.0
7214,5374,2,2026-03-12,,Active,499.0
7215,5375,1,2020-06-06,2022-01-27,Cancelled,199.0
7216,5376,2,2021-06-04,2021-11-01,Cancelled,499.0
7217,5377,1,2020-01-25,2020-05-24,Cancelled,199.0
7218,5378,2,2023-08-30,2023-11-28,Cancelled,499.0
7219,5379,2,2025-07-04,,Active,499.0
7220,5380,2,2022-11-24,2024-04-17,Cancelled,499.0
7221,5381,3,2025-07-08,,Active,649.0
7222,5382,1,2026-01-08,,Active,199.0
7223,5383,2,2025-07-17,,Active,499.0
7224,5384,1,2020-03-21,2020-12-16,Cancelled,199.0
7225,5385,3,2020-07-18,,Active,649.0
7226,5386,3,2021-03-30,,Active,649.0
7227,5387,3,2023-10-14,,Active,649.0
7228,5388,3,2025-06-19,,Active,649.0
7229,5389,3,2021-05-06,2022-01-01,Cancelled,649.0
7230,5389,1,2022-02-13,2023-06-08,Cancelled,199.0
7231,5390,1,2023-12-30,2024-08-26,Cancelled,199.0
7232,5390,3,2024-09-09,2025-03-08,Cancelled,649.0
7233,5391,1,2020-05-27,,Active,199.0
7234,5392,3,2023-01-26,2024-05-20,Cancelled,649.0
7235,5393,1,2024-11-04,2025-02-02,Cancelled,199.0
7236,5394,1,2021-12-17,,Active,199.0
7237,5395,2,2020-03-22,,Active,499.0
7238,5396,1,2022-01-31,2023-05-26,Cancelled,199.0
7239,5396,1,2023-07-02,2023-11-29,Cancelled,199.0
7240,5396,1,2024-01-06,,Active,199.0
7241,5397,2,2024-09-17,2026-06-09,Cancelled,499.0
7242,5397,1,2026-07-05,,Active,199.0
7243,5398,1,2026-01-03,,Active,199.0
7244,5399,1,2023-08-15,2024-04-11,Cancelled,199.0
7245,5399,2,2024-05-04,2025-09-26,Cancelled,499.0
7246,5400,2,2024-01-12,,Active,499.0
7247,5401,3,2022-02-22,2022-12-19,Cancelled,649.0
7248,5402,3,2025-12-18,,Active,649.0
7249,5403,1,2025-07-09,,Active,199.0
7250,5404,1,2026-04-15,,Active,199.0
7251,5405,2,2025-06-21,2026-05-17,Cancelled,499.0
7252,5406,3,2023-02-06,2023-07-06,Cancelled,649.0
7253,5406,1,2023-08-14,,Active,199.0
7254,5407,1,2026-03-14,,Active,199.0
7255,5408,2,2023-07-28,2025-03-19,Cancelled,499.0
7256,5408,2,2025-05-13,2025-06-12,Cancelled,499.0
7257,5408,3,2025-06-20,2026-02-15,Cancelled,649.0
7258,5409,1,2023-07-06,2023-10-04,Cancelled,199.0
7259,5410,2,2023-12-03,2025-09-23,Cancelled,499.0
7260,5411,3,2020-05-23,2020-10-20,Cancelled,649.0
7261,5411,1,2020-12-16,2021-07-14,Cancelled,199.0
7262,5411,3,2021-09-10,,Active,649.0
7263,5412,2,2025-04-16,,Active,499.0
7264,5413,2,2021-09-20,,Active,499.0
7265,5414,1,2023-12-10,2024-08-06,Cancelled,199.0
7266,5415,3,2025-04-30,,Active,649.0
7267,5416,2,2019-11-10,2021-06-02,Cancelled,499.0
7268,5417,1,2021-04-03,2022-02-27,Cancelled,199.0
7269,5417,2,2022-03-29,2023-07-22,Cancelled,499.0
7270,5418,1,2026-01-24,,Active,199.0
7271,5419,3,2021-09-15,2022-11-09,Cancelled,649.0
7272,5419,3,2022-12-01,2024-03-25,Cancelled,649.0
7273,5420,3,2023-12-15,2025-06-07,Cancelled,649.0
7274,5420,1,2025-06-16,2025-11-13,Cancelled,199.0
7275,5420,1,2025-12-19,,Active,199.0
7276,5421,2,2023-03-18,2024-02-11,Cancelled,499.0
7277,5422,2,2025-07-09,,Active,499.0
7278,5423,2,2022-10-29,2022-12-28,Cancelled,499.0
7279,5423,1,2023-02-14,2024-09-06,Cancelled,199.0
7280,5424,1,2022-03-08,2023-11-28,Cancelled,199.0
7281,5424,2,2024-01-16,,Active,499.0
7282,5425,2,2019-02-14,2020-05-09,Cancelled,499.0
7283,5426,3,2022-07-23,,Active,649.0
7284,5427,2,2023-05-22,,Active,499.0
7285,5428,3,2024-03-01,,Active,649.0
7286,5429,2,2024-11-06,2026-03-01,Cancelled,499.0
7287,5430,2,2024-10-26,,Active,499.0
7288,5431,3,2022-06-11,,Active,649.0
7289,5432,3,2019-08-03,2021-06-23,Cancelled,649.0
7290,5433,3,2020-11-27,2022-03-22,Cancelled,649.0
7291,5434,2,2022-01-20,2023-08-13,Cancelled,499.0
7292,5435,2,2026-05-04,,Active,499.0
7293,5436,2,2024-10-08,2026-04-01,Cancelled,499.0
7294,5437,3,2025-09-15,,Active,649.0
7295,5438,2,2026-06-09,,Active,499.0
7296,5439,1,2019-12-31,,Active,199.0
7297,5440,3,2019-02-01,,Active,649.0
7298,5441,2,2023-04-21,2023-10-18,Cancelled,499.0
7299,5442,1,2020-12-26,2021-02-24,Cancelled,199.0
7300,5443,3,2025-07-06,2026-04-02,Cancelled,649.0
7301,5443,1,2026-04-25,2026-06-24,Cancelled,199.0
7302,5444,1,2022-06-26,2024-03-17,Cancelled,199.0
7303,5444,1,2024-05-01,2024-09-28,Cancelled,199.0
7304,5445,2,2019-01-26,,Active,499.0
7305,5446,3,2020-09-02,2021-06-29,Cancelled,649.0
7306,5447,1,2021-07-24,,Active,199.0
7307,5448,3,2019-03-15,2020-08-06,Cancelled,649.0
7308,5448,3,2020-09-06,2021-12-30,Cancelled,649.0
7309,5449,1,2021-05-18,2022-09-10,Cancelled,199.0
7310,5449,3,2022-10-11,,Active,649.0
7311,5450,2,2023-01-17,2024-11-07,Cancelled,499.0
7312,5451,1,2025-09-11,2026-06-08,Cancelled,199.0
7313,5451,3,2026-07-10,,Active,649.0
7314,5452,2,2023-11-14,2024-02-12,Cancelled,499.0
7315,5453,2,2019-09-13,2021-04-05,Cancelled,499.0
7316,5453,2,2021-04-30,2022-01-25,Cancelled,499.0
7317,5454,1,2022-02-13,2022-05-14,Cancelled,199.0
7318,5455,3,2024-10-05,,Active,649.0
7319,5456,1,2021-10-09,2022-04-07,Cancelled,199.0
7320,5457,1,2023-03-22,,Active,199.0
7321,5458,2,2026-05-22,,Active,499.0
7322,5459,1,2020-01-13,,Active,199.0
7323,5460,3,2022-07-31,,Active,649.0
7324,5461,3,2023-07-28,2025-02-17,Cancelled,649.0
7325,5461,3,2025-04-01,,Active,649.0
7326,5462,2,2024-12-25,2025-01-24,Cancelled,499.0
7327,5463,1,2025-04-10,2026-05-05,Cancelled,199.0
7328,5464,3,2021-02-25,2021-09-23,Cancelled,649.0
7329,5465,1,2022-07-02,,Active,199.0
7330,5466,1,2025-03-23,2026-03-18,Cancelled,199.0
7331,5466,3,2026-05-10,,Active,649.0
7332,5467,1,2025-04-15,,Active,199.0
7333,5468,2,2025-03-05,2025-04-04,Cancelled,499.0
7334,5469,2,2024-01-02,,Active,499.0
7335,5470,2,2021-01-02,,Active,499.0
7336,5471,1,2021-10-05,2023-01-28,Cancelled,199.0
7337,5472,1,2023-12-01,2024-10-26,Cancelled,199.0
7338,5472,3,2024-12-15,2026-03-10,Cancelled,649.0
7339,5473,2,2020-11-27,2022-06-20,Cancelled,499.0
7340,5473,2,2022-08-16,,Active,499.0
7341,5474,3,2024-02-11,,Active,649.0
7342,5475,2,2022-11-11,,Active,499.0
7343,5476,1,2022-04-26,2023-12-17,Cancelled,199.0
7344,5476,3,2024-02-01,2025-10-23,Cancelled,649.0
7345,5477,2,2021-08-31,2021-09-30,Cancelled,499.0
7346,5478,1,2024-10-19,2025-12-13,Cancelled,199.0
7347,5478,3,2026-01-29,,Active,649.0
7348,5479,1,2022-06-28,,Active,199.0
7349,5480,3,2021-04-20,,Active,649.0
7350,5481,3,2021-11-17,2021-12-17,Cancelled,649.0
7351,5481,3,2021-12-19,2022-07-17,Cancelled,649.0
7352,5482,3,2022-08-18,2024-01-10,Cancelled,649.0
7353,5483,1,2023-08-18,2024-04-14,Cancelled,199.0
7354,5483,1,2024-06-07,2026-01-28,Cancelled,199.0
7355,5484,3,2026-06-04,,Active,649.0
7356,5485,3,2021-07-21,,Active,649.0
7357,5486,2,2020-05-04,,Active,499.0
7358,5487,3,2026-05-01,,Active,649.0
7359,5488,2,2020-02-09,2021-10-01,Cancelled,499.0
7360,5489,2,2025-10-10,,Active,499.0
7361,5490,1,2020-01-25,2021-04-19,Cancelled,199.0
7362,5491,1,2021-09-23,,Active,199.0
7363,5492,1,2026-06-25,,Active,199.0
7364,5493,1,2020-03-29,2020-07-27,Cancelled,199.0
7365,5494,2,2020-03-13,2020-05-12,Cancelled,499.0
7366,5495,1,2023-07-26,2025-05-16,Cancelled,199.0
7367,5496,2,2020-06-04,2021-07-29,Cancelled,499.0
7368,5497,1,2019-03-08,2020-06-30,Cancelled,199.0
7369,5498,2,2024-03-17,2025-06-10,Cancelled,499.0
7370,5498,2,2025-06-28,,Active,499.0
7371,5499,2,2026-03-11,,Active,499.0
7372,5500,3,2024-09-10,2025-08-06,Cancelled,649.0
7373,5500,1,2025-10-01,2025-11-30,Cancelled,199.0
7374,5501,2,2026-03-25,,Active,499.0
7375,5502,1,2022-12-14,2024-01-08,Cancelled,199.0
7376,5503,1,2023-08-09,2024-10-02,Cancelled,199.0
7377,5504,1,2026-05-14,,Active,199.0
7378,5505,1,2022-10-11,2024-08-31,Cancelled,199.0
7379,5506,3,2019-04-17,2020-12-07,Cancelled,649.0
7380,5507,2,2020-10-15,2022-06-07,Cancelled,499.0
7381,5507,3,2022-06-18,2023-02-13,Cancelled,649.0
7382,5507,2,2023-04-07,2024-05-01,Cancelled,499.0
7383,5508,2,2023-08-27,2024-04-23,Cancelled,499.0
7384,5508,3,2024-05-06,2024-12-02,Cancelled,649.0
7385,5508,3,2025-01-21,,Active,649.0
7386,5509,2,2025-06-05,,Active,499.0
7387,5510,2,2023-07-19,,Active,499.0
7388,5511,2,2022-01-15,2023-01-10,Cancelled,499.0
7389,5511,2,2023-01-21,2024-09-12,Cancelled,499.0
7390,5511,1,2024-09-16,2024-11-15,Cancelled,199.0
7391,5512,1,2021-05-29,2022-03-25,Cancelled,199.0
7392,5512,1,2022-04-05,,Active,199.0
7393,5513,3,2024-02-14,,Active,649.0
7394,5514,3,2025-09-28,2026-06-25,Cancelled,649.0
7395,5515,2,2021-01-31,2022-06-25,Cancelled,499.0
7396,5516,2,2023-02-22,2024-09-14,Cancelled,499.0
7397,5517,2,2022-03-16,2022-06-14,Cancelled,499.0
7398,5517,1,2022-06-24,2024-05-14,Cancelled,199.0
7399,5518,2,2020-11-05,2021-01-04,Cancelled,499.0
7400,5518,1,2021-01-30,2022-07-24,Cancelled,199.0
7401,5519,1,2022-01-14,2022-07-13,Cancelled,199.0
7402,5519,2,2022-08-07,2023-07-03,Cancelled,499.0
7403,5520,2,2019-08-30,,Active,499.0
7404,5521,1,2022-12-22,2024-08-13,Cancelled,199.0
7405,5521,3,2024-09-16,,Active,649.0
7406,5522,2,2019-10-21,2021-07-12,Cancelled,499.0
7407,5522,2,2021-08-15,2022-08-10,Cancelled,499.0
7408,5523,1,2022-07-21,2024-02-11,Cancelled,199.0
7409,5523,2,2024-03-08,2025-01-02,Cancelled,499.0
7410,5524,3,2025-09-22,2026-06-19,Cancelled,649.0
7411,5524,2,2026-07-13,,Active,499.0
7412,5525,1,2020-02-04,2021-05-29,Cancelled,199.0
7413,5525,2,2021-06-28,2021-08-27,Cancelled,499.0
7414,5526,3,2020-11-16,2021-08-13,Cancelled,649.0
7415,5527,1,2024-05-28,2024-10-25,Cancelled,199.0
7416,5528,1,2025-10-19,,Active,199.0
7417,5529,1,2026-03-01,,Active,199.0
7418,5530,1,2019-11-25,,Active,199.0
7419,5531,2,2020-10-16,2020-12-15,Cancelled,499.0
7420,5531,1,2021-01-02,2022-03-28,Cancelled,199.0
7421,5531,1,2022-04-03,2024-02-22,Cancelled,199.0
7422,5532,3,2026-05-18,,Active,649.0
7423,5533,1,2022-10-16,,Active,199.0
7424,5534,1,2025-03-31,2025-11-26,Cancelled,199.0
7425,5535,2,2019-02-09,2019-05-10,Cancelled,499.0
7426,5535,3,2019-05-29,2021-02-17,Cancelled,649.0
7427,5535,3,2021-03-02,2021-10-28,Cancelled,649.0
7428,5536,3,2019-11-15,2020-07-12,Cancelled,649.0
7429,5537,3,2020-07-13,2021-03-10,Cancelled,649.0
7430,5537,2,2021-04-18,2021-08-16,Cancelled,499.0
7431,5538,3,2019-08-24,2020-12-16,Cancelled,649.0
7432,5539,1,2025-09-05,2026-05-03,Cancelled,199.0
7433,5540,2,2025-01-08,2026-03-04,Cancelled,499.0
7434,5540,1,2026-04-03,,Active,199.0
7435,5541,2,2021-12-04,2023-07-27,Cancelled,499.0
7436,5541,3,2023-08-10,2025-05-31,Cancelled,649.0
7437,5542,2,2019-08-02,2021-04-23,Cancelled,499.0
7438,5543,3,2019-10-18,2019-11-17,Cancelled,649.0
7439,5544,1,2020-12-18,2021-11-13,Cancelled,199.0
7440,5545,2,2024-06-13,2025-07-08,Cancelled,499.0
7441,5546,1,2025-01-02,2025-09-29,Cancelled,199.0
7442,5547,1,2023-01-16,2024-09-07,Cancelled,199.0
7443,5548,3,2025-10-20,2026-06-17,Cancelled,649.0
7444,5548,3,2026-08-13,,Active,649.0
7445,5549,2,2025-12-16,2026-05-15,Cancelled,499.0
7446,5550,3,2024-10-02,2025-03-01,Cancelled,649.0
7447,5550,1,2025-04-11,2025-10-08,Cancelled,199.0
7448,5551,1,2019-08-04,,Active,199.0
7449,5552,3,2025-09-02,2026-03-31,Cancelled,649.0
7450,5553,3,2025-10-23,,Active,649.0
7451,5554,3,2023-03-13,2023-06-11,Cancelled,649.0
7452,5555,2,2023-06-29,2024-05-24,Cancelled,499.0
7453,5555,3,2024-07-07,,Active,649.0
7454,5556,3,2024-11-04,2026-05-28,Cancelled,649.0
7455,5556,1,2026-06-08,,Active,199.0
7456,5557,1,2023-06-10,2023-12-07,Cancelled,199.0
7457,5557,3,2024-01-24,2025-09-15,Cancelled,649.0
7458,5558,2,2021-07-31,,Active,499.0
7459,5559,1,2024-03-23,2026-01-12,Cancelled,199.0
7460,5560,1,2024-11-19,2025-08-16,Cancelled,199.0
7461,5560,2,2025-09-10,2026-05-08,Cancelled,499.0
7462,5561,1,2020-01-23,2021-07-16,Cancelled,199.0
7463,5561,1,2021-07-31,2022-05-27,Cancelled,199.0
7464,5562,3,2024-02-05,,Active,649.0
7465,5563,1,2020-04-19,2021-03-15,Cancelled,199.0
7466,5563,1,2021-05-03,2022-06-27,Cancelled,199.0
7467,5564,1,2023-04-23,2023-11-19,Cancelled,199.0
7468,5565,3,2019-10-23,2020-11-16,Cancelled,649.0
7469,5566,2,2026-06-09,,Active,499.0
7470,5567,1,2024-01-03,2024-07-01,Cancelled,199.0
7471,5568,2,2022-07-10,,Active,499.0
7472,5569,1,2022-10-11,2023-07-08,Cancelled,199.0
7473,5569,3,2023-08-29,2023-11-27,Cancelled,649.0
7474,5569,2,2023-12-14,2024-09-09,Cancelled,499.0
7475,5570,3,2023-08-23,2024-03-20,Cancelled,649.0
7476,5570,2,2024-05-02,2024-09-29,Cancelled,499.0
7477,5571,2,2019-12-08,2021-01-01,Cancelled,499.0
7478,5572,3,2022-10-28,,Active,649.0
7479,5573,3,2024-05-14,2025-08-07,Cancelled,649.0
7480,5573,2,2025-08-20,,Active,499.0
7481,5574,1,2020-12-14,2022-06-07,Cancelled,199.0
7482,5574,1,2022-07-12,2024-02-02,Cancelled,199.0
7483,5575,1,2022-08-05,2024-06-25,Cancelled,199.0
7484,5575,1,2024-08-10,2025-06-06,Cancelled,199.0
7485,5575,3,2025-07-12,2026-01-08,Cancelled,649.0
7486,5576,1,2021-06-23,,Active,199.0
7487,5577,1,2020-03-16,2020-05-15,Cancelled,199.0
7488,5578,3,2026-05-03,,Active,649.0
7489,5579,2,2023-06-11,2025-01-31,Cancelled,499.0
7490,5579,2,2025-02-17,,Active,499.0
7491,5580,2,2021-12-09,2022-07-07,Cancelled,499.0
7492,5581,3,2021-07-15,,Active,649.0
7493,5582,1,2024-02-04,2025-08-27,Cancelled,199.0
7494,5582,1,2025-10-20,,Active,199.0
7495,5583,2,2019-10-24,2021-01-16,Cancelled,499.0
7496,5583,3,2021-02-07,,Active,649.0
7497,5584,2,2023-04-02,,Active,499.0
7498,5585,1,2020-09-22,,Active,199.0
7499,5586,2,2025-09-02,,Active,499.0
7500,5587,1,2024-11-17,2025-12-12,Cancelled,199.0
7501,5587,2,2026-01-18,2026-03-19,Cancelled,499.0
7502,5588,3,2024-09-05,2025-01-03,Cancelled,649.0
7503,5589,1,2020-02-04,2020-09-01,Cancelled,199.0
7504,5589,1,2020-09-06,2021-02-03,Cancelled,199.0
7505,5590,1,2019-08-09,2020-03-06,Cancelled,199.0
7506,5590,3,2020-03-29,,Active,649.0
7507,5591,1,2022-06-09,2022-12-06,Cancelled,199.0
7508,5591,1,2023-01-19,2024-06-12,Cancelled,199.0
7509,5591,2,2024-07-06,2026-02-26,Cancelled,499.0
7510,5592,3,2021-08-31,,Active,649.0
7511,5593,2,2024-06-06,,Active,499.0
7512,5594,1,2024-05-03,2025-10-25,Cancelled,199.0
7513,5595,1,2021-12-23,2022-12-18,Cancelled,199.0
7514,5596,2,2020-03-17,2020-05-16,Cancelled,499.0
7515,5596,2,2020-06-21,,Active,499.0
7516,5597,2,2021-06-06,2022-08-30,Cancelled,499.0
7517,5597,2,2022-10-15,2024-04-07,Cancelled,499.0
7518,5598,2,2022-10-10,,Active,499.0
7519,5599,1,2020-11-25,2021-09-21,Cancelled,199.0
7520,5599,2,2021-10-29,2023-04-22,Cancelled,499.0
7521,5600,2,2021-05-20,2021-07-19,Cancelled,499.0
7522,5600,3,2021-07-25,2021-09-23,Cancelled,649.0
7523,5600,2,2021-09-28,,Active,499.0
7524,5601,2,2020-10-21,2022-02-13,Cancelled,499.0
7525,5602,1,2019-06-27,2020-05-22,Cancelled,199.0
7526,5602,1,2020-05-26,,Active,199.0
7527,5603,1,2023-07-05,2024-04-30,Cancelled,199.0
7528,5604,3,2026-06-23,,Active,649.0
7529,5605,2,2026-02-19,,Active,499.0
7530,5606,2,2025-12-19,,Active,499.0
7531,5607,2,2023-12-10,2024-06-07,Cancelled,499.0
7532,5607,2,2024-06-20,2024-11-17,Cancelled,499.0
7533,5608,1,2024-08-08,2026-01-30,Cancelled,199.0
7534,5608,1,2026-01-31,,Active,199.0
7535,5609,1,2019-06-25,2020-01-21,Cancelled,199.0
7536,5609,1,2020-03-12,,Active,199.0
7537,5610,1,2020-07-04,2021-12-26,Cancelled,199.0
7538,5610,3,2022-02-10,2022-05-11,Cancelled,649.0
7539,5610,3,2022-06-14,,Active,649.0
7540,5611,3,2024-04-17,,Active,649.0
7541,5612,2,2026-05-30,,Active,499.0
7542,5613,1,2025-10-22,,Active,199.0
7543,5614,1,2023-09-24,2023-11-23,Cancelled,199.0
7544,5615,2,2019-10-26,2021-04-18,Cancelled,499.0
7545,5615,1,2021-04-24,2021-05-24,Cancelled,199.0
7546,5616,2,2026-03-30,,Active,499.0
7547,5617,3,2021-05-20,2022-11-11,Cancelled,649.0
7548,5618,3,2019-04-27,,Active,649.0
7549,5619,2,2024-10-04,2026-03-28,Cancelled,499.0
7550,5619,3,2026-04-11,,Active,649.0
7551,5620,2,2020-04-19,,Active,499.0
7552,5621,2,2021-04-05,2022-09-27,Cancelled,499.0
7553,5622,1,2024-01-29,2025-09-20,Cancelled,199.0
7554,5623,2,2026-03-28,,Active,499.0
7555,5624,1,2025-10-19,2025-12-18,Cancelled,199.0
7556,5625,2,2020-03-24,2021-11-14,Cancelled,499.0
7557,5625,3,2021-12-25,2023-04-19,Cancelled,649.0
7558,5626,2,2020-04-26,,Active,499.0
7559,5627,2,2025-01-24,2026-05-19,Cancelled,499.0
7560,5627,2,2026-07-14,,Active,499.0
7561,5628,2,2021-05-18,2022-09-10,Cancelled,499.0
7562,5628,2,2022-11-07,2023-01-06,Cancelled,499.0
7563,5629,2,2019-08-02,2020-04-28,Cancelled,499.0
7564,5629,3,2020-05-12,2020-07-11,Cancelled,649.0
7565,5630,1,2023-05-30,2024-04-24,Cancelled,199.0
7566,5631,1,2023-12-04,2025-06-26,Cancelled,199.0
7567,5632,2,2026-06-30,,Active,499.0
7568,5633,3,2022-08-24,2023-06-20,Cancelled,649.0
7569,5633,2,2023-07-18,2024-05-13,Cancelled,499.0
7570,5633,3,2024-07-07,2025-08-01,Cancelled,649.0
7571,5634,3,2024-12-29,2025-09-25,Cancelled,649.0
7572,5635,2,2023-01-03,2023-02-02,Cancelled,499.0
7573,5636,1,2025-12-03,,Active,199.0
7574,5637,1,2022-08-27,2024-02-18,Cancelled,199.0
7575,5638,1,2024-01-23,2024-07-21,Cancelled,199.0
7576,5638,2,2024-08-19,,Active,499.0
7577,5639,2,2026-03-22,,Active,499.0
7578,5640,2,2025-07-30,2026-06-25,Cancelled,499.0
7579,5640,1,2026-08-23,,Active,199.0
7580,5641,1,2022-01-02,2022-06-01,Cancelled,199.0
7581,5641,3,2022-06-10,2023-10-03,Cancelled,649.0
7582,5642,2,2022-10-20,2023-03-19,Cancelled,499.0
7583,5643,3,2023-06-11,2025-01-01,Cancelled,649.0
7584,5643,3,2025-01-18,,Active,649.0
7585,5644,1,2019-12-06,2020-10-01,Cancelled,199.0
7586,5645,1,2020-10-01,2021-06-28,Cancelled,199.0
7587,5645,1,2021-08-11,2022-04-08,Cancelled,199.0
7588,5646,1,2024-04-26,,Active,199.0
7589,5647,3,2019-07-16,2021-04-06,Cancelled,649.0
7590,5648,1,2023-07-05,2024-10-27,Cancelled,199.0
7591,5649,1,2022-08-20,2023-11-13,Cancelled,199.0
7592,5650,2,2022-08-21,,Active,499.0
7593,5651,2,2025-05-05,2025-12-01,Cancelled,499.0
7594,5651,2,2026-01-06,,Active,499.0
7595,5652,2,2021-01-22,2021-02-21,Cancelled,499.0
7596,5653,3,2024-12-05,,Active,649.0
7597,5654,2,2024-11-17,,Active,499.0
7598,5655,1,2026-06-10,,Active,199.0
7599,5656,1,2025-02-24,,Active,199.0
7600,5657,1,2022-10-20,2024-02-12,Cancelled,199.0
7601,5657,1,2024-03-07,2025-10-28,Cancelled,199.0
7602,5658,2,2021-09-24,2023-04-17,Cancelled,499.0
7603,5659,1,2024-11-08,,Active,199.0
7604,5660,1,2025-12-15,2026-05-14,Cancelled,199.0
7605,5661,1,2021-02-07,,Active,199.0
7606,5662,1,2021-10-09,2023-02-01,Cancelled,199.0
7607,5663,2,2022-09-22,,Active,499.0
7608,5664,2,2019-10-22,2020-09-16,Cancelled,499.0
7609,5665,1,2021-05-10,2022-12-31,Cancelled,199.0
7610,5665,2,2023-01-16,2024-06-09,Cancelled,499.0
7611,5665,1,2024-07-18,2025-07-13,Cancelled,199.0
7612,5666,1,2020-03-31,2020-07-29,Cancelled,199.0
7613,5667,2,2024-10-15,,Active,499.0
7614,5668,3,2022-09-15,2022-12-14,Cancelled,649.0
7615,5668,1,2023-02-03,2024-02-28,Cancelled,199.0
7616,5669,1,2023-07-12,2024-12-03,Cancelled,199.0
7617,5670,1,2019-08-07,2019-12-05,Cancelled,199.0
7618,5671,2,2023-04-20,2024-05-14,Cancelled,499.0
7619,5671,3,2024-07-08,2026-03-30,Cancelled,649.0
7620,5671,2,2026-04-24,,Active,499.0
7621,5672,2,2024-05-21,,Active,499.0
7622,5673,1,2024-03-02,2024-09-28,Cancelled,199.0
7623,5674,2,2024-12-16,,Active,499.0
7624,5675,1,2019-11-09,2020-05-07,Cancelled,199.0
7625,5675,3,2020-06-13,,Active,649.0
7626,5676,3,2023-02-13,2024-01-09,Cancelled,649.0
7627,5676,1,2024-01-18,2024-12-13,Cancelled,199.0
7628,5677,1,2022-08-13,,Active,199.0
7629,5678,2,2025-09-11,,Active,499.0
7630,5679,1,2024-03-05,2024-09-01,Cancelled,199.0
7631,5680,3,2026-02-25,,Active,649.0
7632,5681,1,2019-03-11,,Active,199.0
7633,5682,2,2022-05-10,2023-12-31,Cancelled,499.0
7634,5683,1,2024-04-09,2026-02-28,Cancelled,199.0
7635,5683,2,2026-04-17,,Active,499.0
7636,5684,2,2019-09-02,2021-05-24,Cancelled,499.0
7637,5685,1,2023-11-19,,Active,199.0
7638,5686,2,2020-09-25,2022-01-18,Cancelled,499.0
7639,5686,1,2022-03-03,2023-10-24,Cancelled,199.0
7640,5687,2,2019-07-23,2020-10-15,Cancelled,499.0
7641,5687,2,2020-10-27,2021-01-25,Cancelled,499.0
7642,5687,1,2021-02-21,,Active,199.0
7643,5688,2,2023-12-06,2024-07-03,Cancelled,499.0
7644,5688,1,2024-08-23,,Active,199.0
7645,5689,2,2022-03-13,2023-10-04,Cancelled,499.0
7646,5689,2,2023-10-20,,Active,499.0
7647,5690,3,2022-01-16,2023-03-12,Cancelled,649.0
7648,5690,3,2023-05-01,,Active,649.0
7649,5691,2,2021-06-10,,Active,499.0
7650,5692,2,2024-02-19,,Active,499.0
7651,5693,2,2023-08-22,2025-07-12,Cancelled,499.0
7652,5694,2,2023-12-31,,Active,499.0
7653,5695,1,2024-11-26,2025-01-25,Cancelled,199.0
7654,5696,3,2023-07-16,2024-04-11,Cancelled,649.0
7655,5696,1,2024-04-15,2024-09-12,Cancelled,199.0
7656,5697,2,2019-07-24,,Active,499.0
7657,5698,2,2020-03-08,2021-04-02,Cancelled,499.0
7658,5699,1,2026-06-07,,Active,199.0
7659,5700,2,2021-02-21,2021-12-18,Cancelled,499.0
7660,5701,2,2022-03-16,,Active,499.0
7661,5702,2,2021-10-31,,Active,499.0
7662,5703,2,2026-06-04,,Active,499.0
7663,5704,3,2025-03-07,,Active,649.0
7664,5705,2,2022-08-16,2024-05-07,Cancelled,499.0
7665,5706,1,2024-02-11,2024-12-07,Cancelled,199.0
7666,5706,3,2025-01-19,2025-08-17,Cancelled,649.0
7667,5707,2,2023-02-19,2023-04-20,Cancelled,499.0
7668,5707,3,2023-05-06,2024-10-27,Cancelled,649.0
7669,5708,1,2023-11-01,2023-12-01,Cancelled,199.0
7670,5709,2,2026-02-24,,Active,499.0
7671,5710,3,2024-01-15,2025-05-09,Cancelled,649.0
7672,5710,2,2025-06-19,2025-09-17,Cancelled,499.0
7673,5711,3,2019-11-06,2021-07-28,Cancelled,649.0
7674,5711,1,2021-08-13,,Active,199.0
7675,5712,2,2022-10-09,2023-12-03,Cancelled,499.0
7676,5713,1,2025-02-22,2026-04-18,Cancelled,199.0
7677,5714,1,2019-04-19,2019-08-17,Cancelled,199.0
7678,5715,2,2021-09-04,2022-11-28,Cancelled,499.0
7679,5716,2,2020-07-04,2021-03-31,Cancelled,499.0
7680,5717,3,2024-05-28,2025-10-20,Cancelled,649.0
7681,5718,3,2020-01-20,,Active,649.0
7682,5719,2,2023-09-05,,Active,499.0
7683,5720,2,2019-06-25,2019-10-23,Cancelled,499.0
7684,5721,2,2025-12-04,,Active,499.0
7685,5722,2,2021-05-24,,Active,499.0
7686,5723,2,2022-01-21,2022-08-19,Cancelled,499.0
7687,5724,3,2024-11-26,,Active,649.0
7688,5725,2,2021-11-05,,Active,499.0
7689,5726,2,2019-11-12,2019-12-12,Cancelled,499.0
7690,5727,3,2025-10-13,2025-12-12,Cancelled,649.0
7691,5727,1,2026-01-05,,Active,199.0
7692,5728,3,2019-11-02,,Active,649.0
7693,5729,1,2022-09-23,2022-12-22,Cancelled,199.0
7694,5730,2,2019-12-07,2020-12-01,Cancelled,499.0
7695,5730,1,2020-12-14,2022-11-04,Cancelled,199.0
7696,5730,2,2022-11-25,2024-05-18,Cancelled,499.0
7697,5731,2,2024-03-25,,Active,499.0
7698,5732,3,2021-01-08,2022-01-03,Cancelled,649.0
7699,5733,3,2025-12-27,,Active,649.0
7700,5734,1,2020-07-07,2021-06-02,Cancelled,199.0
7701,5735,2,2024-01-08,2025-01-02,Cancelled,499.0
7702,5735,2,2025-01-21,,Active,499.0
7703,5736,3,2019-02-08,2020-04-03,Cancelled,649.0
7704,5737,1,2019-11-06,,Active,199.0
7705,5738,3,2021-01-27,2022-02-21,Cancelled,649.0
7706,5739,2,2025-08-16,,Active,499.0
7707,5740,1,2026-06-20,,Active,199.0
7708,5741,3,2023-08-08,2023-12-06,Cancelled,649.0
7709,5741,1,2023-12-20,2025-06-12,Cancelled,199.0
7710,5742,2,2021-07-10,2022-08-04,Cancelled,499.0
7711,5742,2,2022-08-21,2023-03-19,Cancelled,499.0
7712,5743,1,2021-05-04,2021-09-01,Cancelled,199.0
7713,5744,1,2020-08-01,2021-07-27,Cancelled,199.0
7714,5744,2,2021-09-02,2022-05-30,Cancelled,499.0
7715,5744,1,2022-07-09,,Active,199.0
7716,5745,3,2021-07-21,,Active,649.0
7717,5746,1,2022-09-19,2023-07-16,Cancelled,199.0
7718,5746,3,2023-08-25,2023-12-23,Cancelled,649.0
7719,5747,2,2024-02-20,2024-12-16,Cancelled,499.0
7720,5747,1,2024-12-26,2025-11-21,Cancelled,199.0
7721,5748,3,2020-09-20,,Active,649.0
7722,5749,1,2019-04-09,2021-02-27,Cancelled,199.0
7723,5750,3,2023-03-13,,Active,649.0
7724,5751,1,2020-10-26,,Active,199.0
7725,5752,3,2022-01-01,2023-04-26,Cancelled,649.0
7726,5752,2,2023-05-16,2025-04-05,Cancelled,499.0
7727,5753,2,2024-05-02,2024-10-29,Cancelled,499.0
7728,5754,1,2025-09-21,2025-10-21,Cancelled,199.0
7729,5754,2,2025-12-03,,Active,499.0
7730,5755,2,2023-01-03,2023-10-30,Cancelled,499.0
7731,5755,2,2023-11-29,2025-03-23,Cancelled,499.0
7732,5756,2,2025-12-15,,Active,499.0
7733,5757,1,2021-01-06,2021-08-04,Cancelled,199.0
7734,5757,2,2021-08-14,2023-06-05,Cancelled,499.0
7735,5757,3,2023-06-11,2023-09-09,Cancelled,649.0
7736,5758,1,2024-05-06,2024-07-05,Cancelled,199.0
7737,5759,1,2026-05-06,,Active,199.0
7738,5760,3,2020-08-13,2021-06-09,Cancelled,649.0
7739,5761,3,2024-07-14,2024-12-11,Cancelled,649.0
7740,5761,3,2025-01-11,2025-09-08,Cancelled,649.0
7741,5762,1,2022-07-21,2023-04-17,Cancelled,199.0
7742,5763,3,2025-08-08,,Active,649.0
7743,5764,1,2021-04-16,2021-10-13,Cancelled,199.0
7744,5765,3,2026-03-14,,Active,649.0
7745,5766,3,2024-12-25,2025-12-20,Cancelled,649.0
7746,5767,2,2024-04-14,2025-02-08,Cancelled,499.0
7747,5767,1,2025-03-05,,Active,199.0
7748,5768,2,2019-03-21,,Active,499.0
7749,5769,3,2019-08-15,2019-09-14,Cancelled,649.0
7750,5769,1,2019-09-15,2021-07-06,Cancelled,199.0
7751,5769,3,2021-08-06,2021-10-05,Cancelled,649.0
7752,5770,2,2023-12-19,,Active,499.0
7753,5771,1,2022-08-04,2024-01-26,Cancelled,199.0
7754,5772,3,2021-06-03,2023-02-23,Cancelled,649.0
7755,5773,2,2025-04-24,,Active,499.0
7756,5774,1,2022-08-09,2023-07-05,Cancelled,199.0
7757,5775,1,2022-06-10,,Active,199.0
7758,5776,2,2021-06-03,2022-04-29,Cancelled,499.0
7759,5777,1,2026-05-11,,Active,199.0
7760,5778,1,2021-09-25,2023-08-16,Cancelled,199.0
7761,5778,3,2023-08-20,2025-05-11,Cancelled,649.0
7762,5778,1,2025-06-18,,Active,199.0
7763,5779,2,2020-12-11,,Active,499.0
7764,5780,1,2024-01-21,2025-06-14,Cancelled,199.0
7765,5781,3,2019-04-04,2019-12-30,Cancelled,649.0
7766,5781,1,2020-02-08,2021-08-01,Cancelled,199.0
7767,5782,2,2023-06-19,2025-03-10,Cancelled,499.0
7768,5783,3,2023-03-26,2024-08-17,Cancelled,649.0
7769,5784,1,2020-10-30,,Active,199.0
7770,5785,2,2024-10-06,2025-08-02,Cancelled,499.0
7771,5786,2,2019-04-30,2019-06-29,Cancelled,499.0
7772,5787,3,2026-05-11,,Active,649.0
7773,5788,3,2025-06-01,,Active,649.0
7774,5789,2,2020-04-25,2020-09-22,Cancelled,499.0
7775,5790,2,2022-09-09,2024-01-02,Cancelled,499.0
7776,5791,2,2020-06-23,2022-05-14,Cancelled,499.0
7777,5791,1,2022-06-20,2023-04-16,Cancelled,199.0
7778,5792,3,2023-08-22,2023-12-20,Cancelled,649.0
7779,5792,3,2024-01-24,2025-05-18,Cancelled,649.0
7780,5792,2,2025-05-22,,Active,499.0
7781,5793,3,2021-08-23,2022-09-17,Cancelled,649.0
7782,5793,2,2022-10-02,2024-07-23,Cancelled,499.0
7783,5794,1,2022-08-30,2023-10-24,Cancelled,199.0
7784,5794,2,2023-11-21,2024-09-16,Cancelled,499.0
7785,5794,2,2024-11-09,2025-09-05,Cancelled,499.0
7786,5795,1,2026-03-05,,Active,199.0
7787,5796,3,2023-08-22,2023-10-21,Cancelled,649.0
7788,5796,1,2023-10-26,2024-01-24,Cancelled,199.0
7789,5797,2,2025-07-02,2025-12-29,Cancelled,499.0
7790,5798,2,2023-09-13,2025-06-04,Cancelled,499.0
7791,5799,1,2022-07-23,2023-12-15,Cancelled,199.0
7792,5800,2,2019-02-11,2020-01-07,Cancelled,499.0
7793,5800,2,2020-03-04,2021-02-27,Cancelled,499.0
7794,5801,2,2019-09-02,2021-06-23,Cancelled,499.0
7795,5802,1,2022-12-31,2023-05-30,Cancelled,199.0
7796,5803,2,2022-10-11,2023-02-08,Cancelled,499.0
7797,5804,1,2022-10-06,,Active,199.0
7798,5805,2,2025-05-03,2025-08-31,Cancelled,499.0
7799,5805,1,2025-10-11,,Active,199.0
7800,5806,2,2019-09-20,2020-07-16,Cancelled,499.0
7801,5807,3,2023-12-09,,Active,649.0
7802,5808,1,2024-08-04,2026-05-26,Cancelled,199.0
7803,5809,2,2023-11-03,2024-11-27,Cancelled,499.0
7804,5809,3,2024-12-18,2025-05-17,Cancelled,649.0
7805,5809,3,2025-06-07,,Active,649.0
7806,5810,3,2020-10-07,2021-10-02,Cancelled,649.0
7807,5811,3,2022-01-17,2022-03-18,Cancelled,649.0
7808,5812,2,2019-05-30,2019-07-29,Cancelled,499.0
7809,5813,2,2020-04-30,2021-06-24,Cancelled,499.0
7810,5814,3,2025-01-08,2025-03-09,Cancelled,649.0
7811,5815,2,2023-08-18,2025-03-10,Cancelled,499.0
7812,5815,1,2025-04-13,,Active,199.0
7813,5816,1,2025-06-26,,Active,199.0
7814,5817,1,2024-03-08,,Active,199.0
7815,5818,2,2020-10-21,2021-01-19,Cancelled,499.0
7816,5818,2,2021-03-16,2021-06-14,Cancelled,499.0
7817,5819,2,2025-02-04,2026-03-31,Cancelled,499.0
7818,5819,2,2026-04-20,,Active,499.0
7819,5820,2,2024-02-26,,Active,499.0
7820,5821,3,2020-06-08,,Active,649.0
7821,5822,1,2019-01-14,2020-04-08,Cancelled,199.0
7822,5822,3,2020-05-12,2021-12-03,Cancelled,649.0
7823,5823,1,2024-09-22,2026-03-16,Cancelled,199.0
7824,5823,1,2026-04-17,,Active,199.0
7825,5824,2,2024-05-28,2024-09-25,Cancelled,499.0
7826,5825,1,2019-09-03,2020-03-31,Cancelled,199.0
7827,5826,2,2022-06-26,2023-05-22,Cancelled,499.0
7828,5827,1,2025-11-07,,Active,199.0
7829,5828,3,2024-12-09,2026-01-03,Cancelled,649.0
7830,5828,1,2026-03-03,,Active,199.0
7831,5829,3,2025-02-15,,Active,649.0
7832,5830,2,2021-12-12,2023-11-02,Cancelled,499.0
7833,5831,3,2019-11-28,2020-02-26,Cancelled,649.0
7834,5831,2,2020-03-26,,Active,499.0
7835,5832,1,2021-08-19,2021-11-17,Cancelled,199.0
7836,5833,2,2024-02-24,,Active,499.0
7837,5834,1,2025-04-21,2025-10-18,Cancelled,199.0
7838,5834,2,2025-10-21,2026-05-19,Cancelled,499.0
7839,5835,1,2023-10-30,2024-07-26,Cancelled,199.0
7840,5836,2,2019-04-16,2021-01-05,Cancelled,499.0
7841,5837,2,2023-06-05,2025-04-25,Cancelled,499.0
7842,5838,3,2020-05-27,,Active,649.0
7843,5839,3,2023-07-28,,Active,649.0
7844,5840,3,2022-02-02,2023-09-25,Cancelled,649.0
7845,5840,1,2023-11-13,2025-03-07,Cancelled,199.0
7846,5841,1,2022-12-30,2024-04-23,Cancelled,199.0
7847,5842,1,2023-06-21,,Active,199.0
7848,5843,3,2023-10-14,2024-02-11,Cancelled,649.0
7849,5844,3,2019-01-14,2019-10-11,Cancelled,649.0
7850,5844,1,2019-10-12,2021-07-03,Cancelled,199.0
7851,5845,1,2026-03-30,,Active,199.0
7852,5846,3,2023-04-24,2023-06-23,Cancelled,649.0
7853,5847,1,2022-10-20,2023-01-18,Cancelled,199.0
7854,5848,1,2021-11-02,2023-01-26,Cancelled,199.0
7855,5848,1,2023-03-12,2023-05-11,Cancelled,199.0
7856,5849,1,2019-10-14,2020-06-10,Cancelled,199.0
7857,5850,2,2023-09-21,2025-01-13,Cancelled,499.0
7858,5850,1,2025-01-26,,Active,199.0
7859,5851,1,2021-09-21,2022-03-20,Cancelled,199.0
7860,5852,2,2025-10-19,,Active,499.0
7861,5853,1,2023-12-07,2025-07-29,Cancelled,199.0
7862,5854,3,2022-04-22,2022-08-20,Cancelled,649.0
7863,5854,2,2022-09-03,,Active,499.0
7864,5855,3,2019-03-28,2019-04-27,Cancelled,649.0
7865,5855,2,2019-05-05,2019-10-02,Cancelled,499.0
7866,5856,2,2023-02-27,2024-10-19,Cancelled,499.0
7867,5857,2,2025-05-03,2026-05-28,Cancelled,499.0
7868,5858,1,2022-06-21,2023-09-14,Cancelled,199.0
7869,5858,2,2023-09-16,2025-01-08,Cancelled,499.0
7870,5859,2,2023-11-16,2024-06-13,Cancelled,499.0
7871,5859,2,2024-06-24,2024-08-23,Cancelled,499.0
7872,5860,2,2019-11-21,2021-01-14,Cancelled,499.0
7873,5860,2,2021-01-24,,Active,499.0
7874,5861,3,2022-01-18,,Active,649.0
7875,5862,3,2024-12-11,2026-02-04,Cancelled,649.0
7876,5863,2,2022-03-05,2023-04-29,Cancelled,499.0
7877,5864,3,2025-08-20,,Active,649.0
7878,5865,2,2022-01-26,2022-12-22,Cancelled,499.0
7879,5866,1,2025-01-30,2025-05-30,Cancelled,199.0
7880,5866,3,2025-07-17,2026-02-12,Cancelled,649.0
7881,5866,1,2026-03-27,2026-06-25,Cancelled,199.0
7882,5867,2,2023-10-29,2024-10-23,Cancelled,499.0
7883,5867,1,2024-11-05,2025-09-01,Cancelled,199.0
7884,5868,2,2026-02-07,,Active,499.0
7885,5869,2,2022-12-30,,Active,499.0
7886,5870,2,2022-07-05,2023-05-01,Cancelled,499.0
7887,5871,2,2021-08-26,2022-11-19,Cancelled,499.0
7888,5872,3,2023-11-22,2024-02-20,Cancelled,649.0
7889,5872,2,2024-03-19,2024-05-18,Cancelled,499.0
7890,5872,1,2024-06-01,2025-09-24,Cancelled,199.0
7891,5873,2,2026-05-07,,Active,499.0
7892,5874,1,2020-04-05,2022-02-24,Cancelled,199.0
7893,5874,3,2022-04-16,2023-07-10,Cancelled,649.0
7894,5875,1,2026-01-07,2026-05-07,Cancelled,199.0
7895,5875,3,2026-06-11,,Active,649.0
7896,5876,2,2026-04-28,,Active,499.0
7897,5877,3,2024-10-06,,Active,649.0
7898,5878,3,2023-05-09,2023-11-05,Cancelled,649.0
7899,5879,3,2025-06-20,2025-12-17,Cancelled,649.0
7900,5879,2,2026-01-20,,Active,499.0
7901,5880,1,2020-12-17,2022-11-07,Cancelled,199.0
7902,5881,2,2023-10-02,2024-09-26,Cancelled,499.0
7903,5882,3,2025-01-14,,Active,649.0
7904,5883,2,2025-01-13,,Active,499.0
7905,5884,2,2023-05-25,2023-10-22,Cancelled,499.0
7906,5884,1,2023-12-07,2024-02-05,Cancelled,199.0
7907,5884,3,2024-04-04,2025-07-28,Cancelled,649.0
7908,5885,1,2021-11-21,2022-06-19,Cancelled,199.0
7909,5885,1,2022-06-25,2023-03-22,Cancelled,199.0
7910,5886,3,2026-02-13,2026-03-15,Cancelled,649.0
7911,5887,3,2024-01-19,2025-10-10,Cancelled,649.0
7912,5887,2,2025-11-17,,Active,499.0
7913,5888,1,2024-10-09,2026-02-01,Cancelled,199.0
7914,5889,2,2023-09-03,2024-10-27,Cancelled,499.0
7915,5889,2,2024-11-14,,Active,499.0
7916,5890,2,2025-07-29,,Active,499.0
7917,5891,1,2022-07-31,,Active,199.0
7918,5892,2,2023-02-05,2023-12-02,Cancelled,499.0
7919,5892,1,2023-12-04,2025-01-27,Cancelled,199.0
7920,5893,1,2025-01-10,2026-03-06,Cancelled,199.0
7921,5894,2,2022-11-17,2023-03-17,Cancelled,499.0
7922,5895,1,2020-11-01,,Active,199.0
7923,5896,2,2024-09-04,2026-03-28,Cancelled,499.0
7924,5896,2,2026-05-04,,Active,499.0
7925,5897,2,2021-10-25,,Active,499.0
7926,5898,2,2019-10-15,2021-05-07,Cancelled,499.0
7927,5898,2,2021-07-02,,Active,499.0
7928,5899,2,2021-10-17,2022-10-12,Cancelled,499.0
7929,5899,1,2022-12-08,2023-12-03,Cancelled,199.0
7930,5899,3,2024-01-03,2025-11-23,Cancelled,649.0
7931,5900,1,2019-05-28,,Active,199.0
7932,5901,3,2025-08-01,2026-05-28,Cancelled,649.0
7933,5902,2,2026-05-17,,Active,499.0
7934,5903,1,2020-12-31,2022-03-26,Cancelled,199.0
7935,5904,2,2025-11-13,,Active,499.0
7936,5905,3,2024-05-01,,Active,649.0
7937,5906,1,2026-03-01,,Active,199.0
7938,5907,3,2020-03-21,,Active,649.0
7939,5908,1,2019-06-20,2020-08-13,Cancelled,199.0
7940,5908,2,2020-10-03,,Active,499.0
7941,5909,3,2025-11-24,,Active,649.0
7942,5910,1,2021-01-07,2021-07-06,Cancelled,199.0
7943,5910,2,2021-08-24,,Active,499.0
7944,5911,1,2023-06-21,2024-07-15,Cancelled,199.0
7945,5911,1,2024-08-06,2024-11-04,Cancelled,199.0
7946,5912,3,2025-10-04,,Active,649.0
7947,5913,1,2021-07-27,2021-11-24,Cancelled,199.0
7948,5913,1,2021-12-08,2022-05-07,Cancelled,199.0
7949,5914,3,2019-09-02,2021-01-24,Cancelled,649.0
7950,5915,1,2024-12-06,2026-01-30,Cancelled,199.0
7951,5916,2,2022-05-21,2022-08-19,Cancelled,499.0
7952,5916,1,2022-10-17,2022-12-16,Cancelled,199.0
7953,5917,1,2019-03-04,,Active,199.0
7954,5918,1,2021-07-23,,Active,199.0
7955,5919,1,2022-12-22,,Active,199.0
7956,5920,2,2025-08-06,,Active,499.0
7957,5921,3,2020-09-11,2021-02-08,Cancelled,649.0
7958,5922,1,2022-11-19,2023-08-16,Cancelled,199.0
7959,5923,2,2020-05-11,,Active,499.0
7960,5924,1,2021-03-06,2021-05-05,Cancelled,199.0
7961,5924,2,2021-07-01,2023-03-23,Cancelled,499.0
7962,5925,1,2020-12-23,2022-01-17,Cancelled,199.0
7963,5925,2,2022-02-16,2023-02-11,Cancelled,499.0
7964,5926,1,2022-12-06,2023-12-31,Cancelled,199.0
7965,5926,3,2024-01-28,2025-06-21,Cancelled,649.0
7966,5926,2,2025-07-26,,Active,499.0
7967,5927,2,2023-12-22,2024-12-16,Cancelled,499.0
7968,5927,2,2024-12-21,2026-04-15,Cancelled,499.0
7969,5927,3,2026-05-30,,Active,649.0
7970,5928,2,2019-11-04,2020-01-03,Cancelled,499.0
7971,5928,3,2020-02-08,,Active,649.0
7972,5929,2,2019-07-27,2020-12-18,Cancelled,499.0
7973,5929,2,2021-01-18,2022-03-14,Cancelled,499.0
7974,5930,3,2024-06-25,2025-02-20,Cancelled,649.0
7975,5931,1,2021-03-15,2021-09-11,Cancelled,199.0
7976,5931,1,2021-09-26,,Active,199.0
7977,5932,2,2023-08-21,2024-07-16,Cancelled,499.0
7978,5932,2,2024-08-20,2024-10-19,Cancelled,499.0
7979,5933,1,2019-07-30,2021-03-21,Cancelled,199.0
7980,5934,1,2023-07-03,2023-10-01,Cancelled,199.0
7981,5934,2,2023-11-12,2025-08-03,Cancelled,499.0
7982,5935,1,2025-10-25,,Active,199.0
7983,5936,2,2022-04-13,2023-10-05,Cancelled,499.0
7984,5937,2,2023-05-02,,Active,499.0
7985,5938,1,2021-03-16,,Active,199.0
7986,5939,2,2021-02-21,2021-07-21,Cancelled,499.0
7987,5940,3,2019-06-29,2020-04-24,Cancelled,649.0
7988,5941,1,2022-08-04,,Active,199.0
7989,5942,3,2026-02-05,,Active,649.0
7990,5943,3,2019-11-14,,Active,649.0
7991,5944,2,2022-02-14,2022-12-11,Cancelled,499.0
7992,5944,3,2023-01-20,2023-05-20,Cancelled,649.0
7993,5945,3,2025-04-10,,Active,649.0
7994,5946,2,2022-09-19,2024-04-11,Cancelled,499.0
7995,5946,3,2024-06-04,2024-07-04,Cancelled,649.0
7996,5947,2,2024-09-13,2026-04-06,Cancelled,499.0
7997,5948,2,2021-10-25,2023-09-15,Cancelled,499.0
7998,5949,1,2023-07-08,2024-07-02,Cancelled,199.0
7999,5950,2,2026-05-28,,Active,499.0
8000,5951,2,2023-06-25,,Active,499.0
8001,5952,2,2024-12-19,2026-05-13,Cancelled,499.0
8002,5952,2,2026-05-18,,Active,499.0
8003,5953,3,2024-03-14,2024-04-13,Cancelled,649.0
8004,5954,1,2019-09-20,2020-11-13,Cancelled,199.0
8005,5955,2,2020-03-15,2021-06-08,Cancelled,499.0
8006,5956,1,2023-07-24,2024-01-20,Cancelled,199.0
8007,5957,2,2021-08-11,2021-10-10,Cancelled,499.0
8008,5957,1,2021-11-27,2023-07-20,Cancelled,199.0
8009,5957,3,2023-08-06,2024-10-29,Cancelled,649.0
8010,5958,1,2022-08-19,2024-01-11,Cancelled,199.0
8011,5959,2,2022-08-16,2022-11-14,Cancelled,499.0
8012,5960,3,2024-12-12,,Active,649.0
8013,5961,1,2026-06-05,,Active,199.0
8014,5962,2,2026-06-23,,Active,499.0
8015,5963,2,2019-08-07,2020-07-02,Cancelled,499.0
8016,5963,2,2020-07-19,2022-05-10,Cancelled,499.0
8017,5964,2,2024-07-30,2024-12-27,Cancelled,499.0
8018,5964,3,2025-02-04,2025-03-06,Cancelled,649.0
8019,5964,1,2025-04-18,,Active,199.0
8020,5965,1,2024-06-08,,Active,199.0
8021,5966,3,2025-06-26,,Active,649.0
8022,5967,2,2022-03-14,2022-05-13,Cancelled,499.0
8023,5968,3,2022-10-08,,Active,649.0
8024,5969,2,2022-05-21,2023-06-15,Cancelled,499.0
8025,5969,3,2023-07-25,2025-04-15,Cancelled,649.0
8026,5970,1,2021-10-19,2022-02-16,Cancelled,199.0
8027,5971,2,2020-11-06,,Active,499.0
8028,5972,2,2023-10-28,2024-09-22,Cancelled,499.0
8029,5973,1,2019-02-15,2020-05-10,Cancelled,199.0
8030,5973,2,2020-06-28,2022-01-19,Cancelled,499.0
8031,5973,1,2022-01-20,2022-02-19,Cancelled,199.0
8032,5974,1,2024-08-13,2025-12-06,Cancelled,199.0
8033,5974,2,2025-12-20,,Active,499.0
8034,5975,3,2025-04-23,,Active,649.0
8035,5976,3,2020-09-14,2021-04-12,Cancelled,649.0
8036,5977,2,2020-08-07,2021-08-02,Cancelled,499.0
8037,5978,2,2022-10-10,,Active,499.0
8038,5979,2,2025-05-06,,Active,499.0
8039,5980,2,2019-11-08,2020-05-06,Cancelled,499.0
8040,5980,2,2020-06-25,,Active,499.0
8041,5981,1,2022-03-28,2023-02-21,Cancelled,199.0
8042,5981,1,2023-04-06,2023-12-02,Cancelled,199.0
8043,5982,3,2020-08-15,2021-11-08,Cancelled,649.0
8044,5982,1,2021-12-07,,Active,199.0
8045,5983,1,2025-05-21,2025-10-18,Cancelled,199.0
8046,5984,3,2025-08-11,,Active,649.0
8047,5985,1,2019-08-19,2021-01-10,Cancelled,199.0
8048,5986,1,2020-02-01,2020-08-29,Cancelled,199.0
8049,5987,1,2020-03-06,2020-12-01,Cancelled,199.0
8050,5988,2,2025-01-30,2026-06-24,Cancelled,499.0
8051,5989,3,2025-10-01,,Active,649.0
8052,5990,3,2021-10-17,,Active,649.0
8053,5991,3,2020-03-07,2021-12-27,Cancelled,649.0
8054,5991,1,2022-01-04,2023-10-26,Cancelled,199.0
8055,5992,2,2023-12-22,2024-04-20,Cancelled,499.0
8056,5992,2,2024-04-24,,Active,499.0
8057,5993,2,2025-09-04,,Active,499.0
8058,5994,2,2025-10-28,,Active,499.0
8059,5995,2,2022-05-03,2024-02-22,Cancelled,499.0
8060,5996,2,2024-11-08,2026-03-03,Cancelled,499.0
8061,5997,1,2026-03-02,,Active,199.0
8062,5998,2,2025-03-11,,Active,499.0
8063,5999,1,2022-07-23,,Active,199.0
8064,6000,3,2020-12-16,2021-08-13,Cancelled,649.0
8065,6000,3,2021-09-07,2021-11-06,Cancelled,649.0
